dataset,width,deep_ln,activation,lr,steps,nominal_delta,contrast,mean,std,comparator_mean,comparator_std,ratio
univariate_regression/sym_0364f2,24,False,gelu,0.0001,256,0.0256,depth4/shallow0,1.9905140399932861,0.0030765533447265625,1.902513451046414,0.037046690705490354,1.046254910260146
univariate_regression/sym_0364f2,24,False,gelu,0.0001,256,0.0256,depth4/shallowLN,1.9905140399932861,0.0030765533447265625,1.5823707580566406,0.13769832993210981,1.257931511852443
univariate_regression/sym_0364f2,24,False,gelu,0.0001,256,0.0256,LN-toggle-at-depth4,1.9905140399932861,0.0030765533447265625,0.24800435155630113,0.0693225519934199,8.026125459098672
univariate_regression/sym_0364f2,24,False,gelu,0.0001,1024,0.1024,depth4/shallow0,0.8492236495018005,0.11772931012558278,1.2571179866790771,0.14624743169358817,0.6755321763752588
univariate_regression/sym_0364f2,24,False,gelu,0.0001,1024,0.1024,depth4/shallowLN,0.8492236495018005,0.11772931012558278,0.6212597131729126,0.07180862599148122,1.3669382248603004
univariate_regression/sym_0364f2,24,False,gelu,0.0001,1024,0.1024,LN-toggle-at-depth4,0.8492236495018005,0.11772931012558278,0.0013773134473012761,0.0013712885195918047,616.5797997295235
univariate_regression/sym_0364f2,24,False,gelu,0.0001,2048,0.2048,depth4/shallow0,0.30583278834819794,0.13320952943859435,0.7417321860790252,0.016869536497852278,0.41232239086846645
univariate_regression/sym_0364f2,24,False,gelu,0.0001,2048,0.2048,depth4/shallowLN,0.30583278834819794,0.13320952943859435,0.4721048206090927,0.11254338605851062,0.6478069593816548
univariate_regression/sym_0364f2,24,False,gelu,0.0001,2048,0.2048,LN-toggle-at-depth4,0.30583278834819794,0.13320952943859435,0.0002045442997768987,9.333166600815588e-05,1495.1909619665616
univariate_regression/sym_0364f2,24,False,gelu,0.000125,2048,0.256,depth4/shallow0,0.1363303456455469,0.08754774456082927,0.7281699299812316,0.01037505871294998,0.1872232565948731
univariate_regression/sym_0364f2,24,False,gelu,0.000125,2048,0.256,depth4/shallowLN,0.1363303456455469,0.08754774456082927,0.38534061461687086,0.13654703926895082,0.35379178958619467
univariate_regression/sym_0364f2,24,False,gelu,0.000125,2048,0.256,LN-toggle-at-depth4,0.1363303456455469,0.08754774456082927,0.000234879000345245,0.00010174907107905691,580.4279882201348
univariate_regression/sym_0364f2,24,False,gelu,0.00025,1024,0.256,depth4/shallow0,0.14516024030745028,0.09622360824769745,0.7313637733459473,0.01173881057193243,0.1984788495106211
univariate_regression/sym_0364f2,24,False,gelu,0.00025,1024,0.256,depth4/shallowLN,0.14516024030745028,0.09622360824769745,0.3931710824370384,0.13716191324980004,0.3692037557993496
univariate_regression/sym_0364f2,24,False,gelu,0.00025,1024,0.256,LN-toggle-at-depth4,0.14516024030745028,0.09622360824769745,0.0005948091740719974,0.0004736611608559151,244.04505955027463
univariate_regression/sym_0364f2,24,False,gelu,0.0003,256,0.0768,depth4/shallow0,1.4859212398529054,0.1338526890925276,1.511891531944275,0.11259774637887773,0.9828226486208491
univariate_regression/sym_0364f2,24,False,gelu,0.0003,256,0.0768,depth4/shallowLN,1.4859212398529054,0.1338526890925276,0.7263053178787231,0.12240746314747358,2.045863087155616
univariate_regression/sym_0364f2,24,False,gelu,0.0003,256,0.0768,LN-toggle-at-depth4,1.4859212398529054,0.1338526890925276,0.015692966291680932,0.013016888060313125,94.68708542632973
univariate_regression/sym_0364f2,24,False,gelu,0.0003,1024,0.3072,depth4/shallow0,0.06294339392334222,0.03653842895725254,0.7273225784301758,0.014716074302462238,0.08654123464611363
univariate_regression/sym_0364f2,24,False,gelu,0.0003,1024,0.3072,depth4/shallowLN,0.06294339392334222,0.03653842895725254,0.3063782326877117,0.13834674179311995,0.2054434264835642
univariate_regression/sym_0364f2,24,False,gelu,0.0003,1024,0.3072,LN-toggle-at-depth4,0.06294339392334222,0.03653842895725254,0.0003282188750745263,0.00025317113040611777,191.77262096535463
univariate_regression/sym_0364f2,24,False,gelu,0.0003,2048,0.6144,depth4/shallow0,0.0010713950905483216,0.0005045442688824328,0.6771434962749481,0.0544317122965369,0.0015822275432640222
univariate_regression/sym_0364f2,24,False,gelu,0.0003,2048,0.6144,depth4/shallowLN,0.0010713950905483216,0.0005045442688824328,0.03919340295251459,0.05951889867053324,0.027336107860968028
univariate_regression/sym_0364f2,24,False,gelu,0.0003,2048,0.6144,LN-toggle-at-depth4,0.0010713950905483216,0.0005045442688824328,0.0004005558999779169,0.0003437347757031458,2.674770464265759
univariate_regression/sym_0364f2,24,False,gelu,0.0005,2048,1.024,depth4/shallow0,0.0003636051944340579,0.0002119091744528653,0.4997445911169052,0.19326248199068508,0.000727582050705977
univariate_regression/sym_0364f2,24,False,gelu,0.0005,2048,1.024,depth4/shallowLN,0.0003636051944340579,0.0002119091744528653,0.001275661212275736,0.0018145866306996795,0.2850327272908131
univariate_regression/sym_0364f2,24,False,gelu,0.0005,2048,1.024,LN-toggle-at-depth4,0.0003636051944340579,0.0002119091744528653,0.0006236275017727167,0.0007298529576484012,0.5830486843516006
univariate_regression/sym_0364f2,24,False,gelu,0.001,256,0.256,depth4/shallow0,0.1920808471739292,0.1283521508539957,0.7356146335601806,0.013913923256033401,0.2611161312062385
univariate_regression/sym_0364f2,24,False,gelu,0.001,256,0.256,depth4/shallowLN,0.1920808471739292,0.1283521508539957,0.43023834377527237,0.13340115713354242,0.4464521815709186
univariate_regression/sym_0364f2,24,False,gelu,0.001,256,0.256,LN-toggle-at-depth4,0.1920808471739292,0.1283521508539957,0.002734509261790663,0.00173064981835543,70.24326077730935
univariate_regression/sym_0364f2,24,False,gelu,0.001,1024,1.024,depth4/shallow0,0.0006389194109942764,0.0002800108684314981,0.5148600354790688,0.1815623956258182,0.0012409574776954138
univariate_regression/sym_0364f2,24,False,gelu,0.001,1024,1.024,depth4/shallowLN,0.0006389194109942764,0.0002800108684314981,0.003367215913021937,0.00523733334894232,0.1897470870588969
univariate_regression/sym_0364f2,24,False,gelu,0.001,1024,1.024,LN-toggle-at-depth4,0.0006389194109942764,0.0002800108684314981,0.0010097294994920957,0.0005680810365388485,0.6327629442495831
univariate_regression/sym_0364f2,24,False,gelu,0.001,2048,2.048,depth4/shallow0,0.00034469880411052144,0.00021063764384227846,0.0605444910004735,0.13767688378325732,0.005693314097030325
univariate_regression/sym_0364f2,24,False,gelu,0.001,2048,2.048,depth4/shallowLN,0.00034469880411052144,0.00021063764384227846,0.0002731042193772737,0.00020098965836765428,1.2621511483656171
univariate_regression/sym_0364f2,24,False,gelu,0.001,2048,2.048,LN-toggle-at-depth4,0.00034469880411052144,0.00021063764384227846,0.0009327524687250844,0.0006146509741287446,0.3695501386146602
univariate_regression/sym_0364f2,24,False,gelu,0.003,256,0.768,depth4/shallow0,0.004193496576044708,0.0028365476012787035,0.6678503632545472,0.06863943958072434,0.0062790960472179635
univariate_regression/sym_0364f2,24,False,gelu,0.003,256,0.768,depth4/shallowLN,0.004193496576044708,0.0028365476012787035,0.050166632514446974,0.06868183262684224,0.08359135078155916
univariate_regression/sym_0364f2,24,False,gelu,0.003,256,0.768,LN-toggle-at-depth4,0.004193496576044708,0.0028365476012787035,0.006425058783497662,0.008736457941054564,0.652678320518316
univariate_regression/sym_0364f2,24,False,gelu,0.003,1024,3.072,depth4/shallow0,0.0009338318632217124,0.00041510923947291533,0.002670480660162866,0.0025466676888814942,0.3496868100009982
univariate_regression/sym_0364f2,24,False,gelu,0.003,1024,3.072,depth4/shallowLN,0.0009338318632217124,0.00041510923947291533,0.0006034843245288357,0.0004731127352006446,1.5474003636313043
univariate_regression/sym_0364f2,24,False,gelu,0.003,1024,3.072,LN-toggle-at-depth4,0.0009338318632217124,0.00041510923947291533,0.0035134121135342866,0.0035922303997695687,0.2657905856316788
univariate_regression/sym_0364f2,24,False,gelu,0.003,2048,6.144,depth4/shallow0,0.000931330221646931,0.000596609358976525,0.00048137949597730766,0.00036187036370948704,1.934711032417621
univariate_regression/sym_0364f2,24,False,gelu,0.003,2048,6.144,depth4/shallowLN,0.000931330221646931,0.000596609358976525,0.0005570937355514616,0.0005639064394108212,1.6717657410471802
univariate_regression/sym_0364f2,24,False,gelu,0.003,2048,6.144,LN-toggle-at-depth4,0.000931330221646931,0.000596609358976525,0.00264831543317996,0.0020321981782581984,0.3516689175234077
univariate_regression/sym_0364f2,24,False,gelu,0.004,256,1.024,depth4/shallow0,0.005596110341139137,0.002777326500235702,0.5861093401908875,0.13206240026010233,0.009547894833609995
univariate_regression/sym_0364f2,24,False,gelu,0.004,256,1.024,depth4/shallowLN,0.005596110341139137,0.002777326500235702,0.021683082217350602,0.031375946774527534,0.25808647889833586
univariate_regression/sym_0364f2,24,False,gelu,0.004,256,1.024,LN-toggle-at-depth4,0.005596110341139137,0.002777326500235702,0.006091124285012484,0.0031755117823887495,0.9187319252225155
univariate_regression/sym_0364f2,24,False,relu,0.0001,256,0.0256,depth4/shallow0,1.9862661361694336,0.00510376589109206,1.8982158766852484,0.04545199135334021,1.0463857986679275
univariate_regression/sym_0364f2,24,False,relu,0.0001,256,0.0256,depth4/shallowLN,1.9862661361694336,0.00510376589109206,1.6120747208595276,0.19915682686108355,1.232117910211007
univariate_regression/sym_0364f2,24,False,relu,0.0001,256,0.0256,LN-toggle-at-depth4,1.9862661361694336,0.00510376589109206,0.4823386758565903,0.10269618471723124,4.117990606169001
univariate_regression/sym_0364f2,24,False,relu,0.0001,1024,0.1024,depth4/shallow0,1.125795954465866,0.23333353532406073,1.3523402690887452,0.1717089838073665,0.8324797983161939
univariate_regression/sym_0364f2,24,False,relu,0.0001,1024,0.1024,depth4/shallowLN,1.125795954465866,0.23333353532406073,0.6163546621799469,0.18660214590780633,1.8265392046911877
univariate_regression/sym_0364f2,24,False,relu,0.0001,1024,0.1024,LN-toggle-at-depth4,1.125795954465866,0.23333353532406073,0.0005528253939701244,0.000665490157022026,2036.4403783642144
univariate_regression/sym_0364f2,24,False,relu,0.0001,2048,0.2048,depth4/shallow0,0.2595238521695137,0.01474849671702388,0.6446827232837677,0.1126783135872713,0.4025605818123964
univariate_regression/sym_0364f2,24,False,relu,0.0001,2048,0.2048,depth4/shallowLN,0.2595238521695137,0.01474849671702388,0.3086852267384529,0.1164222941841743,0.840739464313291
univariate_regression/sym_0364f2,24,False,relu,0.0001,2048,0.2048,LN-toggle-at-depth4,0.2595238521695137,0.01474849671702388,0.0001635087535760249,0.0001658772814659177,1587.2168706175455
univariate_regression/sym_0364f2,24,False,relu,0.000125,2048,0.256,depth4/shallow0,0.21685639917850494,0.018161153306820894,0.5175246715545654,0.044452381951637865,0.41902620512197286
univariate_regression/sym_0364f2,24,False,relu,0.000125,2048,0.256,depth4/shallowLN,0.21685639917850494,0.018161153306820894,0.24659226536750795,0.12146523765492317,0.8794128187894042
univariate_regression/sym_0364f2,24,False,relu,0.000125,2048,0.256,LN-toggle-at-depth4,0.21685639917850494,0.018161153306820894,0.0001053958560078172,7.518830647415916e-05,2057.541988770609
univariate_regression/sym_0364f2,24,False,relu,0.00025,1024,0.256,depth4/shallow0,0.2228695794939995,0.014018714547578054,0.5231740951538086,0.04391752146055292,0.42599505892675704
univariate_regression/sym_0364f2,24,False,relu,0.00025,1024,0.256,depth4/shallowLN,0.2228695794939995,0.014018714547578054,0.25833325907588006,0.12451229075825586,0.8627212008676597
univariate_regression/sym_0364f2,24,False,relu,0.00025,1024,0.256,LN-toggle-at-depth4,0.2228695794939995,0.014018714547578054,0.0005568118140217848,0.0004915778894953676,400.2601487282378
univariate_regression/sym_0364f2,24,False,relu,0.0003,256,0.0768,depth4/shallow0,1.5888604044914245,0.1652962919852735,1.5719277024269105,0.12522934972490965,1.0107719343824602
univariate_regression/sym_0364f2,24,False,relu,0.0003,256,0.0768,depth4/shallowLN,1.5888604044914245,0.1652962919852735,0.8744436949491501,0.2759553760372648,1.8169956666950622
univariate_regression/sym_0364f2,24,False,relu,0.0003,256,0.0768,LN-toggle-at-depth4,1.5888604044914245,0.1652962919852735,0.018149190559051932,0.018355742898321935,87.54442239844015
univariate_regression/sym_0364f2,24,False,relu,0.0003,1024,0.3072,depth4/shallow0,0.18240409344434738,0.024337693899167182,0.47202968299388887,0.04864729196376392,0.3864250491355411
univariate_regression/sym_0364f2,24,False,relu,0.0003,1024,0.3072,depth4/shallowLN,0.18240409344434738,0.024337693899167182,0.1987416347488761,0.11921742077522034,0.9177950743679233
univariate_regression/sym_0364f2,24,False,relu,0.0003,1024,0.3072,LN-toggle-at-depth4,0.18240409344434738,0.024337693899167182,0.000942049266086542,0.0014395042265505165,193.624792259634
univariate_regression/sym_0364f2,24,False,relu,0.0003,2048,0.6144,depth4/shallow0,0.0038562807649213937,0.005326923149915196,0.28487624526023864,0.0667190441741067,0.013536687698894039
univariate_regression/sym_0364f2,24,False,relu,0.0003,2048,0.6144,depth4/shallowLN,0.0038562807649213937,0.005326923149915196,0.023160357240703887,0.039642739211478005,0.16650350963257396
univariate_regression/sym_0364f2,24,False,relu,0.0003,2048,0.6144,LN-toggle-at-depth4,0.0038562807649213937,0.005326923149915196,0.00039964113420865033,0.0002768373193351913,9.64935897441441
univariate_regression/sym_0364f2,24,False,relu,0.0005,2048,1.024,depth4/shallow0,7.08819534338545e-05,3.7049319834794456e-05,0.09005323303863406,0.05921173426823366,0.0007871117009585339
univariate_regression/sym_0364f2,24,False,relu,0.0005,2048,1.024,depth4/shallowLN,7.08819534338545e-05,3.7049319834794456e-05,0.0005546390006202273,0.0008104766372934945,0.12779835776891
univariate_regression/sym_0364f2,24,False,relu,0.0005,2048,1.024,LN-toggle-at-depth4,7.08819534338545e-05,3.7049319834794456e-05,0.0006019731445121579,0.0005079407238539431,0.11774936154551811
univariate_regression/sym_0364f2,24,False,relu,0.001,256,0.256,depth4/shallow0,0.2527935341000557,0.013817961274894972,0.5272928774356842,0.03952244378975249,0.47941769160515507
univariate_regression/sym_0364f2,24,False,relu,0.001,256,0.256,depth4/shallowLN,0.2527935341000557,0.013817961274894972,0.3213388606905937,0.11852951723534792,0.7866883375287186
univariate_regression/sym_0364f2,24,False,relu,0.001,256,0.256,LN-toggle-at-depth4,0.2527935341000557,0.013817961274894972,0.0027071862357843203,0.0017676588752715825,93.37870101382842
univariate_regression/sym_0364f2,24,False,relu,0.001,1024,1.024,depth4/shallow0,0.00029185573512222616,0.00015117692782682144,0.14296595938503742,0.08111259844774198,0.0020414351526589435
univariate_regression/sym_0364f2,24,False,relu,0.001,1024,1.024,depth4/shallowLN,0.00029185573512222616,0.00015117692782682144,0.003585859235317912,0.0071422506216740015,0.08139073956045881
univariate_regression/sym_0364f2,24,False,relu,0.001,1024,1.024,LN-toggle-at-depth4,0.00029185573512222616,0.00015117692782682144,0.0009735720814205706,0.000758278137011794,0.2997782503133923
univariate_regression/sym_0364f2,24,False,relu,0.001,2048,2.048,depth4/shallow0,0.00024138554326782468,0.0001629922470017416,0.004873039390076883,0.006756066362557611,0.049534905003921235
univariate_regression/sym_0364f2,24,False,relu,0.001,2048,2.048,depth4/shallowLN,0.00024138554326782468,0.0001629922470017416,0.0003934891108656302,0.0003272575440290228,0.6134491059658668
univariate_regression/sym_0364f2,24,False,relu,0.001,2048,2.048,LN-toggle-at-depth4,0.00024138554326782468,0.0001629922470017416,0.0009029534849105403,0.0003759206927466261,0.2673288793959745
univariate_regression/sym_0364f2,24,False,relu,0.003,256,0.768,depth4/shallow0,0.07576575764687732,0.03883227674578652,0.33311759382486344,0.0531804731254768,0.227444479221086
univariate_regression/sym_0364f2,24,False,relu,0.003,256,0.768,depth4/shallowLN,0.07576575764687732,0.03883227674578652,0.08507770760916174,0.08473989832389817,0.8905477095708483
univariate_regression/sym_0364f2,24,False,relu,0.003,256,0.768,LN-toggle-at-depth4,0.07576575764687732,0.03883227674578652,0.004504920414183289,0.003303715354226873,16.818445317776636
univariate_regression/sym_0364f2,24,False,relu,0.003,1024,3.072,depth4/shallow0,0.0010996022690960671,0.001120036099141484,0.003157387883402407,0.006400938821052708,0.348263282720631
univariate_regression/sym_0364f2,24,False,relu,0.003,1024,3.072,depth4/shallowLN,0.0010996022690960671,0.001120036099141484,0.0016553178371395915,0.0010764756072234364,0.6642846735683056
univariate_regression/sym_0364f2,24,False,relu,0.003,1024,3.072,LN-toggle-at-depth4,0.0010996022690960671,0.001120036099141484,0.003881755913607776,0.00249724224954278,0.2832744493906306
univariate_regression/sym_0364f2,24,False,relu,0.003,2048,6.144,depth4/shallow0,0.0006280104018514976,0.00028787755600719696,0.00047794278361834586,0.00036488467958069673,1.3139865761693057
univariate_regression/sym_0364f2,24,False,relu,0.003,2048,6.144,depth4/shallowLN,0.0006280104018514976,0.00028787755600719696,0.0007918153307400644,0.0003775234952371539,0.793127358704374
univariate_regression/sym_0364f2,24,False,relu,0.003,2048,6.144,LN-toggle-at-depth4,0.0006280104018514976,0.00028787755600719696,0.0019524767994880676,0.0017142608764256866,0.3216480738803963
univariate_regression/sym_0364f2,24,False,relu,0.004,256,1.024,depth4/shallow0,0.04142672463785857,0.03721760564632604,0.26381905674934386,0.054191543255462236,0.15702703644042804
univariate_regression/sym_0364f2,24,False,relu,0.004,256,1.024,depth4/shallowLN,0.04142672463785857,0.03721760564632604,0.04433191388379783,0.05333709314072668,0.9344673173020615
univariate_regression/sym_0364f2,24,False,relu,0.004,256,1.024,LN-toggle-at-depth4,0.04142672463785857,0.03721760564632604,0.010549673647619783,0.00690459893562728,3.9268252290633905
univariate_regression/sym_0364f2,24,False,silu,0.0001,256,0.0256,depth4/shallow0,1.9999912977218628,0,1.9202746550242107,0.038176236284632535,1.0415131463038796
univariate_regression/sym_0364f2,24,False,silu,0.0001,256,0.0256,depth4/shallowLN,1.9999912977218628,0,1.6481571793556213,0.11578448024367913,1.2134712166856547
univariate_regression/sym_0364f2,24,False,silu,0.0001,256,0.0256,LN-toggle-at-depth4,1.9999912977218628,0,0.24756748229265213,0.05105225442232593,8.078570251636085
univariate_regression/sym_0364f2,24,False,silu,0.0001,1024,0.1024,depth4/shallow0,1.0586279094219209,0.1330768933221074,1.3777249455451965,0.11803213635967924,0.7683884311196806
univariate_regression/sym_0364f2,24,False,silu,0.0001,1024,0.1024,depth4/shallowLN,1.0586279094219209,0.1330768933221074,0.6831500947475433,0.0602309377554992,1.5496271135161515
univariate_regression/sym_0364f2,24,False,silu,0.0001,1024,0.1024,LN-toggle-at-depth4,1.0586279094219209,0.1330768933221074,0.014470735145732761,0.014221972563481164,73.15647054283188
univariate_regression/sym_0364f2,24,False,silu,0.0001,2048,0.2048,depth4/shallow0,0.631211394071579,0.09260538149604493,0.7729613363742829,0.0325132936769368,0.8166144467618419
univariate_regression/sym_0364f2,24,False,silu,0.0001,2048,0.2048,depth4/shallowLN,0.631211394071579,0.09260538149604493,0.6083304524421692,0.05517077019925141,1.0376126849108955
univariate_regression/sym_0364f2,24,False,silu,0.0001,2048,0.2048,LN-toggle-at-depth4,0.631211394071579,0.09260538149604493,0.0009515165147604421,0.0005877340065847481,663.3740815633615
univariate_regression/sym_0364f2,24,False,silu,0.000125,2048,0.256,depth4/shallow0,0.46976595669984816,0.16627364256334679,0.7482492923736572,0.006776393174407872,0.6278201148839292
univariate_regression/sym_0364f2,24,False,silu,0.000125,2048,0.256,depth4/shallowLN,0.46976595669984816,0.16627364256334679,0.5796345502138138,0.07573986142443634,0.810451958956833
univariate_regression/sym_0364f2,24,False,silu,0.000125,2048,0.256,LN-toggle-at-depth4,0.46976595669984816,0.16627364256334679,0.0006655869394307957,0.0003076235996916728,705.7920293652217
univariate_regression/sym_0364f2,24,False,silu,0.00025,1024,0.256,depth4/shallow0,0.4594470143318176,0.17454552350019284,0.7510390877723694,0.005959659359021027,0.6117484719664422
univariate_regression/sym_0364f2,24,False,silu,0.00025,1024,0.256,depth4/shallowLN,0.4594470143318176,0.17454552350019284,0.5854904651641846,0.07504813965223363,0.7847215995276344
univariate_regression/sym_0364f2,24,False,silu,0.00025,1024,0.256,LN-toggle-at-depth4,0.4594470143318176,0.17454552350019284,0.0009833054442424326,0.0003609764695386612,467.24750383721215
univariate_regression/sym_0364f2,24,False,silu,0.0003,256,0.0768,depth4/shallow0,1.6495337963104248,0.10689672022003487,1.5965606689453125,0.0911646871032606,1.033179526713574
univariate_regression/sym_0364f2,24,False,silu,0.0003,256,0.0768,depth4/shallowLN,1.6495337963104248,0.10689672022003487,0.8164868116378784,0.12544873800358883,2.020282229668166
univariate_regression/sym_0364f2,24,False,silu,0.0003,256,0.0768,LN-toggle-at-depth4,1.6495337963104248,0.10689672022003487,0.0626731589436531,0.022839582301670252,26.3196210963844
univariate_regression/sym_0364f2,24,False,silu,0.0003,1024,0.3072,depth4/shallow0,0.2529616206884384,0.1636871269033293,0.7488677561283111,0.0066606007081205535,0.33779211164901046
univariate_regression/sym_0364f2,24,False,silu,0.0003,1024,0.3072,depth4/shallowLN,0.2529616206884384,0.1636871269033293,0.5507486253976822,0.10127085728579269,0.45930504230633523
univariate_regression/sym_0364f2,24,False,silu,0.0003,1024,0.3072,LN-toggle-at-depth4,0.2529616206884384,0.1636871269033293,0.0010348420415539294,0.0005940033740798081,244.44466936092843
univariate_regression/sym_0364f2,24,False,silu,0.0003,2048,0.6144,depth4/shallow0,0.004161964310333133,0.0035901674873662507,0.740398895740509,0.009314039306804101,0.0056212459719710275
univariate_regression/sym_0364f2,24,False,silu,0.0003,2048,0.6144,depth4/shallowLN,0.004161964310333133,0.0035901674873662507,0.21668136306107044,0.12015148389145615,0.019207763194475137
univariate_regression/sym_0364f2,24,False,silu,0.0003,2048,0.6144,LN-toggle-at-depth4,0.004161964310333133,0.0035901674873662507,0.0005368726124288514,0.0003208091079012565,7.7522380802851885
univariate_regression/sym_0364f2,24,False,silu,0.0005,2048,1.024,depth4/shallow0,0.0009174643186270259,0.0008682247080679165,0.7297612428665161,0.019557287842601172,0.0012572116258506804
univariate_regression/sym_0364f2,24,False,silu,0.0005,2048,1.024,depth4/shallowLN,0.0009174643186270259,0.0008682247080679165,0.05333540786523372,0.09203179641954291,0.017201786868214202
univariate_regression/sym_0364f2,24,False,silu,0.0005,2048,1.024,LN-toggle-at-depth4,0.0009174643186270259,0.0008682247080679165,0.0007776139682391658,0.0007821799309025992,1.1798454710176287
univariate_regression/sym_0364f2,24,False,silu,0.001,256,0.256,depth4/shallow0,0.5119124710559845,0.14989089056708782,0.7535609066486358,0.010277007558278784,0.6793246127013789
univariate_regression/sym_0364f2,24,False,silu,0.001,256,0.256,depth4/shallowLN,0.5119124710559845,0.14989089056708782,0.6018236458301545,0.07011941567538967,0.8506021234008733
univariate_regression/sym_0364f2,24,False,silu,0.001,256,0.256,LN-toggle-at-depth4,0.5119124710559845,0.14989089056708782,0.004965597274713218,0.0038152539762464537,103.09182213846559
univariate_regression/sym_0364f2,24,False,silu,0.001,1024,1.024,depth4/shallow0,0.0013738042674958707,0.001158197338734181,0.7315403878688812,0.017302281217698993,0.0018779609304935693
univariate_regression/sym_0364f2,24,False,silu,0.001,1024,1.024,depth4/shallowLN,0.0013738042674958707,0.001158197338734181,0.05961129502393305,0.09889294035974039,0.02304603962964248
univariate_regression/sym_0364f2,24,False,silu,0.001,1024,1.024,LN-toggle-at-depth4,0.0013738042674958707,0.001158197338734181,0.0014929003737051971,0.001364775296676944,0.9202250141355753
univariate_regression/sym_0364f2,24,False,silu,0.001,2048,2.048,depth4/shallow0,0.00047973320542951117,0.0004033223315042577,0.5569283336400985,0.19536207829406788,0.0008613912714656876
univariate_regression/sym_0364f2,24,False,silu,0.001,2048,2.048,depth4/shallowLN,0.00047973320542951117,0.0004033223315042577,0.0005984697439998854,0.0008562033425272133,0.8015997637962514
univariate_regression/sym_0364f2,24,False,silu,0.001,2048,2.048,LN-toggle-at-depth4,0.00047973320542951117,0.0004033223315042577,0.00085209902463248,0.0007265053077339249,0.5630017070333175
univariate_regression/sym_0364f2,24,False,silu,0.003,256,0.768,depth4/shallow0,0.011701002856716514,0.006245437596297679,0.7460798621177673,0.018706866740256223,0.01568331146682194
univariate_regression/sym_0364f2,24,False,silu,0.003,256,0.768,depth4/shallowLN,0.011701002856716514,0.006245437596297679,0.27208209335803984,0.13288661611416214,0.043005413227686626
univariate_regression/sym_0364f2,24,False,silu,0.003,256,0.768,LN-toggle-at-depth4,0.011701002856716514,0.006245437596297679,0.006677863223012536,0.004390226036291702,1.7522076247973712
univariate_regression/sym_0364f2,24,False,silu,0.003,1024,3.072,depth4/shallow0,0.0011753718426916748,0.0005431034988910514,0.11542975706979633,0.15904423097898912,0.01018257226324204
univariate_regression/sym_0364f2,24,False,silu,0.003,1024,3.072,depth4/shallowLN,0.0011753718426916748,0.0005431034988910514,0.0006575361039722338,0.0005000865385629365,1.78753962800088
univariate_regression/sym_0364f2,24,False,silu,0.003,1024,3.072,LN-toggle-at-depth4,0.0011753718426916748,0.0005431034988910514,0.004244145168922841,0.00545786944697746,0.2769395946439746
univariate_regression/sym_0364f2,24,False,silu,0.003,2048,6.144,depth4/shallow0,0.0010841518029337748,0.0011306911005977056,0.0005605744911008515,0.0004173358770085751,1.9340013149808628
univariate_regression/sym_0364f2,24,False,silu,0.003,2048,6.144,depth4/shallowLN,0.0010841518029337748,0.0011306911005977056,0.00033215918410860467,0.0003259940114335293,3.2639525107314036
univariate_regression/sym_0364f2,24,False,silu,0.003,2048,6.144,LN-toggle-at-depth4,0.0010841518029337748,0.0011306911005977056,0.00166981287766248,0.0012375943659734933,0.6492654461088154
univariate_regression/sym_0364f2,24,False,silu,0.004,256,1.024,depth4/shallow0,0.007093510427512229,0.004261055284427584,0.7401770412921905,0.024608746721835426,0.009583532090009816
univariate_regression/sym_0364f2,24,False,silu,0.004,256,1.024,depth4/shallowLN,0.007093510427512229,0.004261055284427584,0.17229397371411323,0.14324530451569087,0.041170972348008324
univariate_regression/sym_0364f2,24,False,silu,0.004,256,1.024,LN-toggle-at-depth4,0.007093510427512229,0.004261055284427584,0.007964964467100799,0.0037969905991604566,0.8905890863433099
univariate_regression/sym_0364f2,24,True,gelu,0.0001,256,0.0256,depth4/shallow0,0.24800435155630113,0.0693225519934199,1.902513451046414,0.037046690705490354,0.13035616196032393
univariate_regression/sym_0364f2,24,True,gelu,0.0001,256,0.0256,depth4/shallowLN,0.24800435155630113,0.0693225519934199,1.5823707580566406,0.13769832993210981,0.1567296098550779
univariate_regression/sym_0364f2,24,True,gelu,0.0001,256,0.0256,LN-toggle-at-depth4,0.24800435155630113,0.0693225519934199,1.9905140399932861,0.0030765533447265625,0.12459311844750295
univariate_regression/sym_0364f2,24,True,gelu,0.0001,1024,0.1024,depth4/shallow0,0.0013773134473012761,0.0013712885195918047,1.2571179866790771,0.14624743169358817,0.001095611917016412
univariate_regression/sym_0364f2,24,True,gelu,0.0001,1024,0.1024,depth4/shallowLN,0.0013773134473012761,0.0013712885195918047,0.6212597131729126,0.07180862599148122,0.0022169688748478918
univariate_regression/sym_0364f2,24,True,gelu,0.0001,1024,0.1024,LN-toggle-at-depth4,0.0013773134473012761,0.0013712885195918047,0.8492236495018005,0.11772931012558278,0.0016218500840258995
univariate_regression/sym_0364f2,24,True,gelu,0.0001,2048,0.2048,depth4/shallow0,0.0002045442997768987,9.333166600815588e-05,0.7417321860790252,0.016869536497852278,0.0002757657057571805
univariate_regression/sym_0364f2,24,True,gelu,0.0001,2048,0.2048,depth4/shallowLN,0.0002045442997768987,9.333166600815588e-05,0.4721048206090927,0.11254338605851062,0.00043326034992187325
univariate_regression/sym_0364f2,24,True,gelu,0.0001,2048,0.2048,LN-toggle-at-depth4,0.0002045442997768987,9.333166600815588e-05,0.30583278834819794,0.13320952943859435,0.000668810891342429
univariate_regression/sym_0364f2,24,True,gelu,0.000125,2048,0.256,depth4/shallow0,0.000234879000345245,0.00010174907107905691,0.7281699299812316,0.01037505871294998,0.0003225606972692472
univariate_regression/sym_0364f2,24,True,gelu,0.000125,2048,0.256,depth4/shallowLN,0.000234879000345245,0.00010174907107905691,0.38534061461687086,0.13654703926895082,0.000609536060917887
univariate_regression/sym_0364f2,24,True,gelu,0.000125,2048,0.256,LN-toggle-at-depth4,0.000234879000345245,0.00010174907107905691,0.1363303456455469,0.08754774456082927,0.0017228666092868304
univariate_regression/sym_0364f2,24,True,gelu,0.00025,1024,0.256,depth4/shallow0,0.0005948091740719974,0.0004736611608559151,0.7313637733459473,0.01173881057193243,0.0008132877177533413
univariate_regression/sym_0364f2,24,True,gelu,0.00025,1024,0.256,depth4/shallowLN,0.0005948091740719974,0.0004736611608559151,0.3931710824370384,0.13716191324980004,0.0015128507681315777
univariate_regression/sym_0364f2,24,True,gelu,0.00025,1024,0.256,LN-toggle-at-depth4,0.0005948091740719974,0.0004736611608559151,0.14516024030745028,0.09622360824769745,0.0040976039500360975
univariate_regression/sym_0364f2,24,True,gelu,0.0003,256,0.0768,depth4/shallow0,0.015692966291680932,0.013016888060313125,1.511891531944275,0.11259774637887773,0.010379690579720331
univariate_regression/sym_0364f2,24,True,gelu,0.0003,256,0.0768,depth4/shallowLN,0.015692966291680932,0.013016888060313125,0.7263053178787231,0.12240746314747358,0.021606569448664438
univariate_regression/sym_0364f2,24,True,gelu,0.0003,256,0.0768,LN-toggle-at-depth4,0.015692966291680932,0.013016888060313125,1.4859212398529054,0.1338526890925276,0.01056110234566296
univariate_regression/sym_0364f2,24,True,gelu,0.0003,1024,0.3072,depth4/shallow0,0.0003282188750745263,0.00025317113040611777,0.7273225784301758,0.014716074302462238,0.00045127002076979504
univariate_regression/sym_0364f2,24,True,gelu,0.0003,1024,0.3072,depth4/shallowLN,0.0003282188750745263,0.00025317113040611777,0.3063782326877117,0.13834674179311995,0.0010712865342789432
univariate_regression/sym_0364f2,24,True,gelu,0.0003,1024,0.3072,LN-toggle-at-depth4,0.0003282188750745263,0.00025317113040611777,0.06294339392334222,0.03653842895725254,0.005214508697676185
univariate_regression/sym_0364f2,24,True,gelu,0.0003,2048,0.6144,depth4/shallow0,0.0004005558999779169,0.0003437347757031458,0.6771434962749481,0.0544317122965369,0.000591537690580247
univariate_regression/sym_0364f2,24,True,gelu,0.0003,2048,0.6144,depth4/shallowLN,0.0004005558999779169,0.0003437347757031458,0.03919340295251459,0.05951889867053324,0.010219982696149578
univariate_regression/sym_0364f2,24,True,gelu,0.0003,2048,0.6144,LN-toggle-at-depth4,0.0004005558999779169,0.0003437347757031458,0.0010713950905483216,0.0005045442688824328,0.3738638561176524
univariate_regression/sym_0364f2,24,True,gelu,0.0005,2048,1.024,depth4/shallow0,0.0006236275017727167,0.0007298529576484012,0.4997445911169052,0.19326248199068508,0.0012478924491787675
univariate_regression/sym_0364f2,24,True,gelu,0.0005,2048,1.024,depth4/shallowLN,0.0006236275017727167,0.0007298529576484012,0.001275661212275736,0.0018145866306996795,0.48886608432672063
univariate_regression/sym_0364f2,24,True,gelu,0.0005,2048,1.024,LN-toggle-at-depth4,0.0006236275017727167,0.0007298529576484012,0.0003636051944340579,0.0002119091744528653,1.7151226421376535
univariate_regression/sym_0364f2,24,True,gelu,0.001,256,0.256,depth4/shallow0,0.002734509261790663,0.00173064981835543,0.7356146335601806,0.013913923256033401,0.003717312213538167
univariate_regression/sym_0364f2,24,True,gelu,0.001,256,0.256,depth4/shallowLN,0.002734509261790663,0.00173064981835543,0.43023834377527237,0.13340115713354242,0.00635580092140506
univariate_regression/sym_0364f2,24,True,gelu,0.001,256,0.256,LN-toggle-at-depth4,0.002734509261790663,0.00173064981835543,0.1920808471739292,0.1283521508539957,0.014236241155863734
univariate_regression/sym_0364f2,24,True,gelu,0.001,1024,1.024,depth4/shallow0,0.0010097294994920957,0.0005680810365388485,0.5148600354790688,0.1815623956258182,0.0019611728040855978
univariate_regression/sym_0364f2,24,True,gelu,0.001,1024,1.024,depth4/shallowLN,0.0010097294994920957,0.0005680810365388485,0.003367215913021937,0.00523733334894232,0.29987073165911277
univariate_regression/sym_0364f2,24,True,gelu,0.001,1024,1.024,LN-toggle-at-depth4,0.0010097294994920957,0.0005680810365388485,0.0006389194109942764,0.0002800108684314981,1.5803706729159634
univariate_regression/sym_0364f2,24,True,gelu,0.001,2048,2.048,depth4/shallow0,0.0009327524687250844,0.0006146509741287446,0.0605444910004735,0.13767688378325732,0.015406066733929427
univariate_regression/sym_0364f2,24,True,gelu,0.001,2048,2.048,depth4/shallowLN,0.0009327524687250844,0.0006146509741287446,0.0002731042193772737,0.00020098965836765428,3.415371871045882
univariate_regression/sym_0364f2,24,True,gelu,0.001,2048,2.048,LN-toggle-at-depth4,0.0009327524687250844,0.0006146509741287446,0.00034469880411052144,0.00021063764384227846,2.705992761222386
univariate_regression/sym_0364f2,24,True,gelu,0.003,256,0.768,depth4/shallow0,0.006425058783497662,0.008736457941054564,0.6678503632545472,0.06863943958072434,0.009620506534109332
univariate_regression/sym_0364f2,24,True,gelu,0.003,256,0.768,depth4/shallowLN,0.006425058783497662,0.008736457941054564,0.050166632514446974,0.06868183262684224,0.12807434865490275
univariate_regression/sym_0364f2,24,True,gelu,0.003,256,0.768,LN-toggle-at-depth4,0.006425058783497662,0.008736457941054564,0.004193496576044708,0.0028365476012787035,1.532148331824264
univariate_regression/sym_0364f2,24,True,gelu,0.003,1024,3.072,depth4/shallow0,0.0035134121135342866,0.0035922303997695687,0.002670480660162866,0.0025466676888814942,1.3156478404603058
univariate_regression/sym_0364f2,24,True,gelu,0.003,1024,3.072,depth4/shallowLN,0.0035134121135342866,0.0035922303997695687,0.0006034843245288357,0.0004731127352006446,5.821878002013304
univariate_regression/sym_0364f2,24,True,gelu,0.003,1024,3.072,LN-toggle-at-depth4,0.0035134121135342866,0.0035922303997695687,0.0009338318632217124,0.00041510923947291533,3.7623604975450755
univariate_regression/sym_0364f2,24,True,gelu,0.003,2048,6.144,depth4/shallow0,0.00264831543317996,0.0020321981782581984,0.00048137949597730766,0.00036187036370948704,5.501512746826263
univariate_regression/sym_0364f2,24,True,gelu,0.003,2048,6.144,depth4/shallowLN,0.00264831543317996,0.0020321981782581984,0.0005570937355514616,0.0005639064394108212,4.75380580353936
univariate_regression/sym_0364f2,24,True,gelu,0.003,2048,6.144,LN-toggle-at-depth4,0.00264831543317996,0.0020321981782581984,0.000931330221646931,0.000596609358976525,2.8435836952620024
univariate_regression/sym_0364f2,24,True,gelu,0.004,256,1.024,depth4/shallow0,0.006091124285012484,0.0031755117823887495,0.5861093401908875,0.13206240026010233,0.01039247093900379
univariate_regression/sym_0364f2,24,True,gelu,0.004,256,1.024,depth4/shallowLN,0.006091124285012484,0.0031755117823887495,0.021683082217350602,0.031375946774527534,0.28091597974657045
univariate_regression/sym_0364f2,24,True,gelu,0.004,256,1.024,LN-toggle-at-depth4,0.006091124285012484,0.0031755117823887495,0.005596110341139137,0.002777326500235702,1.0884567876073334
univariate_regression/sym_0364f2,24,True,relu,0.0001,256,0.0256,depth4/shallow0,0.4823386758565903,0.10269618471723124,1.8982158766852484,0.04545199135334021,0.25410106499523766
univariate_regression/sym_0364f2,24,True,relu,0.0001,256,0.0256,depth4/shallowLN,0.4823386758565903,0.10269618471723124,1.6120747208595276,0.19915682686108355,0.2992036718989157
univariate_regression/sym_0364f2,24,True,relu,0.0001,256,0.0256,LN-toggle-at-depth4,0.4823386758565903,0.10269618471723124,1.9862661361694336,0.00510376589109206,0.24283688226533082
univariate_regression/sym_0364f2,24,True,relu,0.0001,1024,0.1024,depth4/shallow0,0.0005528253939701244,0.000665490157022026,1.3523402690887452,0.1717089838073665,0.00040879163817449414
univariate_regression/sym_0364f2,24,True,relu,0.0001,1024,0.1024,depth4/shallowLN,0.0005528253939701244,0.000665490157022026,0.6163546621799469,0.18660214590780633,0.0008969274151587824
univariate_regression/sym_0364f2,24,True,relu,0.0001,1024,0.1024,LN-toggle-at-depth4,0.0005528253939701244,0.000665490157022026,1.125795954465866,0.23333353532406073,0.0004910529228472956
univariate_regression/sym_0364f2,24,True,relu,0.0001,2048,0.2048,depth4/shallow0,0.0001635087535760249,0.0001658772814659177,0.6446827232837677,0.1126783135872713,0.0002536267029821642
univariate_regression/sym_0364f2,24,True,relu,0.0001,2048,0.2048,depth4/shallowLN,0.0001635087535760249,0.0001658772814659177,0.3086852267384529,0.1164222941841743,0.000529694133093596
univariate_regression/sym_0364f2,24,True,relu,0.0001,2048,0.2048,LN-toggle-at-depth4,0.0001635087535760249,0.0001658772814659177,0.2595238521695137,0.01474849671702388,0.0006300336258465584
univariate_regression/sym_0364f2,24,True,relu,0.000125,2048,0.256,depth4/shallow0,0.0001053958560078172,7.518830647415916e-05,0.5175246715545654,0.044452381951637865,0.0002036537807776856
univariate_regression/sym_0364f2,24,True,relu,0.000125,2048,0.256,depth4/shallowLN,0.0001053958560078172,7.518830647415916e-05,0.24659226536750795,0.12146523765492317,0.0004274094155010939
univariate_regression/sym_0364f2,24,True,relu,0.000125,2048,0.256,LN-toggle-at-depth4,0.0001053958560078172,7.518830647415916e-05,0.21685639917850494,0.018161153306820894,0.00048601681300195713
univariate_regression/sym_0364f2,24,True,relu,0.00025,1024,0.256,depth4/shallow0,0.0005568118140217848,0.0004915778894953676,0.5231740951538086,0.04391752146055292,0.0010642954595412202
univariate_regression/sym_0364f2,24,True,relu,0.00025,1024,0.256,depth4/shallowLN,0.0005568118140217848,0.0004915778894953676,0.25833325907588006,0.12451229075825586,0.002155401189973115
univariate_regression/sym_0364f2,24,True,relu,0.00025,1024,0.256,LN-toggle-at-depth4,0.0005568118140217848,0.0004915778894953676,0.2228695794939995,0.014018714547578054,0.0024983751272199817
univariate_regression/sym_0364f2,24,True,relu,0.0003,256,0.0768,depth4/shallow0,0.018149190559051932,0.018355742898321935,1.5719277024269105,0.12522934972490965,0.011545817616822496
univariate_regression/sym_0364f2,24,True,relu,0.0003,256,0.0768,depth4/shallowLN,0.018149190559051932,0.018355742898321935,0.8744436949491501,0.2759553760372648,0.020755127704485683
univariate_regression/sym_0364f2,24,True,relu,0.0003,256,0.0768,LN-toggle-at-depth4,0.018149190559051932,0.018355742898321935,1.5888604044914245,0.1652962919852735,0.011422772263533922
univariate_regression/sym_0364f2,24,True,relu,0.0003,1024,0.3072,depth4/shallow0,0.000942049266086542,0.0014395042265505165,0.47202968299388887,0.04864729196376392,0.0019957415815707044
univariate_regression/sym_0364f2,24,True,relu,0.0003,1024,0.3072,depth4/shallowLN,0.000942049266086542,0.0014395042265505165,0.1987416347488761,0.11921742077522034,0.0047400700274851165
univariate_regression/sym_0364f2,24,True,relu,0.0003,1024,0.3072,LN-toggle-at-depth4,0.000942049266086542,0.0014395042265505165,0.18240409344434738,0.024337693899167182,0.005164627878123619
univariate_regression/sym_0364f2,24,True,relu,0.0003,2048,0.6144,depth4/shallow0,0.00039964113420865033,0.0002768373193351913,0.28487624526023864,0.0667190441741067,0.0014028587530826669
univariate_regression/sym_0364f2,24,True,relu,0.0003,2048,0.6144,depth4/shallowLN,0.00039964113420865033,0.0002768373193351913,0.023160357240703887,0.039642739211478005,0.017255395936047507
univariate_regression/sym_0364f2,24,True,relu,0.0003,2048,0.6144,LN-toggle-at-depth4,0.00039964113420865033,0.0002768373193351913,0.0038562807649213937,0.005326923149915196,0.1036338271434955
univariate_regression/sym_0364f2,24,True,relu,0.0005,2048,1.024,depth4/shallow0,0.0006019731445121579,0.0005079407238539431,0.09005323303863406,0.05921173426823366,0.00668463667766268
univariate_regression/sym_0364f2,24,True,relu,0.0005,2048,1.024,depth4/shallowLN,0.0006019731445121579,0.0005079407238539431,0.0005546390006202273,0.0008104766372934945,1.0853422565650792
univariate_regression/sym_0364f2,24,True,relu,0.0005,2048,1.024,LN-toggle-at-depth4,0.0006019731445121579,0.0005079407238539431,7.08819534338545e-05,3.7049319834794456e-05,8.492615050090375
univariate_regression/sym_0364f2,24,True,relu,0.001,256,0.256,depth4/shallow0,0.0027071862357843203,0.0017676588752715825,0.5272928774356842,0.03952244378975249,0.005134122518304878
univariate_regression/sym_0364f2,24,True,relu,0.001,256,0.256,depth4/shallowLN,0.0027071862357843203,0.0017676588752715825,0.3213388606905937,0.11852951723534792,0.008424708514763107
univariate_regression/sym_0364f2,24,True,relu,0.001,256,0.256,LN-toggle-at-depth4,0.0027071862357843203,0.0017676588752715825,0.2527935341000557,0.013817961274894972,0.010709080220037654
univariate_regression/sym_0364f2,24,True,relu,0.001,1024,1.024,depth4/shallow0,0.0009735720814205706,0.000758278137011794,0.14296595938503742,0.08111259844774198,0.006809817425129405
univariate_regression/sym_0364f2,24,True,relu,0.001,1024,1.024,depth4/shallowLN,0.0009735720814205706,0.000758278137011794,0.003585859235317912,0.0071422506216740015,0.271503150997018
univariate_regression/sym_0364f2,24,True,relu,0.001,1024,1.024,LN-toggle-at-depth4,0.0009735720814205706,0.000758278137011794,0.00029185573512222616,0.00015117692782682144,3.3357990413066534
univariate_regression/sym_0364f2,24,True,relu,0.001,2048,2.048,depth4/shallow0,0.0009029534849105403,0.0003759206927466261,0.004873039390076883,0.006756066362557611,0.18529574925030395
univariate_regression/sym_0364f2,24,True,relu,0.001,2048,2.048,depth4/shallowLN,0.0009029534849105403,0.0003759206927466261,0.0003934891108656302,0.0003272575440290228,2.294735635565995
univariate_regression/sym_0364f2,24,True,relu,0.001,2048,2.048,LN-toggle-at-depth4,0.0009029534849105403,0.0003759206927466261,0.00024138554326782468,0.0001629922470017416,3.740710701587815
univariate_regression/sym_0364f2,24,True,relu,0.003,256,0.768,depth4/shallow0,0.004504920414183289,0.003303715354226873,0.33311759382486344,0.0531804731254768,0.013523513911281884
univariate_regression/sym_0364f2,24,True,relu,0.003,256,0.768,depth4/shallowLN,0.004504920414183289,0.003303715354226873,0.08507770760916174,0.08473989832389817,0.052950655827240095
univariate_regression/sym_0364f2,24,True,relu,0.003,256,0.768,LN-toggle-at-depth4,0.004504920414183289,0.003303715354226873,0.07576575764687732,0.03883227674578652,0.05945852789038874
univariate_regression/sym_0364f2,24,True,relu,0.003,1024,3.072,depth4/shallow0,0.003881755913607776,0.00249724224954278,0.003157387883402407,0.006400938821052708,1.2294200323036613
univariate_regression/sym_0364f2,24,True,relu,0.003,1024,3.072,depth4/shallowLN,0.003881755913607776,0.00249724224954278,0.0016553178371395915,0.0010764756072234364,2.3450214976934554
univariate_regression/sym_0364f2,24,True,relu,0.003,1024,3.072,LN-toggle-at-depth4,0.003881755913607776,0.00249724224954278,0.0010996022690960671,0.001120036099141484,3.530145419578654
univariate_regression/sym_0364f2,24,True,relu,0.003,2048,6.144,depth4/shallow0,0.0019524767994880676,0.0017142608764256866,0.00047794278361834586,0.00036488467958069673,4.085168489639106
univariate_regression/sym_0364f2,24,True,relu,0.003,2048,6.144,depth4/shallowLN,0.0019524767994880676,0.0017142608764256866,0.0007918153307400644,0.0003775234952371539,2.4658234359559565
univariate_regression/sym_0364f2,24,True,relu,0.003,2048,6.144,LN-toggle-at-depth4,0.0019524767994880676,0.0017142608764256866,0.0006280104018514976,0.00028787755600719696,3.1089879940392446
univariate_regression/sym_0364f2,24,True,relu,0.004,256,1.024,depth4/shallow0,0.010549673647619783,0.00690459893562728,0.26381905674934386,0.054191543255462236,0.03998829264878729
univariate_regression/sym_0364f2,24,True,relu,0.004,256,1.024,depth4/shallowLN,0.010549673647619783,0.00690459893562728,0.04433191388379783,0.05333709314072668,0.2379701827282358
univariate_regression/sym_0364f2,24,True,relu,0.004,256,1.024,LN-toggle-at-depth4,0.010549673647619783,0.00690459893562728,0.04142672463785857,0.03721760564632604,0.25465864704106417
univariate_regression/sym_0364f2,24,True,silu,0.0001,256,0.0256,depth4/shallow0,0.24756748229265213,0.05105225442232593,1.9202746550242107,0.038176236284632535,0.12892295466427994
univariate_regression/sym_0364f2,24,True,silu,0.0001,256,0.0256,depth4/shallowLN,0.24756748229265213,0.05105225442232593,1.6481571793556213,0.11578448024367913,0.15020866055350582
univariate_regression/sym_0364f2,24,True,silu,0.0001,256,0.0256,LN-toggle-at-depth4,0.24756748229265213,0.05105225442232593,1.9999912977218628,0,0.12378427974894175
univariate_regression/sym_0364f2,24,True,silu,0.0001,1024,0.1024,depth4/shallow0,0.014470735145732761,0.014221972563481164,1.3777249455451965,0.11803213635967924,0.010503355689771857
univariate_regression/sym_0364f2,24,True,silu,0.0001,1024,0.1024,depth4/shallowLN,0.014470735145732761,0.014221972563481164,0.6831500947475433,0.0602309377554992,0.02118236571581007
univariate_regression/sym_0364f2,24,True,silu,0.0001,1024,0.1024,LN-toggle-at-depth4,0.014470735145732761,0.014221972563481164,1.0586279094219209,0.1330768933221074,0.013669330854534825
univariate_regression/sym_0364f2,24,True,silu,0.0001,2048,0.2048,depth4/shallow0,0.0009515165147604421,0.0005877340065847481,0.7729613363742829,0.0325132936769368,0.001231001435626399
univariate_regression/sym_0364f2,24,True,silu,0.0001,2048,0.2048,depth4/shallowLN,0.0009515165147604421,0.0005877340065847481,0.6083304524421692,0.05517077019925141,0.0015641441439279218
univariate_regression/sym_0364f2,24,True,silu,0.0001,2048,0.2048,LN-toggle-at-depth4,0.0009515165147604421,0.0005877340065847481,0.631211394071579,0.09260538149604493,0.0015074450868555467
univariate_regression/sym_0364f2,24,True,silu,0.000125,2048,0.256,depth4/shallow0,0.0006655869394307957,0.0003076235996916728,0.7482492923736572,0.006776393174407872,0.0008895256516973998
univariate_regression/sym_0364f2,24,True,silu,0.000125,2048,0.256,depth4/shallowLN,0.0006655869394307957,0.0003076235996916728,0.5796345502138138,0.07573986142443634,0.001148287208181907
univariate_regression/sym_0364f2,24,True,silu,0.000125,2048,0.256,LN-toggle-at-depth4,0.0006655869394307957,0.0003076235996916728,0.46976595669984816,0.16627364256334679,0.001416847964264182
univariate_regression/sym_0364f2,24,True,silu,0.00025,1024,0.256,depth4/shallow0,0.0009833054442424326,0.0003609764695386612,0.7510390877723694,0.005959659359021027,0.001309260010899007
univariate_regression/sym_0364f2,24,True,silu,0.00025,1024,0.256,depth4/shallowLN,0.0009833054442424326,0.0003609764695386612,0.5854904651641846,0.07504813965223363,0.0016794559480429658
univariate_regression/sym_0364f2,24,True,silu,0.00025,1024,0.256,LN-toggle-at-depth4,0.0009833054442424326,0.0003609764695386612,0.4594470143318176,0.17454552350019284,0.0021401933488945884
univariate_regression/sym_0364f2,24,True,silu,0.0003,256,0.0768,depth4/shallow0,0.0626731589436531,0.022839582301670252,1.5965606689453125,0.0911646871032606,0.039255106406357224
univariate_regression/sym_0364f2,24,True,silu,0.0003,256,0.0768,depth4/shallowLN,0.0626731589436531,0.022839582301670252,0.8164868116378784,0.12544873800358883,0.07675954840952091
univariate_regression/sym_0364f2,24,True,silu,0.0003,256,0.0768,LN-toggle-at-depth4,0.0626731589436531,0.022839582301670252,1.6495337963104248,0.10689672022003487,0.03799446794229773
univariate_regression/sym_0364f2,24,True,silu,0.0003,1024,0.3072,depth4/shallow0,0.0010348420415539294,0.0005940033740798081,0.7488677561283111,0.0066606007081205535,0.001381875548900812
univariate_regression/sym_0364f2,24,True,silu,0.0003,1024,0.3072,depth4/shallowLN,0.0010348420415539294,0.0005940033740798081,0.5507486253976822,0.10127085728579269,0.0018789734442036874
univariate_regression/sym_0364f2,24,True,silu,0.0003,1024,0.3072,LN-toggle-at-depth4,0.0010348420415539294,0.0005940033740798081,0.2529616206884384,0.1636871269033293,0.004090905326814372
univariate_regression/sym_0364f2,24,True,silu,0.0003,2048,0.6144,depth4/shallow0,0.0005368726124288514,0.0003208091079012565,0.740398895740509,0.009314039306804101,0.0007251126595642731
univariate_regression/sym_0364f2,24,True,silu,0.0003,2048,0.6144,depth4/shallowLN,0.0005368726124288514,0.0003208091079012565,0.21668136306107044,0.12015148389145615,0.002477705534266631
univariate_regression/sym_0364f2,24,True,silu,0.0003,2048,0.6144,LN-toggle-at-depth4,0.0005368726124288514,0.0003208091079012565,0.004161964310333133,0.0035901674873662507,0.12899500629929211
univariate_regression/sym_0364f2,24,True,silu,0.0005,2048,1.024,depth4/shallow0,0.0007776139682391658,0.0007821799309025992,0.7297612428665161,0.019557287842601172,0.0010655731252384455
univariate_regression/sym_0364f2,24,True,silu,0.0005,2048,1.024,depth4/shallowLN,0.0007776139682391658,0.0007821799309025992,0.05333540786523372,0.09203179641954291,0.014579694791197943
univariate_regression/sym_0364f2,24,True,silu,0.0005,2048,1.024,LN-toggle-at-depth4,0.0007776139682391658,0.0007821799309025992,0.0009174643186270259,0.0008682247080679165,0.8475686219632559
univariate_regression/sym_0364f2,24,True,silu,0.001,256,0.256,depth4/shallow0,0.004965597274713218,0.0038152539762464537,0.7535609066486358,0.010277007558278784,0.006589510192078655
univariate_regression/sym_0364f2,24,True,silu,0.001,256,0.256,depth4/shallowLN,0.004965597274713218,0.0038152539762464537,0.6018236458301545,0.07011941567538967,0.008250917538914049
univariate_regression/sym_0364f2,24,True,silu,0.001,256,0.256,LN-toggle-at-depth4,0.004965597274713218,0.0038152539762464537,0.5119124710559845,0.14989089056708782,0.009700090455835298
univariate_regression/sym_0364f2,24,True,silu,0.001,1024,1.024,depth4/shallow0,0.0014929003737051971,0.001364775296676944,0.7315403878688812,0.017302281217698993,0.0020407627500298444
univariate_regression/sym_0364f2,24,True,silu,0.001,1024,1.024,depth4/shallowLN,0.0014929003737051971,0.001364775296676944,0.05961129502393305,0.09889294035974039,0.025043917819698763
univariate_regression/sym_0364f2,24,True,silu,0.001,1024,1.024,LN-toggle-at-depth4,0.0014929003737051971,0.001364775296676944,0.0013738042674958707,0.001158197338734181,1.0866907382857467
univariate_regression/sym_0364f2,24,True,silu,0.001,2048,2.048,depth4/shallow0,0.00085209902463248,0.0007265053077339249,0.5569283336400985,0.19536207829406788,0.0015299976193761556
univariate_regression/sym_0364f2,24,True,silu,0.001,2048,2.048,depth4/shallowLN,0.00085209902463248,0.0007265053077339249,0.0005984697439998854,0.0008562033425272133,1.423796329180249
univariate_regression/sym_0364f2,24,True,silu,0.001,2048,2.048,LN-toggle-at-depth4,0.00085209902463248,0.0007265053077339249,0.00047973320542951117,0.0004033223315042577,1.7761935488071647
univariate_regression/sym_0364f2,24,True,silu,0.003,256,0.768,depth4/shallow0,0.006677863223012536,0.004390226036291702,0.7460798621177673,0.018706866740256223,0.00895060108452364
univariate_regression/sym_0364f2,24,True,silu,0.003,256,0.768,depth4/shallowLN,0.006677863223012536,0.004390226036291702,0.27208209335803984,0.13288661611416214,0.024543560146109887
univariate_regression/sym_0364f2,24,True,silu,0.003,256,0.768,LN-toggle-at-depth4,0.006677863223012536,0.004390226036291702,0.011701002856716514,0.006245437596297679,0.5707086225672839
univariate_regression/sym_0364f2,24,True,silu,0.003,1024,3.072,depth4/shallow0,0.004244145168922841,0.00545786944697746,0.11542975706979633,0.15904423097898912,0.03676820671429253
univariate_regression/sym_0364f2,24,True,silu,0.003,1024,3.072,depth4/shallowLN,0.004244145168922841,0.00545786944697746,0.0006575361039722338,0.0005000865385629365,6.454619211452549
univariate_regression/sym_0364f2,24,True,silu,0.003,1024,3.072,LN-toggle-at-depth4,0.004244145168922841,0.00545786944697746,0.0011753718426916748,0.0005431034988910514,3.6108957308382377
univariate_regression/sym_0364f2,24,True,silu,0.003,2048,6.144,depth4/shallow0,0.00166981287766248,0.0012375943659734933,0.0005605744911008515,0.0004173358770085751,2.978752876149101
univariate_regression/sym_0364f2,24,True,silu,0.003,2048,6.144,depth4/shallowLN,0.00166981287766248,0.0012375943659734933,0.00033215918410860467,0.0003259940114335293,5.0271464934611245
univariate_regression/sym_0364f2,24,True,silu,0.003,2048,6.144,LN-toggle-at-depth4,0.00166981287766248,0.0012375943659734933,0.0010841518029337748,0.0011306911005977056,1.5402020945257608
univariate_regression/sym_0364f2,24,True,silu,0.004,256,1.024,depth4/shallow0,0.007964964467100799,0.0037969905991604566,0.7401770412921905,0.024608746721835426,0.010760891006826796
univariate_regression/sym_0364f2,24,True,silu,0.004,256,1.024,depth4/shallowLN,0.007964964467100799,0.0037969905991604566,0.17229397371411323,0.14324530451569087,0.04622892081133979
univariate_regression/sym_0364f2,24,True,silu,0.004,256,1.024,LN-toggle-at-depth4,0.007964964467100799,0.0037969905991604566,0.007093510427512229,0.004261055284427584,1.1228522955585756
univariate_regression/sym_0364f2,32,False,gelu,0.001,1024,1.024,depth4/shallow0,0.0007828915026038885,0.0006155611973619904,0.3265984162688255,0.14921296481990987,0.002397107467782345
univariate_regression/sym_0364f2,32,False,gelu,0.001,1024,1.024,depth4/shallowLN,0.0007828915026038885,0.0006155611973619904,0.0010152404778636993,0.0014576587068912124,0.7711389761086686
univariate_regression/sym_0364f2,32,False,gelu,0.001,1024,1.024,LN-toggle-at-depth4,0.0007828915026038885,0.0006155611973619904,0.0011301558086415752,0.0008879609248582231,0.6927288225372291
univariate_regression/sym_0364f2,32,False,relu,0.001,1024,1.024,depth4/shallow0,0.0004803561336302664,0.0003925147256464744,0.056995787750929595,0.03762794646963617,0.008427923406014014
univariate_regression/sym_0364f2,32,False,relu,0.001,1024,1.024,depth4/shallowLN,0.0004803561336302664,0.0003925147256464744,0.0013140588082023897,0.0028072185934256764,0.36555147351996026
univariate_regression/sym_0364f2,32,False,relu,0.001,1024,1.024,LN-toggle-at-depth4,0.0004803561336302664,0.0003925147256464744,0.0017433647706639021,0.0013676649789970698,0.27553392251200465
univariate_regression/sym_0364f2,32,False,silu,0.001,1024,1.024,depth4/shallow0,0.0006418265387765132,0.0004950319279781194,0.7271275162696839,0.014854828725191171,0.0008826877327779005
univariate_regression/sym_0364f2,32,False,silu,0.001,1024,1.024,depth4/shallowLN,0.0006418265387765132,0.0004950319279781194,0.02381885831564432,0.05292979254379759,0.0269461504103645
univariate_regression/sym_0364f2,32,False,silu,0.001,1024,1.024,LN-toggle-at-depth4,0.0006418265387765132,0.0004950319279781194,0.0012897383741801605,0.001071243551122407,0.49764087944153695
univariate_regression/sym_0364f2,32,True,gelu,0.001,1024,1.024,depth4/shallow0,0.0011301558086415752,0.0008879609248582231,0.3265984162688255,0.14921296481990987,0.003460383615918504
univariate_regression/sym_0364f2,32,True,gelu,0.001,1024,1.024,depth4/shallowLN,0.0011301558086415752,0.0008879609248582231,0.0010152404778636993,0.0014576587068912124,1.1131902571691037
univariate_regression/sym_0364f2,32,True,gelu,0.001,1024,1.024,LN-toggle-at-depth4,0.0011301558086415752,0.0008879609248582231,0.0007828915026038885,0.0006155611973619904,1.4435663241747925
univariate_regression/sym_0364f2,32,True,relu,0.001,1024,1.024,depth4/shallow0,0.0017433647706639021,0.0013676649789970698,0.056995787750929595,0.03762794646963617,0.03058760725059841
univariate_regression/sym_0364f2,32,True,relu,0.001,1024,1.024,depth4/shallowLN,0.0017433647706639021,0.0013676649789970698,0.0013140588082023897,0.0028072185934256764,1.3267022448171828
univariate_regression/sym_0364f2,32,True,relu,0.001,1024,1.024,LN-toggle-at-depth4,0.0017433647706639021,0.0013676649789970698,0.0004803561336302664,0.0003925147256464744,3.6293171849155206
univariate_regression/sym_0364f2,32,True,silu,0.001,1024,1.024,depth4/shallow0,0.0012897383741801605,0.001071243551122407,0.7271275162696839,0.014854828725191171,0.0017737444194063621
univariate_regression/sym_0364f2,32,True,silu,0.001,1024,1.024,depth4/shallowLN,0.0012897383741801605,0.001071243551122407,0.02381885831564432,0.05292979254379759,0.05414778311742403
univariate_regression/sym_0364f2,32,True,silu,0.001,1024,1.024,LN-toggle-at-depth4,0.0012897383741801605,0.001071243551122407,0.0006418265387765132,0.0004950319279781194,2.0094812169012743
univariate_regression/sym_0364f2,48,False,gelu,0.001,1024,1.024,depth4/shallow0,0.0005853331502294167,0.0003149966006916517,0.13636957118287682,0.16936608023346403,0.004292256294070636
univariate_regression/sym_0364f2,48,False,gelu,0.001,1024,1.024,depth4/shallowLN,0.0005853331502294167,0.0003149966006916517,0.00014375921637110878,8.703036342923591e-05,4.071621736712881
univariate_regression/sym_0364f2,48,False,gelu,0.001,1024,1.024,LN-toggle-at-depth4,0.0005853331502294167,0.0003149966006916517,0.001949837279971689,0.0013038872068085704,0.3001958964688149
univariate_regression/sym_0364f2,48,False,relu,0.001,1024,1.024,depth4/shallow0,0.0010377989587141202,0.0013366001411329624,0.019343197136186062,0.022727162518813047,0.053651883471355924
univariate_regression/sym_0364f2,48,False,relu,0.001,1024,1.024,depth4/shallowLN,0.0010377989587141202,0.0013366001411329624,0.00025716635354910977,0.00018949243329416529,4.035516094510928
univariate_regression/sym_0364f2,48,False,relu,0.001,1024,1.024,LN-toggle-at-depth4,0.0010377989587141202,0.0013366001411329624,0.0027260533533990383,0.003119595978223246,0.380696495694084
univariate_regression/sym_0364f2,48,False,silu,0.001,1024,1.024,depth4/shallow0,0.0007664180753636174,0.00037648088050802207,0.7047088742256165,0.030315112958518093,0.0010875669420309364
univariate_regression/sym_0364f2,48,False,silu,0.001,1024,1.024,depth4/shallowLN,0.0007664180753636174,0.00037648088050802207,0.0007176782615715638,0.00044239516014056015,1.0679131811590945
univariate_regression/sym_0364f2,48,False,silu,0.001,1024,1.024,LN-toggle-at-depth4,0.0007664180753636174,0.00037648088050802207,0.003210011770715937,0.002200900254870965,0.23875864953376208
univariate_regression/sym_0364f2,48,True,gelu,0.001,1024,1.024,depth4/shallow0,0.001949837279971689,0.0013038872068085704,0.13636957118287682,0.16936608023346403,0.014298184434098443
univariate_regression/sym_0364f2,48,True,gelu,0.001,1024,1.024,depth4/shallowLN,0.001949837279971689,0.0013038872068085704,0.00014375921637110878,8.703036342923591e-05,13.563215835416496
univariate_regression/sym_0364f2,48,True,gelu,0.001,1024,1.024,LN-toggle-at-depth4,0.001949837279971689,0.0013038872068085704,0.0005853331502294167,0.0003149966006916517,3.3311581262866548
univariate_regression/sym_0364f2,48,True,relu,0.001,1024,1.024,depth4/shallow0,0.0027260533533990383,0.003119595978223246,0.019343197136186062,0.022727162518813047,0.14093085720040074
univariate_regression/sym_0364f2,48,True,relu,0.001,1024,1.024,depth4/shallowLN,0.0027260533533990383,0.003119595978223246,0.00025716635354910977,0.00018949243329416529,10.600349990491495
univariate_regression/sym_0364f2,48,True,relu,0.001,1024,1.024,LN-toggle-at-depth4,0.0027260533533990383,0.003119595978223246,0.0010377989587141202,0.0013366001411329624,2.626764394499626
univariate_regression/sym_0364f2,48,True,silu,0.001,1024,1.024,depth4/shallow0,0.003210011770715937,0.002200900254870965,0.7047088742256165,0.030315112958518093,0.004555089183804196
univariate_regression/sym_0364f2,48,True,silu,0.001,1024,1.024,depth4/shallowLN,0.003210011770715937,0.002200900254870965,0.0007176782615715638,0.00044239516014056015,4.472772748733798
univariate_regression/sym_0364f2,48,True,silu,0.001,1024,1.024,LN-toggle-at-depth4,0.003210011770715937,0.002200900254870965,0.0007664180753636174,0.00037648088050802207,4.188329938843088
univariate_regression/sym_0799b4,24,False,gelu,0.0001,1024,0.1024,depth4/shallow0,0.06777602508664131,0.02316324735394095,0.12752760909497737,0.09426997918211075,0.5314615836337407
univariate_regression/sym_0799b4,24,False,gelu,0.0001,1024,0.1024,depth4/shallowLN,0.06777602508664131,0.02316324735394095,0.013355354033410548,0.00421683421802255,5.074820548904115
univariate_regression/sym_0799b4,24,False,gelu,0.0001,1024,0.1024,LN-toggle-at-depth4,0.06777602508664131,0.02316324735394095,5.8014530895889036e-05,4.083897179389499e-05,1168.2594694813602
univariate_regression/sym_0799b4,24,False,gelu,0.001,1024,1.024,depth4/shallow0,4.8142803279915825e-05,3.8985891987387924e-05,0.002380175469443202,0.0012350903072099726,0.020226577367078714
univariate_regression/sym_0799b4,24,False,gelu,0.001,1024,1.024,depth4/shallowLN,4.8142803279915825e-05,3.8985891987387924e-05,7.727602023805957e-05,5.407036866629321e-05,0.6229979640722335
univariate_regression/sym_0799b4,24,False,gelu,0.001,1024,1.024,LN-toggle-at-depth4,4.8142803279915825e-05,3.8985891987387924e-05,6.50348865747219e-05,9.68290099281536e-05,0.740261201572207
univariate_regression/sym_0799b4,24,False,gelu,0.003,2048,6.144,depth4/shallow0,7.458981517629581e-05,5.286417951212601e-05,9.308266098742023e-05,0.0001184086256138469,0.8013287800869416
univariate_regression/sym_0799b4,24,False,gelu,0.003,2048,6.144,depth4/shallowLN,7.458981517629581e-05,5.286417951212601e-05,5.2666646934085295e-05,6.435927377015115e-05,1.416262844104132
univariate_regression/sym_0799b4,24,False,gelu,0.003,2048,6.144,LN-toggle-at-depth4,7.458981517629581e-05,5.286417951212601e-05,0.00012402777138049715,0.0001706729919056326,0.601396077233915
univariate_regression/sym_0799b4,24,False,relu,0.0001,1024,0.1024,depth4/shallow0,0.17974952161312102,0.19633213862701882,0.21753507442772388,0.2595615581178746,0.8263013313415942
univariate_regression/sym_0799b4,24,False,relu,0.0001,1024,0.1024,depth4/shallowLN,0.17974952161312102,0.19633213862701882,0.010724489344283938,0.004484563725222615,16.76066019021465
univariate_regression/sym_0799b4,24,False,relu,0.0001,1024,0.1024,LN-toggle-at-depth4,0.17974952161312102,0.19633213862701882,5.5634490763623035e-05,0.00012188144452626539,3230.9008161291804
univariate_regression/sym_0799b4,24,False,relu,0.001,1024,1.024,depth4/shallow0,5.486748950715992e-05,4.308159146025072e-05,0.00013552593773056288,8.478448031750983e-05,0.40484862474252836
univariate_regression/sym_0799b4,24,False,relu,0.001,1024,1.024,depth4/shallowLN,5.486748950715992e-05,4.308159146025072e-05,2.487228539393982e-05,1.0586211927134687e-05,2.205968958547271
univariate_regression/sym_0799b4,24,False,relu,0.001,1024,1.024,LN-toggle-at-depth4,5.486748950715992e-05,4.308159146025072e-05,0.00016656139378028455,0.00012817652207744912,0.32941300659105344
univariate_regression/sym_0799b4,24,False,relu,0.003,2048,6.144,depth4/shallow0,0.00014303978605312295,0.00011659976044348524,8.498294082528445e-05,5.888997742713654e-05,1.6831588159227975
univariate_regression/sym_0799b4,24,False,relu,0.003,2048,6.144,depth4/shallowLN,0.00014303978605312295,0.00011659976044348524,8.459242308163084e-05,6.158033111206492e-05,1.6909290553728553
univariate_regression/sym_0799b4,24,False,relu,0.003,2048,6.144,LN-toggle-at-depth4,0.00014303978605312295,0.00011659976044348524,0.00015658488791814307,7.621923870824303e-05,0.9134967489832032
univariate_regression/sym_0799b4,24,False,silu,0.0001,1024,0.1024,depth4/shallow0,0.07306629605591297,0.016834102007406437,0.11768477410078049,0.050724502232675016,0.6208644798293274
univariate_regression/sym_0799b4,24,False,silu,0.0001,1024,0.1024,depth4/shallowLN,0.07306629605591297,0.016834102007406437,0.015985808335244656,0.004186859717606432,4.570697616511534
univariate_regression/sym_0799b4,24,False,silu,0.0001,1024,0.1024,LN-toggle-at-depth4,0.07306629605591297,0.016834102007406437,5.0055143219651654e-05,2.5310611658439674e-05,1459.7160522602828
univariate_regression/sym_0799b4,24,False,silu,0.001,1024,1.024,depth4/shallow0,5.978570975457842e-05,5.248713344818407e-05,0.004198285308666528,0.0007683513430787408,0.014240506625684223
univariate_regression/sym_0799b4,24,False,silu,0.001,1024,1.024,depth4/shallowLN,5.978570975457842e-05,5.248713344818407e-05,5.3717162882094274e-05,2.0496340515870507e-05,1.1129722149660848
univariate_regression/sym_0799b4,24,False,silu,0.001,1024,1.024,LN-toggle-at-depth4,5.978570975457842e-05,5.248713344818407e-05,6.572999327545404e-05,4.738062106743673e-05,0.9095651281148779
univariate_regression/sym_0799b4,24,False,silu,0.003,2048,6.144,depth4/shallow0,5.184981819184031e-05,2.4861270727144276e-05,6.788464961573481e-05,4.063930252776831e-05,0.7637929706544758
univariate_regression/sym_0799b4,24,False,silu,0.003,2048,6.144,depth4/shallowLN,5.184981819184031e-05,2.4861270727144276e-05,8.841969593049725e-05,6.50152713001124e-05,0.5864057509607037
univariate_regression/sym_0799b4,24,False,silu,0.003,2048,6.144,LN-toggle-at-depth4,5.184981819184031e-05,2.4861270727144276e-05,0.00014648397773271428,0.00010043254114374489,0.35396238547296555
univariate_regression/sym_0799b4,24,True,gelu,0.0001,1024,0.1024,depth4/shallow0,5.8014530895889036e-05,4.083897179389499e-05,0.12752760909497737,0.09426997918211075,0.00045491741990302803
univariate_regression/sym_0799b4,24,True,gelu,0.0001,1024,0.1024,depth4/shallowLN,5.8014530895889036e-05,4.083897179389499e-05,0.013355354033410548,0.00421683421802255,0.004343915612476946
univariate_regression/sym_0799b4,24,True,gelu,0.0001,1024,0.1024,LN-toggle-at-depth4,5.8014530895889036e-05,4.083897179389499e-05,0.06777602508664131,0.02316324735394095,0.00085597423014593
univariate_regression/sym_0799b4,24,True,gelu,0.001,1024,1.024,depth4/shallow0,6.50348865747219e-05,9.68290099281536e-05,0.002380175469443202,0.0012350903072099726,0.027323568119091486
univariate_regression/sym_0799b4,24,True,gelu,0.001,1024,1.024,depth4/shallowLN,6.50348865747219e-05,9.68290099281536e-05,7.727602023805957e-05,5.407036866629321e-05,0.8415920795917394
univariate_regression/sym_0799b4,24,True,gelu,0.001,1024,1.024,LN-toggle-at-depth4,6.50348865747219e-05,9.68290099281536e-05,4.8142803279915825e-05,3.8985891987387924e-05,1.3508745262836221
univariate_regression/sym_0799b4,24,True,gelu,0.003,2048,6.144,depth4/shallow0,0.00012402777138049715,0.0001706729919056326,9.308266098742023e-05,0.0001184086256138469,1.332447633800016
univariate_regression/sym_0799b4,24,True,gelu,0.003,2048,6.144,depth4/shallowLN,0.00012402777138049715,0.0001706729919056326,5.2666646934085295e-05,6.435927377015115e-05,2.3549585667704185
univariate_regression/sym_0799b4,24,True,gelu,0.003,2048,6.144,LN-toggle-at-depth4,0.00012402777138049715,0.0001706729919056326,7.458981517629581e-05,5.286417951212601e-05,1.6627976766982582
univariate_regression/sym_0799b4,24,True,relu,0.0001,1024,0.1024,depth4/shallow0,5.5634490763623035e-05,0.00012188144452626539,0.21753507442772388,0.2595615581178746,0.000255749519519932
univariate_regression/sym_0799b4,24,True,relu,0.0001,1024,0.1024,depth4/shallowLN,5.5634490763623035e-05,0.00012188144452626539,0.010724489344283938,0.004484563725222615,0.005187612106983513
univariate_regression/sym_0799b4,24,True,relu,0.0001,1024,0.1024,LN-toggle-at-depth4,5.5634490763623035e-05,0.00012188144452626539,0.17974952161312102,0.19633213862701882,0.00030951120350331955
univariate_regression/sym_0799b4,24,True,relu,0.001,1024,1.024,depth4/shallow0,0.00016656139378028455,0.00012817652207744912,0.00013552593773056288,8.478448031750983e-05,1.2290001203417076
univariate_regression/sym_0799b4,24,True,relu,0.001,1024,1.024,depth4/shallowLN,0.00016656139378028455,0.00012817652207744912,2.487228539393982e-05,1.0586211927134687e-05,6.696666234815219
univariate_regression/sym_0799b4,24,True,relu,0.001,1024,1.024,LN-toggle-at-depth4,0.00016656139378028455,0.00012817652207744912,5.486748950715992e-05,4.308159146025072e-05,3.035702841088604
univariate_regression/sym_0799b4,24,True,relu,0.003,2048,6.144,depth4/shallow0,0.00015658488791814307,7.621923870824303e-05,8.498294082528445e-05,5.888997742713654e-05,1.8425449436971628
univariate_regression/sym_0799b4,24,True,relu,0.003,2048,6.144,depth4/shallowLN,0.00015658488791814307,7.621923870824303e-05,8.459242308163084e-05,6.158033111206492e-05,1.8510509832191497
univariate_regression/sym_0799b4,24,True,relu,0.003,2048,6.144,LN-toggle-at-depth4,0.00015658488791814307,7.621923870824303e-05,0.00014303978605312295,0.00011659976044348524,1.0946946457259776
univariate_regression/sym_0799b4,24,True,silu,0.0001,1024,0.1024,depth4/shallow0,5.0055143219651654e-05,2.5310611658439674e-05,0.11768477410078049,0.050724502232675016,0.0004253323643786447
univariate_regression/sym_0799b4,24,True,silu,0.0001,1024,0.1024,depth4/shallowLN,5.0055143219651654e-05,2.5310611658439674e-05,0.015985808335244656,0.004186859717606432,0.003131223781114199
univariate_regression/sym_0799b4,24,True,silu,0.0001,1024,0.1024,LN-toggle-at-depth4,5.0055143219651654e-05,2.5310611658439674e-05,0.07306629605591297,0.016834102007406437,0.0006850647414965123
univariate_regression/sym_0799b4,24,True,silu,0.001,1024,1.024,depth4/shallow0,6.572999327545404e-05,4.738062106743673e-05,0.004198285308666528,0.0007683513430787408,0.0156563902743264
univariate_regression/sym_0799b4,24,True,silu,0.001,1024,1.024,depth4/shallowLN,6.572999327545404e-05,4.738062106743673e-05,5.3717162882094274e-05,2.0496340515870507e-05,1.2236311403810949
univariate_regression/sym_0799b4,24,True,silu,0.001,1024,1.024,LN-toggle-at-depth4,6.572999327545404e-05,4.738062106743673e-05,5.978570975457842e-05,5.248713344818407e-05,1.099426494145123
univariate_regression/sym_0799b4,24,True,silu,0.003,2048,6.144,depth4/shallow0,0.00014648397773271428,0.00010043254114374489,6.788464961573481e-05,4.063930252776831e-05,2.157836544224589
univariate_regression/sym_0799b4,24,True,silu,0.003,2048,6.144,depth4/shallowLN,0.00014648397773271428,0.00010043254114374489,8.841969593049725e-05,6.50152713001124e-05,1.6566894535337324
univariate_regression/sym_0799b4,24,True,silu,0.003,2048,6.144,LN-toggle-at-depth4,0.00014648397773271428,0.00010043254114374489,5.184981819184031e-05,2.4861270727144276e-05,2.825158946377303
univariate_regression/sym_1835f3,24,False,gelu,0.0001,1024,0.1024,depth4/shallow0,0.4592859834432602,0.0020434440640633503,0.4712633788585663,0.018461580706072327,0.9745844978569814
univariate_regression/sym_1835f3,24,False,gelu,0.0001,1024,0.1024,depth4/shallowLN,0.4592859834432602,0.0020434440640633503,0.4647395133972168,0.0041517592680464345,0.9882654050349805
univariate_regression/sym_1835f3,24,False,gelu,0.0001,1024,0.1024,LN-toggle-at-depth4,0.4592859834432602,0.0020434440640633503,0.3406897492706776,0.10639169751225669,1.348106259218143
univariate_regression/sym_1835f3,24,False,gelu,0.001,1024,1.024,depth4/shallow0,0.43786579072475434,0.023370028684136457,0.4473653107881546,0.004079457105619527,0.9787656310529211
univariate_regression/sym_1835f3,24,False,gelu,0.001,1024,1.024,depth4/shallowLN,0.43786579072475434,0.023370028684136457,0.3743565261363983,0.060271669544098676,1.1696491450110749
univariate_regression/sym_1835f3,24,False,gelu,0.001,1024,1.024,LN-toggle-at-depth4,0.43786579072475434,0.023370028684136457,0.002039776148740202,0.0021804671006700775,214.66364875145106
univariate_regression/sym_1835f3,24,False,gelu,0.003,2048,6.144,depth4/shallow0,0.00171015197847737,0.0019539684615826097,0.11193770929239691,0.14452042024070327,0.015277711052762518
univariate_regression/sym_1835f3,24,False,gelu,0.003,2048,6.144,depth4/shallowLN,0.00171015197847737,0.0019539684615826097,0.0011512834280438256,0.0011474335509506358,1.4854308998290124
univariate_regression/sym_1835f3,24,False,gelu,0.003,2048,6.144,LN-toggle-at-depth4,0.00171015197847737,0.0019539684615826097,0.001790556768537499,0.0013109678800747359,0.955095090268597
univariate_regression/sym_1835f3,24,False,relu,0.0001,1024,0.1024,depth4/shallow0,0.45856528282165526,0.005055326487690897,0.5555003702640533,0.14218267779095486,0.8254995088548355
univariate_regression/sym_1835f3,24,False,relu,0.0001,1024,0.1024,depth4/shallowLN,0.45856528282165526,0.005055326487690897,0.4605963587760925,0.006871901880661722,0.995590334322585
univariate_regression/sym_1835f3,24,False,relu,0.0001,1024,0.1024,LN-toggle-at-depth4,0.45856528282165526,0.005055326487690897,0.013940109648683575,0.040701903920338935,32.89538564461432
univariate_regression/sym_1835f3,24,False,relu,0.001,1024,1.024,depth4/shallow0,0.2567261049058288,0.13865189319563984,0.3580444246530533,0.03259891093691843,0.7170230486191695
univariate_regression/sym_1835f3,24,False,relu,0.001,1024,1.024,depth4/shallowLN,0.2567261049058288,0.13865189319563984,0.23371473677689208,0.14470603049928935,1.098459209060932
univariate_regression/sym_1835f3,24,False,relu,0.001,1024,1.024,LN-toggle-at-depth4,0.2567261049058288,0.13865189319563984,0.0014060582063393668,0.0013934087534941003,182.58568795256923
univariate_regression/sym_1835f3,24,False,relu,0.003,2048,6.144,depth4/shallow0,0.002263809469877742,0.0020510500493567483,0.0038946512853726746,0.0022618227724858202,0.5812611461211016
univariate_regression/sym_1835f3,24,False,relu,0.003,2048,6.144,depth4/shallowLN,0.002263809469877742,0.0020510500493567483,0.002076437836512923,0.0011220742288703639,1.0902370540884974
univariate_regression/sym_1835f3,24,False,relu,0.003,2048,6.144,LN-toggle-at-depth4,0.002263809469877742,0.0020510500493567483,0.0023850041994592174,0.0017755536480196221,0.9491846892307546
univariate_regression/sym_1835f3,24,False,silu,0.0001,1024,0.1024,depth4/shallow0,0.45919415056705476,0.0015883546461753488,0.466947078704834,0.008783465336007193,0.9833965592861541
univariate_regression/sym_1835f3,24,False,silu,0.0001,1024,0.1024,depth4/shallowLN,0.45919415056705476,0.0015883546461753488,0.46556350886821746,0.003020918692534488,0.9863190345036994
univariate_regression/sym_1835f3,24,False,silu,0.0001,1024,0.1024,LN-toggle-at-depth4,0.45919415056705476,0.0015883546461753488,0.40842288434505464,0.02828612467328702,1.1243105324605323
univariate_regression/sym_1835f3,24,False,silu,0.001,1024,1.024,depth4/shallow0,0.45566670000553133,0.006190811331666255,0.4548332691192627,0.004171803108792255,1.0018323876964463
univariate_regression/sym_1835f3,24,False,silu,0.001,1024,1.024,depth4/shallowLN,0.45566670000553133,0.006190811331666255,0.41430768072605134,0.04020542276175909,1.099826822440271
univariate_regression/sym_1835f3,24,False,silu,0.001,1024,1.024,LN-toggle-at-depth4,0.45566670000553133,0.006190811331666255,0.002294672600692138,0.0026520187698775,198.5759100745306
univariate_regression/sym_1835f3,24,False,silu,0.003,2048,6.144,depth4/shallow0,0.0032294897420797495,0.003091756843714631,0.3523961380124092,0.08529791804585966,0.009164373254187102
univariate_regression/sym_1835f3,24,False,silu,0.003,2048,6.144,depth4/shallowLN,0.0032294897420797495,0.003091756843714631,0.013171173096634448,0.03283945308668823,0.24519378178280582
univariate_regression/sym_1835f3,24,False,silu,0.003,2048,6.144,LN-toggle-at-depth4,0.0032294897420797495,0.003091756843714631,0.001601707450754475,0.001290438202184893,2.016279402682754
univariate_regression/sym_1835f3,24,True,gelu,0.0001,1024,0.1024,depth4/shallow0,0.3406897492706776,0.10639169751225669,0.4712633788585663,0.018461580706072327,0.7229285460199615
univariate_regression/sym_1835f3,24,True,gelu,0.0001,1024,0.1024,depth4/shallowLN,0.3406897492706776,0.10639169751225669,0.4647395133972168,0.0041517592680464345,0.7330767869946259
univariate_regression/sym_1835f3,24,True,gelu,0.0001,1024,0.1024,LN-toggle-at-depth4,0.3406897492706776,0.10639169751225669,0.4592859834432602,0.0020434440640633503,0.7417812899852322
univariate_regression/sym_1835f3,24,True,gelu,0.001,1024,1.024,depth4/shallow0,0.002039776148740202,0.0021804671006700775,0.4473653107881546,0.004079457105619527,0.004559531326080215
univariate_regression/sym_1835f3,24,True,gelu,0.001,1024,1.024,depth4/shallowLN,0.002039776148740202,0.0021804671006700775,0.3743565261363983,0.060271669544098676,0.005448752743252568
univariate_regression/sym_1835f3,24,True,gelu,0.001,1024,1.024,LN-toggle-at-depth4,0.002039776148740202,0.0021804671006700775,0.43786579072475434,0.023370028684136457,0.00465845058451351
univariate_regression/sym_1835f3,24,True,gelu,0.003,2048,6.144,depth4/shallow0,0.001790556768537499,0.0013109678800747359,0.11193770929239691,0.14452042024070327,0.01599601045846235
univariate_regression/sym_1835f3,24,True,gelu,0.003,2048,6.144,depth4/shallowLN,0.001790556768537499,0.0013109678800747359,0.0011512834280438256,0.0011474335509506358,1.5552701662525263
univariate_regression/sym_1835f3,24,True,gelu,0.003,2048,6.144,LN-toggle-at-depth4,0.001790556768537499,0.0013109678800747359,0.00171015197847737,0.0019539684615826097,1.0470161664413693
univariate_regression/sym_1835f3,24,True,relu,0.0001,1024,0.1024,depth4/shallow0,0.013940109648683575,0.040701903920338935,0.5555003702640533,0.14218267779095486,0.02509469011165058
univariate_regression/sym_1835f3,24,True,relu,0.0001,1024,0.1024,depth4/shallowLN,0.013940109648683575,0.040701903920338935,0.4605963587760925,0.006871901880661722,0.0302653492218774
univariate_regression/sym_1835f3,24,True,relu,0.0001,1024,0.1024,LN-toggle-at-depth4,0.013940109648683575,0.040701903920338935,0.45856528282165526,0.005055326487690897,0.03039940041449921
univariate_regression/sym_1835f3,24,True,relu,0.001,1024,1.024,depth4/shallow0,0.0014060582063393668,0.0013934087534941003,0.3580444246530533,0.03259891093691843,0.003927049576883773
univariate_regression/sym_1835f3,24,True,relu,0.001,1024,1.024,depth4/shallowLN,0.0014060582063393668,0.0013934087534941003,0.23371473677689208,0.14470603049928935,0.006016129858690139
univariate_regression/sym_1835f3,24,True,relu,0.001,1024,1.024,LN-toggle-at-depth4,0.0014060582063393668,0.0013934087534941003,0.2567261049058288,0.13865189319563984,0.005476880533263772
univariate_regression/sym_1835f3,24,True,relu,0.003,2048,6.144,depth4/shallow0,0.0023850041994592174,0.0017755536480196221,0.0038946512853726746,0.0022618227724858202,0.6123793954074117
univariate_regression/sym_1835f3,24,True,relu,0.003,2048,6.144,depth4/shallowLN,0.0023850041994592174,0.0017755536480196221,0.002076437836512923,0.0011220742288703639,1.1486037084859169
univariate_regression/sym_1835f3,24,True,relu,0.003,2048,6.144,LN-toggle-at-depth4,0.0023850041994592174,0.0017755536480196221,0.002263809469877742,0.0020510500493567483,1.053535746357674
univariate_regression/sym_1835f3,24,True,silu,0.0001,1024,0.1024,depth4/shallow0,0.40842288434505464,0.02828612467328702,0.466947078704834,0.008783465336007193,0.8746663229543972
univariate_regression/sym_1835f3,24,True,silu,0.0001,1024,0.1024,depth4/shallowLN,0.40842288434505464,0.02828612467328702,0.46556350886821746,0.003020918692534488,0.8772656717403144
univariate_regression/sym_1835f3,24,True,silu,0.0001,1024,0.1024,LN-toggle-at-depth4,0.40842288434505464,0.02828612467328702,0.45919415056705476,0.0015883546461753488,0.889433987433631
univariate_regression/sym_1835f3,24,True,silu,0.001,1024,1.024,depth4/shallow0,0.002294672600692138,0.0026520187698775,0.4548332691192627,0.004171803108792255,0.005045085213611425
univariate_regression/sym_1835f3,24,True,silu,0.001,1024,1.024,depth4/shallowLN,0.002294672600692138,0.0026520187698775,0.41430768072605134,0.04020542276175909,0.005538571229649547
univariate_regression/sym_1835f3,24,True,silu,0.001,1024,1.024,LN-toggle-at-depth4,0.002294672600692138,0.0026520187698775,0.45566670000553133,0.006190811331666255,0.005035857570158809
univariate_regression/sym_1835f3,24,True,silu,0.003,2048,6.144,depth4/shallow0,0.001601707450754475,0.001290438202184893,0.3523961380124092,0.08529791804585966,0.0045451901368399016
univariate_regression/sym_1835f3,24,True,silu,0.003,2048,6.144,depth4/shallowLN,0.001601707450754475,0.001290438202184893,0.013171173096634448,0.03283945308668823,0.12160704585711882
univariate_regression/sym_1835f3,24,True,silu,0.003,2048,6.144,LN-toggle-at-depth4,0.001601707450754475,0.001290438202184893,0.0032294897420797495,0.003091756843714631,0.4959630092285093
univariate_regression/sym_39891e,24,False,gelu,0.0001,256,0.0256,depth4/shallow0,0.05554877072572708,0.00806075451864104,0.04372965712100267,0.015317232605909975,1.2702768414584222
univariate_regression/sym_39891e,24,False,gelu,0.0001,256,0.0256,depth4/shallowLN,0.05554877072572708,0.00806075451864104,0.02765791807323694,0.012900308728872358,2.0084219852931953
univariate_regression/sym_39891e,24,False,gelu,0.0001,256,0.0256,LN-toggle-at-depth4,0.05554877072572708,0.00806075451864104,0.00018436129284964408,0.00010116646400108708,301.30386843744856
univariate_regression/sym_39891e,24,False,gelu,0.0001,1024,0.1024,depth4/shallow0,0.007162422500550747,0.0031695276315327637,0.012120009027421474,0.0016338648093605207,0.5909585120230351
univariate_regression/sym_39891e,24,False,gelu,0.0001,1024,0.1024,depth4/shallowLN,0.007162422500550747,0.0031695276315327637,0.007805167394690215,0.005121338680749828,0.9176513633036593
univariate_regression/sym_39891e,24,False,gelu,0.0001,1024,0.1024,LN-toggle-at-depth4,0.007162422500550747,0.0031695276315327637,1.1697007721522823e-05,9.036725775694661e-06,612.3294667380349
univariate_regression/sym_39891e,24,False,gelu,0.0001,2048,0.2048,depth4/shallow0,0.00042590786426899285,0.00074694186608867,0.007880981685593725,0.002036249456754983,0.054042488773644
univariate_regression/sym_39891e,24,False,gelu,0.0001,2048,0.2048,depth4/shallowLN,0.00042590786426899285,0.00074694186608867,0.0020631021092412994,0.003991552551944681,0.20644051613403633
univariate_regression/sym_39891e,24,False,gelu,0.0001,2048,0.2048,LN-toggle-at-depth4,0.00042590786426899285,0.00074694186608867,3.843413742288248e-06,2.482914705726627e-06,110.81499230301982
univariate_regression/sym_39891e,24,False,gelu,0.000125,2048,0.256,depth4/shallow0,1.716337524158007e-05,2.0046294245676514e-05,0.00597138877492398,0.0025105268542136303,0.002874268597893891
univariate_regression/sym_39891e,24,False,gelu,0.000125,2048,0.256,depth4/shallowLN,1.716337524158007e-05,2.0046294245676514e-05,0.0011791662152973003,0.002769132179198778,0.014555518144024088
univariate_regression/sym_39891e,24,False,gelu,0.000125,2048,0.256,LN-toggle-at-depth4,1.716337524158007e-05,2.0046294245676514e-05,9.846657178513851e-06,1.0155731785981823e-05,1.7430661929646387
univariate_regression/sym_39891e,24,False,gelu,0.00025,1024,0.256,depth4/shallow0,8.596991390277253e-05,0.00014626971337348879,0.006223565805703402,0.0025077404994824637,0.013813610490627086
univariate_regression/sym_39891e,24,False,gelu,0.00025,1024,0.256,depth4/shallowLN,8.596991390277253e-05,0.00014626971337348879,0.001358601691754302,0.003120605626120695,0.06327823263031816
univariate_regression/sym_39891e,24,False,gelu,0.00025,1024,0.256,LN-toggle-at-depth4,8.596991390277253e-05,0.00014626971337348879,1.251880028121377e-05,1.4949640895327996e-05,6.867264591782212
univariate_regression/sym_39891e,24,False,gelu,0.0003,256,0.0768,depth4/shallow0,0.01847823625430465,0.009398321316574818,0.015787812974303962,0.00500765176636892,1.1704113979801751
univariate_regression/sym_39891e,24,False,gelu,0.0003,256,0.0768,depth4/shallowLN,0.01847823625430465,0.009398321316574818,0.012189001915976405,0.005070334064709904,1.5159761547075319
univariate_regression/sym_39891e,24,False,gelu,0.0003,256,0.0768,LN-toggle-at-depth4,0.01847823625430465,0.009398321316574818,5.502124531631125e-05,3.033621863830675e-05,335.83820482570405
univariate_regression/sym_39891e,24,False,gelu,0.0003,1024,0.3072,depth4/shallow0,9.73304404396913e-06,9.760646215524278e-06,0.004614653554745019,0.002667227698410823,0.002109160293075766
univariate_regression/sym_39891e,24,False,gelu,0.0003,1024,0.3072,depth4/shallowLN,9.73304404396913e-06,9.760646215524278e-06,0.0006368920410750433,0.001548102452906712,0.015282094006921827
univariate_regression/sym_39891e,24,False,gelu,0.0003,1024,0.3072,LN-toggle-at-depth4,9.73304404396913e-06,9.760646215524278e-06,1.7146462721484567e-05,2.4107118822851082e-05,0.5676415131252464
univariate_regression/sym_39891e,24,False,gelu,0.0003,2048,0.6144,depth4/shallow0,9.868168183402304e-06,7.474430314074989e-06,0.0009496545273577795,0.0010994620228935697,0.01039132431754785
univariate_regression/sym_39891e,24,False,gelu,0.0003,2048,0.6144,depth4/shallowLN,9.868168183402304e-06,7.474430314074989e-06,1.775152559275739e-05,2.480382201701438e-05,0.555905357645909
univariate_regression/sym_39891e,24,False,gelu,0.0003,2048,0.6144,LN-toggle-at-depth4,9.868168183402304e-06,7.474430314074989e-06,1.10810859268895e-05,1.1338819809561854e-05,0.8905416173568409
univariate_regression/sym_39891e,24,False,gelu,0.0005,2048,1.024,depth4/shallow0,8.34415525332588e-06,9.185186365162883e-06,0.00027160419267602265,0.00030515037108852917,0.030721746859331548
univariate_regression/sym_39891e,24,False,gelu,0.0005,2048,1.024,depth4/shallowLN,8.34415525332588e-06,9.185186365162883e-06,8.311251201575942e-06,6.287570954908565e-06,1.0039589769280104
univariate_regression/sym_39891e,24,False,gelu,0.0005,2048,1.024,LN-toggle-at-depth4,8.34415525332588e-06,9.185186365162883e-06,2.961042193874164e-05,4.715337203448834e-05,0.2817979179961825
univariate_regression/sym_39891e,24,False,gelu,0.001,256,0.256,depth4/shallow0,0.00011168897804054722,0.00014841529644882124,0.007305906200781464,0.0021919776959649266,0.015287491376306007
univariate_regression/sym_39891e,24,False,gelu,0.001,256,0.256,depth4/shallowLN,0.00011168897804054722,0.00014841529644882124,0.0021769517014035957,0.004128662654291751,0.05130521635759555
univariate_regression/sym_39891e,24,False,gelu,0.001,256,0.256,LN-toggle-at-depth4,0.00011168897804054722,0.00014841529644882124,0.00010865065069083357,8.935050382865301e-05,1.027964189173236
univariate_regression/sym_39891e,24,False,gelu,0.001,1024,1.024,depth4/shallow0,1.1629114464994927e-05,1.3160061049691233e-05,0.000315093779045128,0.00028624027833949284,0.03690683611792093
univariate_regression/sym_39891e,24,False,gelu,0.001,1024,1.024,depth4/shallowLN,1.1629114464994927e-05,1.3160061049691233e-05,2.0165095725133143e-05,2.1791744081854737e-05,0.5766952274122241
univariate_regression/sym_39891e,24,False,gelu,0.001,1024,1.024,LN-toggle-at-depth4,1.1629114464994927e-05,1.3160061049691233e-05,4.3891119457839525e-05,3.896247488981477e-05,0.26495369925949375
univariate_regression/sym_39891e,24,False,gelu,0.001,2048,2.048,depth4/shallow0,8.117670836327306e-06,8.31411707890561e-06,4.115675466209723e-05,0.00010248066209765469,0.1972378751185445
univariate_regression/sym_39891e,24,False,gelu,0.001,2048,2.048,depth4/shallowLN,8.117670836327306e-06,8.31411707890561e-06,5.171736916054215e-06,3.4272279777532043e-06,1.569621766940283
univariate_regression/sym_39891e,24,False,gelu,0.001,2048,2.048,LN-toggle-at-depth4,8.117670836327306e-06,8.31411707890561e-06,5.530427902158408e-05,5.080925248177823e-05,0.14678196660260506
univariate_regression/sym_39891e,24,False,gelu,0.003,256,0.768,depth4/shallow0,3.7305239038687434e-05,2.9814924187066986e-05,0.0010432503535412253,0.0016000913881348525,0.03575866417112436
univariate_regression/sym_39891e,24,False,gelu,0.003,256,0.768,depth4/shallowLN,3.7305239038687434e-05,2.9814924187066986e-05,8.897091465769336e-05,9.49114652776975e-05,0.4192970161340432
univariate_regression/sym_39891e,24,False,gelu,0.003,256,0.768,LN-toggle-at-depth4,3.7305239038687434e-05,2.9814924187066986e-05,0.0001696178568636242,0.00012474276400825825,0.21993697909225157
univariate_regression/sym_39891e,24,False,gelu,0.003,1024,3.072,depth4/shallow0,4.89205574240259e-05,4.380523014219737e-05,3.2323532195732696e-05,4.688229803691261e-05,1.5134657044221276
univariate_regression/sym_39891e,24,False,gelu,0.003,1024,3.072,depth4/shallowLN,4.89205574240259e-05,4.380523014219737e-05,2.8993789055675733e-05,2.381434395666498e-05,1.6872771382203793
univariate_regression/sym_39891e,24,False,gelu,0.003,1024,3.072,LN-toggle-at-depth4,4.89205574240259e-05,4.380523014219737e-05,0.00013858566126145888,0.00015543955453851293,0.3529986939394203
univariate_regression/sym_39891e,24,False,gelu,0.003,2048,6.144,depth4/shallow0,1.7712644921630272e-05,2.0014533437939127e-05,9.511996677247225e-06,5.978863857600043e-06,1.8621374168474076
univariate_regression/sym_39891e,24,False,gelu,0.003,2048,6.144,depth4/shallowLN,1.7712644921630272e-05,2.0014533437939127e-05,1.6255845412160853e-05,1.900276910048273e-05,1.0896169637772024
univariate_regression/sym_39891e,24,False,gelu,0.003,2048,6.144,LN-toggle-at-depth4,1.7712644921630272e-05,2.0014533437939127e-05,0.0001014444340398768,0.00011582468565858023,0.17460440377308042
univariate_regression/sym_39891e,24,False,gelu,0.004,256,1.024,depth4/shallow0,7.043346208774892e-05,7.363797906757965e-05,0.00047274567186832427,0.00044277055703635855,0.14898806330556322
univariate_regression/sym_39891e,24,False,gelu,0.004,256,1.024,depth4/shallowLN,7.043346208774892e-05,7.363797906757965e-05,0.00010455059000378242,0.00010241962137769886,0.6736782842182027
univariate_regression/sym_39891e,24,False,gelu,0.004,256,1.024,LN-toggle-at-depth4,7.043346208774892e-05,7.363797906757965e-05,0.00043731075602408963,0.0004395027586633267,0.1610604384125165
univariate_regression/sym_39891e,24,False,relu,0.0001,256,0.0256,depth4/shallow0,0.05355382710695267,0.009518551474806004,0.04858367424458265,0.023040332300485376,1.102300884806468
univariate_regression/sym_39891e,24,False,relu,0.0001,256,0.0256,depth4/shallowLN,0.05355382710695267,0.009518551474806004,0.02988623911514878,0.019481769694750264,1.7919225935593623
univariate_regression/sym_39891e,24,False,relu,0.0001,256,0.0256,LN-toggle-at-depth4,0.05355382710695267,0.009518551474806004,0.0006404595977073768,0.000830341407212762,83.61780711641576
univariate_regression/sym_39891e,24,False,relu,0.0001,1024,0.1024,depth4/shallow0,0.006670813489472493,0.00718200109538046,0.012179739074781537,0.007466272796178913,0.5476975695878892
univariate_regression/sym_39891e,24,False,relu,0.0001,1024,0.1024,depth4/shallowLN,0.006670813489472493,0.00718200109538046,0.006487234600353986,0.005860321163033514,1.0282984816224296
univariate_regression/sym_39891e,24,False,relu,0.0001,1024,0.1024,LN-toggle-at-depth4,0.006670813489472493,0.00718200109538046,6.71787645387667e-06,5.52387303601807e-06,992.9943688712794
univariate_regression/sym_39891e,24,False,relu,0.0001,2048,0.2048,depth4/shallow0,6.798344954859204e-05,0.0001289895919748646,0.003715247078798711,0.00276307629864978,0.018298500236106456
univariate_regression/sym_39891e,24,False,relu,0.0001,2048,0.2048,depth4/shallowLN,6.798344954859204e-05,0.0001289895919748646,0.0019241202047851403,0.004544192493423736,0.035332225803524325
univariate_regression/sym_39891e,24,False,relu,0.0001,2048,0.2048,LN-toggle-at-depth4,6.798344954859204e-05,0.0001289895919748646,6.687347718070669e-06,6.393984215410719e-06,10.165980956080086
univariate_regression/sym_39891e,24,False,relu,0.000125,2048,0.256,depth4/shallow0,8.119988854105031e-06,8.474648315876667e-06,0.002220678309095092,0.0023903378900217214,0.003656535402200537
univariate_regression/sym_39891e,24,False,relu,0.000125,2048,0.256,depth4/shallowLN,8.119988854105031e-06,8.474648315876667e-06,0.0014427526144572766,0.003958214802854922,0.0056281227791498715
univariate_regression/sym_39891e,24,False,relu,0.000125,2048,0.256,LN-toggle-at-depth4,8.119988854105031e-06,8.474648315876667e-06,7.893127940405974e-06,8.519297324107957e-06,1.028741573101549
univariate_regression/sym_39891e,24,False,relu,0.00025,1024,0.256,depth4/shallow0,2.1258904689602785e-05,2.953740946442515e-05,0.002481814956991002,0.0026462389946785066,0.008565870162768894
univariate_regression/sym_39891e,24,False,relu,0.00025,1024,0.256,depth4/shallowLN,2.1258904689602785e-05,2.953740946442515e-05,0.0016551303990127054,0.004460348285945578,0.012844247620781929
univariate_regression/sym_39891e,24,False,relu,0.00025,1024,0.256,LN-toggle-at-depth4,2.1258904689602785e-05,2.953740946442515e-05,2.2060640480958683e-05,1.7457099156987734e-05,0.9636576375899918
univariate_regression/sym_39891e,24,False,relu,0.0003,256,0.0768,depth4/shallow0,0.020660747541114688,0.013471894770631236,0.018618234246969224,0.010668042801155991,1.1097049949555746
univariate_regression/sym_39891e,24,False,relu,0.0003,256,0.0768,depth4/shallowLN,0.020660747541114688,0.013471894770631236,0.012189560174010693,0.00880269499944802,1.694954308947535
univariate_regression/sym_39891e,24,False,relu,0.0003,256,0.0768,LN-toggle-at-depth4,0.020660747541114688,0.013471894770631236,2.187432055507088e-05,1.6620085024797455e-05,944.5206532975094
univariate_regression/sym_39891e,24,False,relu,0.0003,1024,0.3072,depth4/shallow0,6.652403544649132e-06,4.8077410599091405e-06,0.0015659754863008857,0.00222612830330751,0.004248089196059703
univariate_regression/sym_39891e,24,False,relu,0.0003,1024,0.3072,depth4/shallowLN,6.652403544649132e-06,4.8077410599091405e-06,0.0013130780622304882,0.0037441182716399647,0.005066266611254539
univariate_regression/sym_39891e,24,False,relu,0.0003,1024,0.3072,LN-toggle-at-depth4,6.652403544649132e-06,4.8077410599091405e-06,1.823885348812837e-05,1.8949275192355134e-05,0.36473803295690527
univariate_regression/sym_39891e,24,False,relu,0.0003,2048,0.6144,depth4/shallow0,2.311465260618206e-06,1.492051299739464e-06,4.651822159758012e-05,7.524206336639631e-05,0.04968945890954801
univariate_regression/sym_39891e,24,False,relu,0.0003,2048,0.6144,depth4/shallowLN,2.311465260618206e-06,1.492051299739464e-06,1.6329548861904188e-05,1.496106197706193e-05,0.1415510789774915
univariate_regression/sym_39891e,24,False,relu,0.0003,2048,0.6144,LN-toggle-at-depth4,2.311465260618206e-06,1.492051299739464e-06,3.337507571359311e-05,4.3358570164120636e-05,0.0692572289709229
univariate_regression/sym_39891e,24,False,relu,0.0005,2048,1.024,depth4/shallow0,8.142628837504163e-06,8.922849248846788e-06,8.961941807683615e-06,4.702315316318647e-06,0.9085786330952288
univariate_regression/sym_39891e,24,False,relu,0.0005,2048,1.024,depth4/shallowLN,8.142628837504163e-06,8.922849248846788e-06,1.571535149196279e-05,1.3015108775246334e-05,0.5181321487889404
univariate_regression/sym_39891e,24,False,relu,0.0005,2048,1.024,LN-toggle-at-depth4,8.142628837504163e-06,8.922849248846788e-06,2.5930912806870764e-05,3.5902272838390684e-05,0.3140124259469438
univariate_regression/sym_39891e,24,False,relu,0.001,256,0.256,depth4/shallow0,0.00010309693843737477,8.258831580157847e-05,0.0033871175954118373,0.0025177508653360463,0.03043795662041054
univariate_regression/sym_39891e,24,False,relu,0.001,256,0.256,depth4/shallowLN,0.00010309693843737477,8.258831580157847e-05,0.002033882448449731,0.0036083324019714792,0.05068972325119256
univariate_regression/sym_39891e,24,False,relu,0.001,256,0.256,LN-toggle-at-depth4,0.00010309693843737477,8.258831580157847e-05,7.843382891223883e-05,5.686512670407718e-05,1.3144447984648562
univariate_regression/sym_39891e,24,False,relu,0.001,1024,1.024,depth4/shallow0,9.812182895529986e-06,7.649112361739398e-06,2.6672098101698793e-05,3.1312273004644974e-05,0.36788192882752746
univariate_regression/sym_39891e,24,False,relu,0.001,1024,1.024,depth4/shallowLN,9.812182895529986e-06,7.649112361739398e-06,3.83515153771441e-05,5.670344303421571e-05,0.25584863594145324
univariate_regression/sym_39891e,24,False,relu,0.001,1024,1.024,LN-toggle-at-depth4,9.812182895529986e-06,7.649112361739398e-06,4.357214329502313e-05,3.511064504365098e-05,0.22519394625810724
univariate_regression/sym_39891e,24,False,relu,0.001,2048,2.048,depth4/shallow0,1.4379881201875833e-05,2.09004887432984e-05,1.216193497839413e-05,9.910278363974944e-06,1.1823678738146455
univariate_regression/sym_39891e,24,False,relu,0.001,2048,2.048,depth4/shallowLN,1.4379881201875833e-05,2.09004887432984e-05,2.1296138038451316e-05,1.9234027065063335e-05,0.675234222088164
univariate_regression/sym_39891e,24,False,relu,0.001,2048,2.048,LN-toggle-at-depth4,1.4379881201875833e-05,2.09004887432984e-05,4.389797632029513e-05,2.404035165095076e-05,0.3275750366475927
univariate_regression/sym_39891e,24,False,relu,0.003,256,0.768,depth4/shallow0,9.477114545006771e-05,0.00011025976572431623,0.0001923731564602349,0.00017008852781377,0.4926422542204202
univariate_regression/sym_39891e,24,False,relu,0.003,256,0.768,depth4/shallowLN,9.477114545006771e-05,0.00011025976572431623,0.000137603747407411,0.00011403611821754668,0.6887250328254038
univariate_regression/sym_39891e,24,False,relu,0.003,256,0.768,LN-toggle-at-depth4,9.477114545006771e-05,0.00011025976572431623,0.00024181933258660138,0.00012586907263602024,0.39190888683859826
univariate_regression/sym_39891e,24,False,relu,0.003,1024,3.072,depth4/shallow0,5.9986469568684694e-05,7.110777267022669e-05,2.4071554980764633e-05,1.6915215168710143e-05,2.4920064207160424
univariate_regression/sym_39891e,24,False,relu,0.003,1024,3.072,depth4/shallowLN,5.9986469568684694e-05,7.110777267022669e-05,5.460567881527822e-05,4.781436919819197e-05,1.0985390323890813
univariate_regression/sym_39891e,24,False,relu,0.003,1024,3.072,LN-toggle-at-depth4,5.9986469568684694e-05,7.110777267022669e-05,0.00010145393644052092,6.366783402698946e-05,0.5912680342753657
univariate_regression/sym_39891e,24,False,relu,0.003,2048,6.144,depth4/shallow0,2.1365920656535308e-05,2.0120624438343454e-05,2.3090235845302232e-05,1.3446501297388364e-05,0.9253227554573575
univariate_regression/sym_39891e,24,False,relu,0.003,2048,6.144,depth4/shallowLN,2.1365920656535308e-05,2.0120624438343454e-05,3.909305196430069e-05,2.6201635493461536e-05,0.546540103239993
univariate_regression/sym_39891e,24,False,relu,0.003,2048,6.144,LN-toggle-at-depth4,2.1365920656535308e-05,2.0120624438343454e-05,0.0001406043289534864,0.00023424752099096598,0.15195777267713723
univariate_regression/sym_39891e,24,False,relu,0.004,256,1.024,depth4/shallow0,9.651219052102533e-05,7.460174464729656e-05,9.20479001251806e-05,7.029516639857144e-05,1.048499644095884
univariate_regression/sym_39891e,24,False,relu,0.004,256,1.024,depth4/shallowLN,9.651219052102533e-05,7.460174464729656e-05,0.00015090193301148247,0.00013785068322757246,0.6395689478257479
univariate_regression/sym_39891e,24,False,relu,0.004,256,1.024,LN-toggle-at-depth4,9.651219052102533e-05,7.460174464729656e-05,0.0002850654473149916,0.00017682480728989594,0.33856151782008603
univariate_regression/sym_39891e,24,False,silu,0.0001,256,0.0256,depth4/shallow0,0.05643347315490246,0.007757336666211678,0.04358600229024887,0.012787885498131408,1.2947613956219115
univariate_regression/sym_39891e,24,False,silu,0.0001,256,0.0256,depth4/shallowLN,0.05643347315490246,0.007757336666211678,0.029832157678902148,0.01238696570710097,1.891699345462137
univariate_regression/sym_39891e,24,False,silu,0.0001,256,0.0256,LN-toggle-at-depth4,0.05643347315490246,0.007757336666211678,0.00043308240055921486,0.0004798486050858871,130.3065492433613
univariate_regression/sym_39891e,24,False,silu,0.0001,1024,0.1024,depth4/shallow0,0.012491467781364918,0.003989689139282233,0.013544670958071946,0.0017472670139834744,0.9222422471562979
univariate_regression/sym_39891e,24,False,silu,0.0001,1024,0.1024,depth4/shallowLN,0.012491467781364918,0.003989689139282233,0.011978257773444056,0.0037363627083859133,1.0428451297031405
univariate_regression/sym_39891e,24,False,silu,0.0001,1024,0.1024,LN-toggle-at-depth4,0.012491467781364918,0.003989689139282233,2.4440422475890954e-05,1.3480033721836656e-05,511.0986847173783
univariate_regression/sym_39891e,24,False,silu,0.0001,2048,0.2048,depth4/shallow0,0.0029416816832963377,0.0020057459408642,0.011107621528208256,0.0009397611802978822,0.2648345260797568
univariate_regression/sym_39891e,24,False,silu,0.0001,2048,0.2048,depth4/shallowLN,0.0029416816832963377,0.0020057459408642,0.0034159406670369206,0.004289886591774628,0.8611629914075856
univariate_regression/sym_39891e,24,False,silu,0.0001,2048,0.2048,LN-toggle-at-depth4,0.0029416816832963377,0.0020057459408642,9.765465983946342e-06,2.593986889729555e-06,301.2331094217348
univariate_regression/sym_39891e,24,False,silu,0.000125,2048,0.256,depth4/shallow0,0.0008951289925789752,0.001447041944942634,0.010093212686479091,0.0010547516903298489,0.08868623107269835
univariate_regression/sym_39891e,24,False,silu,0.000125,2048,0.256,depth4/shallowLN,0.0008951289925789752,0.001447041944942634,0.002183391130529344,0.0038327241076970536,0.4099718919174866
univariate_regression/sym_39891e,24,False,silu,0.000125,2048,0.256,LN-toggle-at-depth4,0.0008951289925789752,0.001447041944942634,1.718258577056986e-05,1.5286816170954902e-05,52.09512727194659
univariate_regression/sym_39891e,24,False,silu,0.00025,1024,0.256,depth4/shallow0,0.0010652755464434448,0.0015972087888634517,0.010237849503755569,0.0010697151994139185,0.10405266712044046
univariate_regression/sym_39891e,24,False,silu,0.00025,1024,0.256,depth4/shallowLN,0.0010652755464434448,0.0015972087888634517,0.0024036282498855143,0.004046450969616145,0.44319480206399814
univariate_regression/sym_39891e,24,False,silu,0.00025,1024,0.256,LN-toggle-at-depth4,0.0010652755464434448,0.0015972087888634517,2.1709735665353947e-05,1.2699507285493422e-05,49.069024278517254
univariate_regression/sym_39891e,24,False,silu,0.0003,256,0.0768,depth4/shallow0,0.026054547633975744,0.009533829257152059,0.017589960992336274,0.004691428617628728,1.481216908060648
univariate_regression/sym_39891e,24,False,silu,0.0003,256,0.0768,depth4/shallowLN,0.026054547633975744,0.009533829257152059,0.015710391104221344,0.002640728598340703,1.658427690382256
univariate_regression/sym_39891e,24,False,silu,0.0003,256,0.0768,LN-toggle-at-depth4,0.026054547633975744,0.009533829257152059,8.217778122343589e-05,4.27596933577642e-05,317.0509990180335
univariate_regression/sym_39891e,24,False,silu,0.0003,1024,0.3072,depth4/shallow0,0.00041587807627365694,0.0008516665936531227,0.009276066767051816,0.001265822515847651,0.044833450072916434
univariate_regression/sym_39891e,24,False,silu,0.0003,1024,0.3072,depth4/shallowLN,0.00041587807627365694,0.0008516665936531227,0.0016266673366772011,0.003467435949615067,0.2556626465022483
univariate_regression/sym_39891e,24,False,silu,0.0003,1024,0.3072,LN-toggle-at-depth4,0.00041587807627365694,0.0008516665936531227,2.7541502595340718e-05,2.2024106793297995e-05,15.100050363410903
univariate_regression/sym_39891e,24,False,silu,0.0003,2048,0.6144,depth4/shallow0,5.180481366551248e-06,3.6911743605726147e-06,0.0024082410731352867,0.0024132100499693722,0.0021511473350160847
univariate_regression/sym_39891e,24,False,silu,0.0003,2048,0.6144,depth4/shallowLN,5.180481366551248e-06,3.6911743605726147e-06,7.386823835986434e-05,0.0001640285286228469,0.07013137826996045
univariate_regression/sym_39891e,24,False,silu,0.0003,2048,0.6144,LN-toggle-at-depth4,5.180481366551248e-06,3.6911743605726147e-06,2.468060979481379e-05,2.5573056754381895e-05,0.20990086588702675
univariate_regression/sym_39891e,24,False,silu,0.0005,2048,1.024,depth4/shallow0,4.6269419726741035e-06,3.269834994835427e-06,0.0008606251678429544,0.0004043733251740527,0.0053762568718167215
univariate_regression/sym_39891e,24,False,silu,0.0005,2048,1.024,depth4/shallowLN,4.6269419726741035e-06,3.269834994835427e-06,1.003469178613159e-05,3.6068705005540335e-06,0.4610945778193957
univariate_regression/sym_39891e,24,False,silu,0.0005,2048,1.024,LN-toggle-at-depth4,4.6269419726741035e-06,3.269834994835427e-06,2.9301226516054157e-05,3.341036734530537e-05,0.1579094980935013
univariate_regression/sym_39891e,24,False,silu,0.001,256,0.256,depth4/shallow0,0.0015594664062518859,0.0013874093393912781,0.010791593790054321,0.0010095279662812626,0.144507515441242
univariate_regression/sym_39891e,24,False,silu,0.001,256,0.256,depth4/shallowLN,0.0015594664062518859,0.0013874093393912781,0.003450067015364766,0.004484902494156262,0.45201046800159267
univariate_regression/sym_39891e,24,False,silu,0.001,256,0.256,LN-toggle-at-depth4,0.0015594664062518859,0.0013874093393912781,8.918417952372693e-05,5.590298707406499e-05,17.48590853871116
univariate_regression/sym_39891e,24,False,silu,0.001,1024,1.024,depth4/shallow0,5.163854598322359e-06,5.357066280814446e-06,0.0010291441285517067,0.0009299865040614874,0.005017620423671217
univariate_regression/sym_39891e,24,False,silu,0.001,1024,1.024,depth4/shallowLN,5.163854598322359e-06,5.357066280814446e-06,2.6368735461801407e-05,2.12238019444638e-05,0.19583247007816829
univariate_regression/sym_39891e,24,False,silu,0.001,1024,1.024,LN-toggle-at-depth4,5.163854598322359e-06,5.357066280814446e-06,3.0369224987225607e-05,2.5210821348157013e-05,0.17003577142631934
univariate_regression/sym_39891e,24,False,silu,0.001,2048,2.048,depth4/shallow0,1.5001474866949139e-05,3.374008868272652e-05,0.00033962381166929845,0.000255707171050311,0.04417085714106674
univariate_regression/sym_39891e,24,False,silu,0.001,2048,2.048,depth4/shallowLN,1.5001474866949139e-05,3.374008868272652e-05,9.07976877897454e-06,1.041754904103191e-05,1.6521868818605965
univariate_regression/sym_39891e,24,False,silu,0.001,2048,2.048,LN-toggle-at-depth4,1.5001474866949139e-05,3.374008868272652e-05,1.8869793029807626e-05,2.9402639625060152e-05,0.7949994386929466
univariate_regression/sym_39891e,24,False,silu,0.003,256,0.768,depth4/shallow0,4.546703366941074e-05,5.7021056427158276e-05,0.0037992759607732296,0.0022013198809355994,0.01196728906740359
univariate_regression/sym_39891e,24,False,silu,0.003,256,0.768,depth4/shallowLN,4.546703366941074e-05,5.7021056427158276e-05,0.0001265599923499394,0.0001319629722727723,0.35925281619561117
univariate_regression/sym_39891e,24,False,silu,0.003,256,0.768,LN-toggle-at-depth4,4.546703366941074e-05,5.7021056427158276e-05,0.00028456958407332424,0.00017868784936076991,0.1597747483009125
univariate_regression/sym_39891e,24,False,silu,0.003,1024,3.072,depth4/shallow0,2.638304918036738e-05,2.7292669585109247e-05,0.00010344967856781295,0.00014107230076667218,0.25503268396404793
univariate_regression/sym_39891e,24,False,silu,0.003,1024,3.072,depth4/shallowLN,2.638304918036738e-05,2.7292669585109247e-05,3.182916052537621e-05,2.3047030723542628e-05,0.8288955393383106
univariate_regression/sym_39891e,24,False,silu,0.003,1024,3.072,LN-toggle-at-depth4,2.638304918036738e-05,2.7292669585109247e-05,0.0001662404498347314,0.00014601551273918452,0.15870414936073737
univariate_regression/sym_39891e,24,False,silu,0.003,2048,6.144,depth4/shallow0,6.328804978465996e-05,0.00012061286200561082,1.4424501659959788e-05,2.1221916286513212e-05,4.387538043018701
univariate_regression/sym_39891e,24,False,silu,0.003,2048,6.144,depth4/shallowLN,6.328804978465996e-05,0.00012061286200561082,7.567010266029684e-06,7.001517323230985e-06,8.363679651496815
univariate_regression/sym_39891e,24,False,silu,0.003,2048,6.144,LN-toggle-at-depth4,6.328804978465996e-05,0.00012061286200561082,9.953212165783042e-05,9.944157201355685e-05,0.6358555281503029
univariate_regression/sym_39891e,24,False,silu,0.004,256,1.024,depth4/shallow0,7.134025267987453e-05,0.00010099313558075654,0.0015487354481592774,0.0020178403737553395,0.04606354995274677
univariate_regression/sym_39891e,24,False,silu,0.004,256,1.024,depth4/shallowLN,7.134025267987453e-05,0.00010099313558075654,0.00011130127204523887,6.427318732032294e-05,0.6409652950855583
univariate_regression/sym_39891e,24,False,silu,0.004,256,1.024,LN-toggle-at-depth4,7.134025267987453e-05,0.00010099313558075654,0.0003412007063161582,0.0003506454009574156,0.20908588803966402
univariate_regression/sym_39891e,24,True,gelu,0.0001,256,0.0256,depth4/shallow0,0.00018436129284964408,0.00010116646400108708,0.04372965712100267,0.015317232605909975,0.004215932732779152
univariate_regression/sym_39891e,24,True,gelu,0.0001,256,0.0256,depth4/shallowLN,0.00018436129284964408,0.00010116646400108708,0.02765791807323694,0.012900308728872358,0.006665768998283368
univariate_regression/sym_39891e,24,True,gelu,0.0001,256,0.0256,LN-toggle-at-depth4,0.00018436129284964408,0.00010116646400108708,0.05554877072572708,0.00806075451864104,0.003318908599434735
univariate_regression/sym_39891e,24,True,gelu,0.0001,1024,0.1024,depth4/shallow0,1.1697007721522823e-05,9.036725775694661e-06,0.012120009027421474,0.0016338648093605207,0.0009650989281491778
univariate_regression/sym_39891e,24,True,gelu,0.0001,1024,0.1024,depth4/shallowLN,1.1697007721522823e-05,9.036725775694661e-06,0.007805167394690215,0.005121338680749828,0.0014986235566812047
univariate_regression/sym_39891e,24,True,gelu,0.0001,1024,0.1024,LN-toggle-at-depth4,1.1697007721522823e-05,9.036725775694661e-06,0.007162422500550747,0.0031695276315327637,0.0016331077537834991
univariate_regression/sym_39891e,24,True,gelu,0.0001,2048,0.2048,depth4/shallow0,3.843413742288248e-06,2.482914705726627e-06,0.007880981685593725,0.002036249456754983,0.0004876821055572215
univariate_regression/sym_39891e,24,True,gelu,0.0001,2048,0.2048,depth4/shallowLN,3.843413742288248e-06,2.482914705726627e-06,0.0020631021092412994,0.003991552551944681,0.0018629294813244381
univariate_regression/sym_39891e,24,True,gelu,0.0001,2048,0.2048,LN-toggle-at-depth4,3.843413742288248e-06,2.482914705726627e-06,0.00042590786426899285,0.00074694186608867,0.00902404971761884
univariate_regression/sym_39891e,24,True,gelu,0.000125,2048,0.256,depth4/shallow0,9.846657178513851e-06,1.0155731785981823e-05,0.00597138877492398,0.0025105268542136303,0.001648972718015535
univariate_regression/sym_39891e,24,True,gelu,0.000125,2048,0.256,depth4/shallowLN,9.846657178513851e-06,1.0155731785981823e-05,0.0011791662152973003,0.002769132179198778,0.008350525185315996
univariate_regression/sym_39891e,24,True,gelu,0.000125,2048,0.256,LN-toggle-at-depth4,9.846657178513851e-06,1.0155731785981823e-05,1.716337524158007e-05,2.0046294245676514e-05,0.5737016781325911
univariate_regression/sym_39891e,24,True,gelu,0.00025,1024,0.256,depth4/shallow0,1.251880028121377e-05,1.4949640895327996e-05,0.006223565805703402,0.0025077404994824637,0.0020115156924574154
univariate_regression/sym_39891e,24,True,gelu,0.00025,1024,0.256,depth4/shallowLN,1.251880028121377e-05,1.4949640895327996e-05,0.001358601691754302,0.003120605626120695,0.009214474232730273
univariate_regression/sym_39891e,24,True,gelu,0.00025,1024,0.256,LN-toggle-at-depth4,1.251880028121377e-05,1.4949640895327996e-05,8.596991390277253e-05,0.00014626971337348879,0.1456183880255118
univariate_regression/sym_39891e,24,True,gelu,0.0003,256,0.0768,depth4/shallow0,5.502124531631125e-05,3.033621863830675e-05,0.015787812974303962,0.00500765176636892,0.0034850454211652437
univariate_regression/sym_39891e,24,True,gelu,0.0003,256,0.0768,depth4/shallowLN,5.502124531631125e-05,3.033621863830675e-05,0.012189001915976405,0.005070334064709904,0.004514007438475634
univariate_regression/sym_39891e,24,True,gelu,0.0003,256,0.0768,LN-toggle-at-depth4,5.502124531631125e-05,3.033621863830675e-05,0.01847823625430465,0.009398321316574818,0.0029776243013179154
univariate_regression/sym_39891e,24,True,gelu,0.0003,1024,0.3072,depth4/shallow0,1.7146462721484567e-05,2.4107118822851082e-05,0.004614653554745019,0.002667227698410823,0.003715655469705567
univariate_regression/sym_39891e,24,True,gelu,0.0003,1024,0.3072,depth4/shallowLN,1.7146462721484567e-05,2.4107118822851082e-05,0.0006368920410750433,0.001548102452906712,0.02692208665779864
univariate_regression/sym_39891e,24,True,gelu,0.0003,1024,0.3072,LN-toggle-at-depth4,1.7146462721484567e-05,2.4107118822851082e-05,9.73304404396913e-06,9.760646215524278e-06,1.7616752419926633
univariate_regression/sym_39891e,24,True,gelu,0.0003,2048,0.6144,depth4/shallow0,1.10810859268895e-05,1.1338819809561854e-05,0.0009496545273577795,0.0010994620228935697,0.0116685443049699
univariate_regression/sym_39891e,24,True,gelu,0.0003,2048,0.6144,depth4/shallowLN,1.10810859268895e-05,1.1338819809561854e-05,1.775152559275739e-05,2.480382201701438e-05,0.6242328789707278
univariate_regression/sym_39891e,24,True,gelu,0.0003,2048,0.6144,LN-toggle-at-depth4,1.10810859268895e-05,1.1338819809561854e-05,9.868168183402304e-06,7.474430314074989e-06,1.122912147517637
univariate_regression/sym_39891e,24,True,gelu,0.0005,2048,1.024,depth4/shallow0,2.961042193874164e-05,4.715337203448834e-05,0.00027160419267602265,0.00030515037108852917,0.10902048914267612
univariate_regression/sym_39891e,24,True,gelu,0.0005,2048,1.024,depth4/shallowLN,2.961042193874164e-05,4.715337203448834e-05,8.311251201575942e-06,6.287570954908565e-06,3.562691250762225
univariate_regression/sym_39891e,24,True,gelu,0.0005,2048,1.024,LN-toggle-at-depth4,2.961042193874164e-05,4.715337203448834e-05,8.34415525332588e-06,9.185186365162883e-06,3.548642257937289
univariate_regression/sym_39891e,24,True,gelu,0.001,256,0.256,depth4/shallow0,0.00010865065069083357,8.935050382865301e-05,0.007305906200781464,0.0021919776959649266,0.014871618619906718
univariate_regression/sym_39891e,24,True,gelu,0.001,256,0.256,depth4/shallowLN,0.00010865065069083357,8.935050382865301e-05,0.0021769517014035957,0.004128662654291751,0.04990953663362433
univariate_regression/sym_39891e,24,True,gelu,0.001,256,0.256,LN-toggle-at-depth4,0.00010865065069083357,8.935050382865301e-05,0.00011168897804054722,0.00014841529644882124,0.9727965337044213
univariate_regression/sym_39891e,24,True,gelu,0.001,1024,1.024,depth4/shallow0,4.3891119457839525e-05,3.896247488981477e-05,0.000315093779045128,0.00028624027833949284,0.13929541735431533
univariate_regression/sym_39891e,24,True,gelu,0.001,1024,1.024,depth4/shallowLN,4.3891119457839525e-05,3.896247488981477e-05,2.0165095725133143e-05,2.1791744081854737e-05,2.176588698417881
univariate_regression/sym_39891e,24,True,gelu,0.001,1024,1.024,LN-toggle-at-depth4,4.3891119457839525e-05,3.896247488981477e-05,1.1629114464994927e-05,1.3160061049691233e-05,3.774244340784264
univariate_regression/sym_39891e,24,True,gelu,0.001,2048,2.048,depth4/shallow0,5.530427902158408e-05,5.080925248177823e-05,4.115675466209723e-05,0.00010248066209765469,1.343747325940542
univariate_regression/sym_39891e,24,True,gelu,0.001,2048,2.048,depth4/shallowLN,5.530427902158408e-05,5.080925248177823e-05,5.171736916054215e-06,3.4272279777532043e-06,10.693560001071859
univariate_regression/sym_39891e,24,True,gelu,0.001,2048,2.048,LN-toggle-at-depth4,5.530427902158408e-05,5.080925248177823e-05,8.117670836327306e-06,8.31411707890561e-06,6.812826010891261
univariate_regression/sym_39891e,24,True,gelu,0.003,256,0.768,depth4/shallow0,0.0001696178568636242,0.00012474276400825825,0.0010432503535412253,0.0016000913881348525,0.16258595675320953
univariate_regression/sym_39891e,24,True,gelu,0.003,256,0.768,depth4/shallowLN,0.0001696178568636242,0.00012474276400825825,8.897091465769336e-05,9.49114652776975e-05,1.9064416446229853
univariate_regression/sym_39891e,24,True,gelu,0.003,256,0.768,LN-toggle-at-depth4,0.0001696178568636242,0.00012474276400825825,3.7305239038687434e-05,2.9814924187066986e-05,4.5467570034257605
univariate_regression/sym_39891e,24,True,gelu,0.003,1024,3.072,depth4/shallow0,0.00013858566126145888,0.00015543955453851293,3.2323532195732696e-05,4.688229803691261e-05,4.287454119254787
univariate_regression/sym_39891e,24,True,gelu,0.003,1024,3.072,depth4/shallowLN,0.00013858566126145888,0.00015543955453851293,2.8993789055675733e-05,2.381434395666498e-05,4.7798396061769575
univariate_regression/sym_39891e,24,True,gelu,0.003,1024,3.072,LN-toggle-at-depth4,0.00013858566126145888,0.00015543955453851293,4.89205574240259e-05,4.380523014219737e-05,2.8328716711105297
univariate_regression/sym_39891e,24,True,gelu,0.003,2048,6.144,depth4/shallow0,0.0001014444340398768,0.00011582468565858023,9.511996677247225e-06,5.978863857600043e-06,10.66489376331814
univariate_regression/sym_39891e,24,True,gelu,0.003,2048,6.144,depth4/shallowLN,0.0001014444340398768,0.00011582468565858023,1.6255845412160853e-05,1.900276910048273e-05,6.240489588070709
univariate_regression/sym_39891e,24,True,gelu,0.003,2048,6.144,LN-toggle-at-depth4,0.0001014444340398768,0.00011582468565858023,1.7712644921630272e-05,2.0014533437939127e-05,5.727232408751965
univariate_regression/sym_39891e,24,True,gelu,0.004,256,1.024,depth4/shallow0,0.00043731075602408963,0.0004395027586633267,0.00047274567186832427,0.00044277055703635855,0.9250444415404305
univariate_regression/sym_39891e,24,True,gelu,0.004,256,1.024,depth4/shallowLN,0.00043731075602408963,0.0004395027586633267,0.00010455059000378242,0.00010241962137769886,4.182766983986113
univariate_regression/sym_39891e,24,True,gelu,0.004,256,1.024,LN-toggle-at-depth4,0.00043731075602408963,0.0004395027586633267,7.043346208774892e-05,7.363797906757965e-05,6.208849360255354
univariate_regression/sym_39891e,24,True,relu,0.0001,256,0.0256,depth4/shallow0,0.0006404595977073768,0.000830341407212762,0.04858367424458265,0.023040332300485376,0.013182609336690741
univariate_regression/sym_39891e,24,True,relu,0.0001,256,0.0256,depth4/shallowLN,0.0006404595977073768,0.000830341407212762,0.02988623911514878,0.019481769694750264,0.021429916130957398
univariate_regression/sym_39891e,24,True,relu,0.0001,256,0.0256,LN-toggle-at-depth4,0.0006404595977073768,0.000830341407212762,0.05355382710695267,0.009518551474806004,0.01195917513846977
univariate_regression/sym_39891e,24,True,relu,0.0001,1024,0.1024,depth4/shallow0,6.71787645387667e-06,5.52387303601807e-06,0.012179739074781537,0.007466272796178913,0.0005515616067495408
univariate_regression/sym_39891e,24,True,relu,0.0001,1024,0.1024,depth4/shallowLN,6.71787645387667e-06,5.52387303601807e-06,0.006487234600353986,0.005860321163033514,0.0010355531852524803
univariate_regression/sym_39891e,24,True,relu,0.0001,1024,0.1024,LN-toggle-at-depth4,6.71787645387667e-06,5.52387303601807e-06,0.006670813489472493,0.00718200109538046,0.0010070550562504032
univariate_regression/sym_39891e,24,True,relu,0.0001,2048,0.2048,depth4/shallow0,6.687347718070669e-06,6.393984215410719e-06,0.003715247078798711,0.00276307629864978,0.001799973884975897
univariate_regression/sym_39891e,24,True,relu,0.0001,2048,0.2048,depth4/shallowLN,6.687347718070669e-06,6.393984215410719e-06,0.0019241202047851403,0.004544192493423736,0.0034755353129392566
univariate_regression/sym_39891e,24,True,relu,0.0001,2048,0.2048,LN-toggle-at-depth4,6.687347718070669e-06,6.393984215410719e-06,6.798344954859204e-05,0.0001289895919748646,0.0983672903107219
univariate_regression/sym_39891e,24,True,relu,0.000125,2048,0.256,depth4/shallow0,7.893127940405974e-06,8.519297324107957e-06,0.002220678309095092,0.0023903378900217214,0.0035543770153824567
univariate_regression/sym_39891e,24,True,relu,0.000125,2048,0.256,depth4/shallowLN,7.893127940405974e-06,8.519297324107957e-06,0.0014427526144572766,0.003958214802854922,0.005470881051478912
univariate_regression/sym_39891e,24,True,relu,0.000125,2048,0.256,LN-toggle-at-depth4,7.893127940405974e-06,8.519297324107957e-06,8.119988854105031e-06,8.474648315876667e-06,0.9720614254803603
univariate_regression/sym_39891e,24,True,relu,0.00025,1024,0.256,depth4/shallow0,2.2060640480958683e-05,1.7457099156987734e-05,0.002481814956991002,0.0026462389946785066,0.008888914307981048
univariate_regression/sym_39891e,24,True,relu,0.00025,1024,0.256,depth4/shallowLN,2.2060640480958683e-05,1.7457099156987734e-05,0.0016551303990127054,0.004460348285945578,0.013328641957224626
univariate_regression/sym_39891e,24,True,relu,0.00025,1024,0.256,LN-toggle-at-depth4,2.2060640480958683e-05,1.7457099156987734e-05,2.1258904689602785e-05,2.953740946442515e-05,1.0377129397333442
univariate_regression/sym_39891e,24,True,relu,0.0003,256,0.0768,depth4/shallow0,2.187432055507088e-05,1.6620085024797455e-05,0.018618234246969224,0.010668042801155991,0.0011748869557075049
univariate_regression/sym_39891e,24,True,relu,0.0003,256,0.0768,depth4/shallowLN,2.187432055507088e-05,1.6620085024797455e-05,0.012189560174010693,0.00880269499944802,0.0017945127012629234
univariate_regression/sym_39891e,24,True,relu,0.0003,256,0.0768,LN-toggle-at-depth4,2.187432055507088e-05,1.6620085024797455e-05,0.020660747541114688,0.013471894770631236,0.0010587380980064344
univariate_regression/sym_39891e,24,True,relu,0.0003,1024,0.3072,depth4/shallow0,1.823885348812837e-05,1.8949275192355134e-05,0.0015659754863008857,0.00222612830330751,0.0116469597689628
univariate_regression/sym_39891e,24,True,relu,0.0003,1024,0.3072,depth4/shallowLN,1.823885348812837e-05,1.8949275192355134e-05,0.0013130780622304882,0.0037441182716399647,0.013890151707467073
univariate_regression/sym_39891e,24,True,relu,0.0003,1024,0.3072,LN-toggle-at-depth4,1.823885348812837e-05,1.8949275192355134e-05,6.652403544649132e-06,4.8077410599091405e-06,2.741693790178861
univariate_regression/sym_39891e,24,True,relu,0.0003,2048,0.6144,depth4/shallow0,3.337507571359311e-05,4.3358570164120636e-05,4.651822159758012e-05,7.524206336639631e-05,0.7174624172504754
univariate_regression/sym_39891e,24,True,relu,0.0003,2048,0.6144,depth4/shallowLN,3.337507571359311e-05,4.3358570164120636e-05,1.6329548861904188e-05,1.496106197706193e-05,2.0438455462450076
univariate_regression/sym_39891e,24,True,relu,0.0003,2048,0.6144,LN-toggle-at-depth4,3.337507571359311e-05,4.3358570164120636e-05,2.311465260618206e-06,1.492051299739464e-06,14.438925941143877
univariate_regression/sym_39891e,24,True,relu,0.0005,2048,1.024,depth4/shallow0,2.5930912806870764e-05,3.5902272838390684e-05,8.961941807683615e-06,4.702315316318647e-06,2.8934480231325117
univariate_regression/sym_39891e,24,True,relu,0.0005,2048,1.024,depth4/shallowLN,2.5930912806870764e-05,3.5902272838390684e-05,1.571535149196279e-05,1.3015108775246334e-05,1.6500370876294084
univariate_regression/sym_39891e,24,True,relu,0.0005,2048,1.024,LN-toggle-at-depth4,2.5930912806870764e-05,3.5902272838390684e-05,8.142628837504163e-06,8.922849248846788e-06,3.184587351867923
univariate_regression/sym_39891e,24,True,relu,0.001,256,0.256,depth4/shallow0,7.843382891223883e-05,5.686512670407718e-05,0.0033871175954118373,0.0025177508653360463,0.02315651190218039
univariate_regression/sym_39891e,24,True,relu,0.001,256,0.256,depth4/shallowLN,7.843382891223883e-05,5.686512670407718e-05,0.002033882448449731,0.0036083324019714792,0.03856359986390698
univariate_regression/sym_39891e,24,True,relu,0.001,256,0.256,LN-toggle-at-depth4,7.843382891223883e-05,5.686512670407718e-05,0.00010309693843737477,8.258831580157847e-05,0.760777478953778
univariate_regression/sym_39891e,24,True,relu,0.001,1024,1.024,depth4/shallow0,4.357214329502313e-05,3.511064504365098e-05,2.6672098101698793e-05,3.1312273004644974e-05,1.633622639242165
univariate_regression/sym_39891e,24,True,relu,0.001,1024,1.024,depth4/shallowLN,4.357214329502313e-05,3.511064504365098e-05,3.83515153771441e-05,5.670344303421571e-05,1.1361257271463725
univariate_regression/sym_39891e,24,True,relu,0.001,1024,1.024,LN-toggle-at-depth4,4.357214329502313e-05,3.511064504365098e-05,9.812182895529986e-06,7.649112361739398e-06,4.440616706693548
univariate_regression/sym_39891e,24,True,relu,0.001,2048,2.048,depth4/shallow0,4.389797632029513e-05,2.404035165095076e-05,1.216193497839413e-05,9.910278363974944e-06,3.6094565871533253
univariate_regression/sym_39891e,24,True,relu,0.001,2048,2.048,depth4/shallowLN,4.389797632029513e-05,2.404035165095076e-05,2.1296138038451316e-05,1.9234027065063335e-05,2.0613115974847167
univariate_regression/sym_39891e,24,True,relu,0.001,2048,2.048,LN-toggle-at-depth4,4.389797632029513e-05,2.404035165095076e-05,1.4379881201875833e-05,2.09004887432984e-05,3.0527356731270285
univariate_regression/sym_39891e,24,True,relu,0.003,256,0.768,depth4/shallow0,0.00024181933258660138,0.00012586907263602024,0.0001923731564602349,0.00017008852781377,1.2570326184598806
univariate_regression/sym_39891e,24,True,relu,0.003,256,0.768,depth4/shallowLN,0.00024181933258660138,0.00012586907263602024,0.000137603747407411,0.00011403611821754668,1.7573600802500933
univariate_regression/sym_39891e,24,True,relu,0.003,256,0.768,LN-toggle-at-depth4,0.00024181933258660138,0.00012586907263602024,9.477114545006771e-05,0.00011025976572431623,2.5516134835999136
univariate_regression/sym_39891e,24,True,relu,0.003,1024,3.072,depth4/shallow0,0.00010145393644052092,6.366783402698946e-05,2.4071554980764633e-05,1.6915215168710143e-05,4.214681457911293
univariate_regression/sym_39891e,24,True,relu,0.003,1024,3.072,depth4/shallowLN,0.00010145393644052092,6.366783402698946e-05,5.460567881527822e-05,4.781436919819197e-05,1.8579374644113926
univariate_regression/sym_39891e,24,True,relu,0.003,1024,3.072,LN-toggle-at-depth4,0.00010145393644052092,6.366783402698946e-05,5.9986469568684694e-05,7.110777267022669e-05,1.6912803365491587
univariate_regression/sym_39891e,24,True,relu,0.003,2048,6.144,depth4/shallow0,0.0001406043289534864,0.00023424752099096598,2.3090235845302232e-05,1.3446501297388364e-05,6.089341395016228
univariate_regression/sym_39891e,24,True,relu,0.003,2048,6.144,depth4/shallowLN,0.0001406043289534864,0.00023424752099096598,3.909305196430069e-05,2.6201635493461536e-05,3.596657766241546
univariate_regression/sym_39891e,24,True,relu,0.003,2048,6.144,LN-toggle-at-depth4,0.0001406043289534864,0.00023424752099096598,2.1365920656535308e-05,2.0120624438343454e-05,6.580775582468476
univariate_regression/sym_39891e,24,True,relu,0.004,256,1.024,depth4/shallow0,0.0002850654473149916,0.00017682480728989594,9.20479001251806e-05,7.029516639857144e-05,3.0969250458437036
univariate_regression/sym_39891e,24,True,relu,0.004,256,1.024,depth4/shallowLN,0.0002850654473149916,0.00017682480728989594,0.00015090193301148247,0.00013785068322757246,1.8890775063385061
univariate_regression/sym_39891e,24,True,relu,0.004,256,1.024,LN-toggle-at-depth4,0.0002850654473149916,0.00017682480728989594,9.651219052102533e-05,7.460174464729656e-05,2.953672958577079
univariate_regression/sym_39891e,24,True,silu,0.0001,256,0.0256,depth4/shallow0,0.00043308240055921486,0.0004798486050858871,0.04358600229024887,0.012787885498131408,0.009936272605944058
univariate_regression/sym_39891e,24,True,silu,0.0001,256,0.0256,depth4/shallowLN,0.00043308240055921486,0.0004798486050858871,0.029832157678902148,0.01238696570710097,0.014517300599597553
univariate_regression/sym_39891e,24,True,silu,0.0001,256,0.0256,LN-toggle-at-depth4,0.00043308240055921486,0.0004798486050858871,0.05643347315490246,0.007757336666211678,0.007674211356271847
univariate_regression/sym_39891e,24,True,silu,0.0001,1024,0.1024,depth4/shallow0,2.4440422475890954e-05,1.3480033721836656e-05,0.013544670958071946,0.0017472670139834744,0.0018044308755485628
univariate_regression/sym_39891e,24,True,silu,0.0001,1024,0.1024,depth4/shallowLN,2.4440422475890954e-05,1.3480033721836656e-05,0.011978257773444056,0.0037363627083859133,0.002040398774025023
univariate_regression/sym_39891e,24,True,silu,0.0001,1024,0.1024,LN-toggle-at-depth4,2.4440422475890954e-05,1.3480033721836656e-05,0.012491467781364918,0.003989689139282233,0.001956569308240284
univariate_regression/sym_39891e,24,True,silu,0.0001,2048,0.2048,depth4/shallow0,9.765465983946342e-06,2.593986889729555e-06,0.011107621528208256,0.0009397611802978822,0.0008791680522375149
univariate_regression/sym_39891e,24,True,silu,0.0001,2048,0.2048,depth4/shallowLN,9.765465983946342e-06,2.593986889729555e-06,0.0034159406670369206,0.004289886591774628,0.0028587926242926143
univariate_regression/sym_39891e,24,True,silu,0.0001,2048,0.2048,LN-toggle-at-depth4,9.765465983946342e-06,2.593986889729555e-06,0.0029416816832963377,0.0020057459408642,0.0033196882039947737
univariate_regression/sym_39891e,24,True,silu,0.000125,2048,0.256,depth4/shallow0,1.718258577056986e-05,1.5286816170954902e-05,0.010093212686479091,0.0010547516903298489,0.0017023901412072412
univariate_regression/sym_39891e,24,True,silu,0.000125,2048,0.256,depth4/shallowLN,1.718258577056986e-05,1.5286816170954902e-05,0.002183391130529344,0.0038327241076970536,0.007869678286365527
univariate_regression/sym_39891e,24,True,silu,0.000125,2048,0.256,LN-toggle-at-depth4,1.718258577056986e-05,1.5286816170954902e-05,0.0008951289925789752,0.001447041944942634,0.01919565326675963
univariate_regression/sym_39891e,24,True,silu,0.00025,1024,0.256,depth4/shallow0,2.1709735665353947e-05,1.2699507285493422e-05,0.010237849503755569,0.0010697151994139185,0.0021205367062086746
univariate_regression/sym_39891e,24,True,silu,0.00025,1024,0.256,depth4/shallowLN,2.1709735665353947e-05,1.2699507285493422e-05,0.0024036282498855143,0.004046450969616145,0.009032068776187828
univariate_regression/sym_39891e,24,True,silu,0.00025,1024,0.256,LN-toggle-at-depth4,2.1709735665353947e-05,1.2699507285493422e-05,0.0010652755464434448,0.0015972087888634517,0.020379455566998234
univariate_regression/sym_39891e,24,True,silu,0.0003,256,0.0768,depth4/shallow0,8.217778122343589e-05,4.27596933577642e-05,0.017589960992336274,0.004691428617628728,0.004671856933579314
univariate_regression/sym_39891e,24,True,silu,0.0003,256,0.0768,depth4/shallowLN,8.217778122343589e-05,4.27596933577642e-05,0.015710391104221344,0.002640728598340703,0.005230791561984406
univariate_regression/sym_39891e,24,True,silu,0.0003,256,0.0768,LN-toggle-at-depth4,8.217778122343589e-05,4.27596933577642e-05,0.026054547633975744,0.009533829257152059,0.0031540667056630884
univariate_regression/sym_39891e,24,True,silu,0.0003,1024,0.3072,depth4/shallow0,2.7541502595340718e-05,2.2024106793297995e-05,0.009276066767051816,0.001265822515847651,0.002969092750945577
univariate_regression/sym_39891e,24,True,silu,0.0003,1024,0.3072,depth4/shallowLN,2.7541502595340718e-05,2.2024106793297995e-05,0.0016266673366772011,0.003467435949615067,0.01693124462165684
univariate_regression/sym_39891e,24,True,silu,0.0003,1024,0.3072,LN-toggle-at-depth4,2.7541502595340718e-05,2.2024106793297995e-05,0.00041587807627365694,0.0008516665936531227,0.06622494468118537
univariate_regression/sym_39891e,24,True,silu,0.0003,2048,0.6144,depth4/shallow0,2.468060979481379e-05,2.5573056754381895e-05,0.0024082410731352867,0.0024132100499693722,0.010248396670139891
univariate_regression/sym_39891e,24,True,silu,0.0003,2048,0.6144,depth4/shallowLN,2.468060979481379e-05,2.5573056754381895e-05,7.386823835986434e-05,0.0001640285286228469,0.3341166696649393
univariate_regression/sym_39891e,24,True,silu,0.0003,2048,0.6144,LN-toggle-at-depth4,2.468060979481379e-05,2.5573056754381895e-05,5.180481366551248e-06,3.6911743605726147e-06,4.7641537626539465
univariate_regression/sym_39891e,24,True,silu,0.0005,2048,1.024,depth4/shallow0,2.9301226516054157e-05,3.341036734530537e-05,0.0008606251678429544,0.0004043733251740527,0.03404644392342591
univariate_regression/sym_39891e,24,True,silu,0.0005,2048,1.024,depth4/shallowLN,2.9301226516054157e-05,3.341036734530537e-05,1.003469178613159e-05,3.6068705005540335e-06,2.9199926754651115
univariate_regression/sym_39891e,24,True,silu,0.0005,2048,1.024,LN-toggle-at-depth4,2.9301226516054157e-05,3.341036734530537e-05,4.6269419726741035e-06,3.269834994835427e-06,6.332741298486558
univariate_regression/sym_39891e,24,True,silu,0.001,256,0.256,depth4/shallow0,8.918417952372693e-05,5.590298707406499e-05,0.010791593790054321,0.0010095279662812626,0.008264226884255065
univariate_regression/sym_39891e,24,True,silu,0.001,256,0.256,depth4/shallowLN,8.918417952372693e-05,5.590298707406499e-05,0.003450067015364766,0.004484902494156262,0.025849984689151822
univariate_regression/sym_39891e,24,True,silu,0.001,256,0.256,LN-toggle-at-depth4,8.918417952372693e-05,5.590298707406499e-05,0.0015594664062518859,0.0013874093393912781,0.05718890715836417
univariate_regression/sym_39891e,24,True,silu,0.001,1024,1.024,depth4/shallow0,3.0369224987225607e-05,2.5210821348157013e-05,0.0010291441285517067,0.0009299865040614874,0.029509204925420498
univariate_regression/sym_39891e,24,True,silu,0.001,1024,1.024,depth4/shallowLN,3.0369224987225607e-05,2.5210821348157013e-05,2.6368735461801407e-05,2.12238019444638e-05,1.1517133626380922
univariate_regression/sym_39891e,24,True,silu,0.001,1024,1.024,LN-toggle-at-depth4,3.0369224987225607e-05,2.5210821348157013e-05,5.163854598322359e-06,5.357066280814446e-06,5.881115435955924
univariate_regression/sym_39891e,24,True,silu,0.001,2048,2.048,depth4/shallow0,1.8869793029807626e-05,2.9402639625060152e-05,0.00033962381166929845,0.000255707171050311,0.05556086582109764
univariate_regression/sym_39891e,24,True,silu,0.001,2048,2.048,depth4/shallowLN,1.8869793029807626e-05,2.9402639625060152e-05,9.07976877897454e-06,1.041754904103191e-05,2.0782239602293884
univariate_regression/sym_39891e,24,True,silu,0.001,2048,2.048,LN-toggle-at-depth4,1.8869793029807626e-05,2.9402639625060152e-05,1.5001474866949139e-05,3.374008868272652e-05,1.2578625233296938
univariate_regression/sym_39891e,24,True,silu,0.003,256,0.768,depth4/shallow0,0.00028456958407332424,0.00017868784936076991,0.0037992759607732296,0.0022013198809355994,0.07490100403641345
univariate_regression/sym_39891e,24,True,silu,0.003,256,0.768,depth4/shallowLN,0.00028456958407332424,0.00017868784936076991,0.0001265599923499394,0.0001319629722727723,2.2484955852911797
univariate_regression/sym_39891e,24,True,silu,0.003,256,0.768,LN-toggle-at-depth4,0.00028456958407332424,0.00017868784936076991,4.546703366941074e-05,5.7021056427158276e-05,6.258811299246395
univariate_regression/sym_39891e,24,True,silu,0.003,1024,3.072,depth4/shallow0,0.0001662404498347314,0.00014601551273918452,0.00010344967856781295,0.00014107230076667218,1.6069692253877625
univariate_regression/sym_39891e,24,True,silu,0.003,1024,3.072,depth4/shallowLN,0.0001662404498347314,0.00014601551273918452,3.182916052537621e-05,2.3047030723542628e-05,5.222897716771199
univariate_regression/sym_39891e,24,True,silu,0.003,1024,3.072,LN-toggle-at-depth4,0.0001662404498347314,0.00014601551273918452,2.638304918036738e-05,2.7292669585109247e-05,6.301032481053675
univariate_regression/sym_39891e,24,True,silu,0.003,2048,6.144,depth4/shallow0,9.953212165783042e-05,9.944157201355685e-05,1.4424501659959788e-05,2.1221916286513212e-05,6.900212153194615
univariate_regression/sym_39891e,24,True,silu,0.003,2048,6.144,depth4/shallowLN,9.953212165783042e-05,9.944157201355685e-05,7.567010266029684e-06,7.001517323230985e-06,13.153427596716304
univariate_regression/sym_39891e,24,True,silu,0.003,2048,6.144,LN-toggle-at-depth4,9.953212165783042e-05,9.944157201355685e-05,6.328804978465996e-05,0.00012061286200561082,1.5726842902647864
univariate_regression/sym_39891e,24,True,silu,0.004,256,1.024,depth4/shallow0,0.0003412007063161582,0.0003506454009574156,0.0015487354481592774,0.0020178403737553395,0.22030922500139474
univariate_regression/sym_39891e,24,True,silu,0.004,256,1.024,depth4/shallowLN,0.0003412007063161582,0.0003506454009574156,0.00011130127204523887,6.427318732032294e-05,3.065559809392616
univariate_regression/sym_39891e,24,True,silu,0.004,256,1.024,LN-toggle-at-depth4,0.0003412007063161582,0.0003506454009574156,7.134025267987453e-05,0.00010099313558075654,4.782723546652264
univariate_regression/sym_39891e,32,False,gelu,0.001,1024,1.024,depth4/shallow0,1.4979523712099763e-05,1.0653436575764805e-05,0.0001666985156816736,0.00017638450155296436,0.08985997056329263
univariate_regression/sym_39891e,32,False,gelu,0.001,1024,1.024,depth4/shallowLN,1.4979523712099763e-05,1.0653436575764805e-05,1.5234681291076413e-05,1.665320993842871e-05,0.9832515315482112
univariate_regression/sym_39891e,32,False,gelu,0.001,1024,1.024,LN-toggle-at-depth4,1.4979523712099763e-05,1.0653436575764805e-05,0.0001067461198545061,6.68339049082525e-05,0.14032850779510023
univariate_regression/sym_39891e,32,False,relu,0.001,1024,1.024,depth4/shallow0,1.427955652388846e-05,1.9040400855392832e-05,7.5308629220671716e-06,4.701955169670041e-06,1.896138154639099
univariate_regression/sym_39891e,32,False,relu,0.001,1024,1.024,depth4/shallowLN,1.427955652388846e-05,1.9040400855392832e-05,2.239321097476932e-05,2.0672102124358853e-05,0.6376734689802813
univariate_regression/sym_39891e,32,False,relu,0.001,1024,1.024,LN-toggle-at-depth4,1.427955652388846e-05,1.9040400855392832e-05,7.796496759056026e-05,7.05623406909056e-05,0.1831534978489157
univariate_regression/sym_39891e,32,False,silu,0.001,1024,1.024,depth4/shallow0,4.922916264149535e-06,3.645245869363902e-06,0.0007644877099664882,0.0002580804106643115,0.0064394969336594495
univariate_regression/sym_39891e,32,False,silu,0.001,1024,1.024,depth4/shallowLN,4.922916264149535e-06,3.645245869363902e-06,1.1166830881848e-05,6.1278977055212165e-06,0.4408516898157627
univariate_regression/sym_39891e,32,False,silu,0.001,1024,1.024,LN-toggle-at-depth4,4.922916264149535e-06,3.645245869363902e-06,0.00012004029558738693,9.646185636008606e-05,0.04101053100594667
univariate_regression/sym_39891e,32,True,gelu,0.001,1024,1.024,depth4/shallow0,0.0001067461198545061,6.68339049082525e-05,0.0001666985156816736,0.00017638450155296436,0.6403543511949908
univariate_regression/sym_39891e,32,True,gelu,0.001,1024,1.024,depth4/shallowLN,0.0001067461198545061,6.68339049082525e-05,1.5234681291076413e-05,1.665320993842871e-05,7.006783917234406
univariate_regression/sym_39891e,32,True,gelu,0.001,1024,1.024,LN-toggle-at-depth4,0.0001067461198545061,6.68339049082525e-05,1.4979523712099763e-05,1.0653436575764805e-05,7.126135777486807
univariate_regression/sym_39891e,32,True,relu,0.001,1024,1.024,depth4/shallow0,7.796496759056026e-05,7.05623406909056e-05,7.5308629220671716e-06,4.701955169670041e-06,10.352726958036225
univariate_regression/sym_39891e,32,True,relu,0.001,1024,1.024,depth4/shallowLN,7.796496759056026e-05,7.05623406909056e-05,2.239321097476932e-05,2.0672102124358853e-05,3.481634129129773
univariate_regression/sym_39891e,32,True,relu,0.001,1024,1.024,LN-toggle-at-depth4,7.796496759056026e-05,7.05623406909056e-05,1.427955652388846e-05,1.9040400855392832e-05,5.459901185315639
univariate_regression/sym_39891e,32,True,silu,0.001,1024,1.024,depth4/shallow0,0.00012004029558738693,9.646185636008606e-05,0.0007644877099664882,0.0002580804106643115,0.15702056949044868
univariate_regression/sym_39891e,32,True,silu,0.001,1024,1.024,depth4/shallowLN,0.00012004029558738693,9.646185636008606e-05,1.1166830881848e-05,6.1278977055212165e-06,10.749719133162108
univariate_regression/sym_39891e,32,True,silu,0.001,1024,1.024,LN-toggle-at-depth4,0.00012004029558738693,9.646185636008606e-05,4.922916264149535e-06,3.645245869363902e-06,24.38398078422824
univariate_regression/sym_39891e,48,False,gelu,0.001,1024,1.024,depth4/shallow0,3.533036967837688e-05,4.040985281569325e-05,7.655012313989573e-05,0.00010986689179839717,0.4615324996121881
univariate_regression/sym_39891e,48,False,gelu,0.001,1024,1.024,depth4/shallowLN,3.533036967837688e-05,4.040985281569325e-05,1.768301708580111e-05,1.7673968127513126e-05,1.997983121712076
univariate_regression/sym_39891e,48,False,gelu,0.001,1024,1.024,LN-toggle-at-depth4,3.533036967837688e-05,4.040985281569325e-05,0.00027325011060383984,0.0003602139489890301,0.12929681748454672
univariate_regression/sym_39891e,48,False,relu,0.001,1024,1.024,depth4/shallow0,2.456310778597981e-05,5.106340343156641e-05,1.1094332728589507e-05,7.97954953985398e-06,2.214022995964596
univariate_regression/sym_39891e,48,False,relu,0.001,1024,1.024,depth4/shallowLN,2.456310778597981e-05,5.106340343156641e-05,1.678640073805582e-05,1.342538321948931e-05,1.4632742402183758
univariate_regression/sym_39891e,48,False,relu,0.001,1024,1.024,LN-toggle-at-depth4,2.456310778597981e-05,5.106340343156641e-05,0.00015321643295465037,0.00012147847313086141,0.16031640544229417
univariate_regression/sym_39891e,48,False,silu,0.001,1024,1.024,depth4/shallow0,1.7488560865785983e-05,1.4412468631659083e-05,0.0005096798753584153,0.0002702952781984253,0.03431283382238261
univariate_regression/sym_39891e,48,False,silu,0.001,1024,1.024,depth4/shallowLN,1.7488560865785983e-05,1.4412468631659083e-05,1.648689121793723e-05,8.165521498659413e-06,1.060755519922335
univariate_regression/sym_39891e,48,False,silu,0.001,1024,1.024,LN-toggle-at-depth4,1.7488560865785983e-05,1.4412468631659083e-05,0.00012644067946894212,0.00015631557119760524,0.1383143537288704
univariate_regression/sym_39891e,48,True,gelu,0.001,1024,1.024,depth4/shallow0,0.00027325011060383984,0.0003602139489890301,7.655012313989573e-05,0.00010986689179839717,3.5695580803243634
univariate_regression/sym_39891e,48,True,gelu,0.001,1024,1.024,depth4/shallowLN,0.00027325011060383984,0.0003602139489890301,1.768301708580111e-05,1.7673968127513126e-05,15.452686002506372
univariate_regression/sym_39891e,48,True,gelu,0.001,1024,1.024,LN-toggle-at-depth4,0.00027325011060383984,0.0003602139489890301,3.533036967837688e-05,4.040985281569325e-05,7.734142413207641
univariate_regression/sym_39891e,48,True,relu,0.001,1024,1.024,depth4/shallow0,0.00015321643295465037,0.00012147847313086141,1.1094332728589507e-05,7.97954953985398e-06,13.810333320887317
univariate_regression/sym_39891e,48,True,relu,0.001,1024,1.024,depth4/shallowLN,0.00015321643295465037,0.00012147847313086141,1.678640073805582e-05,1.342538321948931e-05,9.127414229263522
univariate_regression/sym_39891e,48,True,relu,0.001,1024,1.024,LN-toggle-at-depth4,0.00015321643295465037,0.00012147847313086141,2.456310778597981e-05,5.106340343156641e-05,6.237664805676732
univariate_regression/sym_39891e,48,True,silu,0.001,1024,1.024,depth4/shallow0,0.00012644067946894212,0.00015631557119760524,0.0005096798753584153,0.0002702952781984253,0.24807861872126488
univariate_regression/sym_39891e,48,True,silu,0.001,1024,1.024,depth4/shallowLN,0.00012644067946894212,0.00015631557119760524,1.648689121793723e-05,8.165521498659413e-06,7.669164416598962
univariate_regression/sym_39891e,48,True,silu,0.001,1024,1.024,LN-toggle-at-depth4,0.00012644067946894212,0.00015631557119760524,1.7488560865785983e-05,1.4412468631659083e-05,7.229907620146509
