electric_over_abs_uperp,zeeman_over_abs_uperp,phase,tied_phases,F_energy,CAF_energy,PLP_energy,FLP_energy
0.0,0.0,CAF,CAF,0.0,-2.0,-1.0,2.0
0.04,0.0,CAF,CAF,0.0,-2.0,-1.0005333333333333,1.92
0.08,0.0,CAF,CAF,0.0,-2.0,-1.0021333333333333,1.84
0.12,0.0,CAF,CAF,0.0,-2.0,-1.0048,1.76
0.16,0.0,CAF,CAF,0.0,-2.0,-1.0085333333333333,1.68
0.2,0.0,CAF,CAF,0.0,-2.0,-1.0133333333333334,1.6
0.24,0.0,CAF,CAF,0.0,-2.0,-1.0192,1.52
0.28,0.0,CAF,CAF,0.0,-2.0,-1.0261333333333333,1.44
0.32,0.0,CAF,CAF,0.0,-2.0,-1.0341333333333333,1.3599999999999999
0.36,0.0,CAF,CAF,0.0,-2.0,-1.0432,1.28
0.4,0.0,CAF,CAF,0.0,-2.0,-1.0533333333333332,1.2
0.44,0.0,CAF,CAF,0.0,-2.0,-1.0645333333333333,1.12
0.48,0.0,CAF,CAF,0.0,-2.0,-1.0768,1.04
0.52,0.0,CAF,CAF,0.0,-2.0,-1.0901333333333334,0.96
0.56,0.0,CAF,CAF,0.0,-2.0,-1.1045333333333334,0.8799999999999999
0.6,0.0,CAF,CAF,0.0,-2.0,-1.12,0.8
0.64,0.0,CAF,CAF,0.0,-2.0,-1.1365333333333334,0.72
0.68,0.0,CAF,CAF,0.0,-2.0,-1.1541333333333335,0.6399999999999999
0.72,0.0,CAF,CAF,0.0,-2.0,-1.1728,0.56
0.76,0.0,CAF,CAF,0.0,-2.0,-1.1925333333333334,0.48
0.8,0.0,CAF,CAF,0.0,-2.0,-1.2133333333333334,0.3999999999999999
0.84,0.0,CAF,CAF,0.0,-2.0,-1.2351999999999999,0.32000000000000006
0.88,0.0,CAF,CAF,0.0,-2.0,-1.2581333333333333,0.24
0.92,0.0,CAF,CAF,0.0,-2.0,-1.2821333333333333,0.15999999999999992
0.96,0.0,CAF,CAF,0.0,-2.0,-1.3072,0.08000000000000007
1.0,0.0,CAF,CAF,0.0,-2.0,-1.3333333333333333,0.0
1.04,0.0,CAF,CAF,0.0,-2.0,-1.3605333333333334,-0.08000000000000007
1.08,0.0,CAF,CAF,0.0,-2.0,-1.3888,-0.16000000000000014
1.12,0.0,CAF,CAF,0.0,-2.0,-1.4181333333333335,-0.2400000000000002
1.16,0.0,CAF,CAF,0.0,-2.0,-1.4485333333333332,-0.31999999999999984
1.2,0.0,CAF,CAF,0.0,-2.0,-1.48,-0.3999999999999999
1.24,0.0,CAF,CAF,0.0,-2.0,-1.5125333333333333,-0.48
1.28,0.0,CAF,CAF,0.0,-2.0,-1.5461333333333334,-0.56
1.32,0.0,CAF,CAF,0.0,-2.0,-1.5808,-0.6400000000000001
1.36,0.0,CAF,CAF,0.0,-2.0,-1.6165333333333334,-0.7200000000000002
1.4,0.0,CAF,CAF,0.0,-2.0,-1.6533333333333333,-0.7999999999999998
1.44,0.0,CAF,CAF,0.0,-2.0,-1.6911999999999998,-0.8799999999999999
1.48,0.0,CAF,CAF,0.0,-2.0,-1.7301333333333333,-0.96
1.52,0.0,CAF,CAF,0.0,-2.0,-1.7701333333333333,-1.04
1.56,0.0,CAF,CAF,0.0,-2.0,-1.8112,-1.12
1.6,0.0,CAF,CAF,0.0,-2.0,-1.8533333333333335,-1.2000000000000002
1.64,0.0,CAF,CAF,0.0,-2.0,-1.8965333333333332,-1.2799999999999998
1.68,0.0,CAF,CAF,0.0,-2.0,-1.9407999999999999,-1.3599999999999999
1.72,0.0,CAF,CAF,0.0,-2.0,-1.986133333333333,-1.44
1.76,0.0,PLP,PLP,0.0,-2.0,-2.0325333333333333,-1.52
1.8,0.0,PLP,PLP,0.0,-2.0,-2.08,-1.6
1.84,0.0,PLP,PLP,0.0,-2.0,-2.1285333333333334,-1.6800000000000002
1.88,0.0,PLP,PLP,0.0,-2.0,-2.1781333333333333,-1.7599999999999998
1.92,0.0,PLP,PLP,0.0,-2.0,-2.2287999999999997,-1.8399999999999999
1.96,0.0,PLP,PLP,0.0,-2.0,-2.2805333333333335,-1.92
2.0,0.0,PLP,PLP,0.0,-2.0,-2.333333333333333,-2.0
2.04,0.0,PLP,PLP,0.0,-2.0,-2.3872,-2.08
2.08,0.0,PLP,PLP,0.0,-2.0,-2.4421333333333335,-2.16
2.12,0.0,PLP,PLP,0.0,-2.0,-2.4981333333333335,-2.24
2.16,0.0,PLP,PLP,0.0,-2.0,-2.5552,-2.3200000000000003
2.2,0.0,PLP,PLP,0.0,-2.0,-2.6133333333333333,-2.4000000000000004
2.24,0.0,PLP,PLP,0.0,-2.0,-2.672533333333334,-2.4800000000000004
2.28,0.0,PLP,PLP,0.0,-2.0,-2.7328,-2.5599999999999996
2.32,0.0,PLP,PLP,0.0,-2.0,-2.794133333333333,-2.6399999999999997
2.36,0.0,PLP,PLP,0.0,-2.0,-2.856533333333333,-2.7199999999999998
2.4,0.0,PLP,PLP,0.0,-2.0,-2.92,-2.8
2.44,0.0,PLP,PLP,0.0,-2.0,-2.9845333333333333,-2.88
2.48,0.0,PLP,PLP,0.0,-2.0,-3.0501333333333336,-2.96
2.52,0.0,PLP,PLP,0.0,-2.0,-3.1168,-3.04
2.56,0.0,PLP,PLP,0.0,-2.0,-3.1845333333333334,-3.12
2.6,0.0,PLP,PLP,0.0,-2.0,-3.2533333333333334,-3.2
2.64,0.0,PLP,PLP,0.0,-2.0,-3.3232000000000004,-3.2800000000000002
2.68,0.0,PLP,PLP,0.0,-2.0,-3.394133333333334,-3.3600000000000003
2.72,0.0,PLP,PLP,0.0,-2.0,-3.466133333333334,-3.4400000000000004
2.76,0.0,PLP,PLP,0.0,-2.0,-3.5391999999999997,-3.5199999999999996
2.8,0.0,PLP,PLP,0.0,-2.0,-3.613333333333333,-3.5999999999999996
2.84,0.0,PLP,PLP,0.0,-2.0,-3.6885333333333334,-3.6799999999999997
2.88,0.0,PLP,PLP,0.0,-2.0,-3.7647999999999997,-3.76
2.92,0.0,PLP,PLP,0.0,-2.0,-3.842133333333333,-3.84
2.96,0.0,PLP,PLP,0.0,-2.0,-3.920533333333333,-3.92
3.0,0.0,degenerate,PLP|FLP,0.0,-2.0,-4.0,-4.0
3.04,0.0,FLP,FLP,0.0,-2.0,,-4.08
3.08,0.0,FLP,FLP,0.0,-2.0,,-4.16
3.12,0.0,FLP,FLP,0.0,-2.0,,-4.24
3.16,0.0,FLP,FLP,0.0,-2.0,,-4.32
3.2,0.0,FLP,FLP,0.0,-2.0,,-4.4
3.24,0.0,FLP,FLP,0.0,-2.0,,-4.48
3.28,0.0,FLP,FLP,0.0,-2.0,,-4.56
3.32,0.0,FLP,FLP,0.0,-2.0,,-4.64
3.36,0.0,FLP,FLP,0.0,-2.0,,-4.72
3.4,0.0,FLP,FLP,0.0,-2.0,,-4.8
3.44,0.0,FLP,FLP,0.0,-2.0,,-4.88
3.48,0.0,FLP,FLP,0.0,-2.0,,-4.96
3.52,0.0,FLP,FLP,0.0,-2.0,,-5.04
3.56,0.0,FLP,FLP,0.0,-2.0,,-5.12
3.6,0.0,FLP,FLP,0.0,-2.0,,-5.2
3.64,0.0,FLP,FLP,0.0,-2.0,,-5.28
3.68,0.0,FLP,FLP,0.0,-2.0,,-5.36
3.72,0.0,FLP,FLP,0.0,-2.0,,-5.44
3.76,0.0,FLP,FLP,0.0,-2.0,,-5.52
3.8,0.0,FLP,FLP,0.0,-2.0,,-5.6
3.84,0.0,FLP,FLP,0.0,-2.0,,-5.68
3.88,0.0,FLP,FLP,0.0,-2.0,,-5.76
3.92,0.0,FLP,FLP,0.0,-2.0,,-5.84
3.96,0.0,FLP,FLP,0.0,-2.0,,-5.92
4.0,0.0,FLP,FLP,0.0,-2.0,,-6.0
0.0,0.035,CAF,CAF,-0.07,-2.0006125,-1.0,2.0
0.04,0.035,CAF,CAF,-0.07,-2.0006125,-1.0005333333333333,1.92
0.08,0.035,CAF,CAF,-0.07,-2.0006125,-1.0021333333333333,1.84
0.12,0.035,CAF,CAF,-0.07,-2.0006125,-1.0048,1.76
0.16,0.035,CAF,CAF,-0.07,-2.0006125,-1.0085333333333333,1.68
0.2,0.035,CAF,CAF,-0.07,-2.0006125,-1.0133333333333334,1.6
0.24,0.035,CAF,CAF,-0.07,-2.0006125,-1.0192,1.52
0.28,0.035,CAF,CAF,-0.07,-2.0006125,-1.0261333333333333,1.44
0.32,0.035,CAF,CAF,-0.07,-2.0006125,-1.0341333333333333,1.3599999999999999
0.36,0.035,CAF,CAF,-0.07,-2.0006125,-1.0432,1.28
0.4,0.035,CAF,CAF,-0.07,-2.0006125,-1.0533333333333332,1.2
0.44,0.035,CAF,CAF,-0.07,-2.0006125,-1.0645333333333333,1.12
0.48,0.035,CAF,CAF,-0.07,-2.0006125,-1.0768,1.04
0.52,0.035,CAF,CAF,-0.07,-2.0006125,-1.0901333333333334,0.96
0.56,0.035,CAF,CAF,-0.07,-2.0006125,-1.1045333333333334,0.8799999999999999
0.6,0.035,CAF,CAF,-0.07,-2.0006125,-1.12,0.8
0.64,0.035,CAF,CAF,-0.07,-2.0006125,-1.1365333333333334,0.72
0.68,0.035,CAF,CAF,-0.07,-2.0006125,-1.1541333333333335,0.6399999999999999
0.72,0.035,CAF,CAF,-0.07,-2.0006125,-1.1728,0.56
0.76,0.035,CAF,CAF,-0.07,-2.0006125,-1.1925333333333334,0.48
0.8,0.035,CAF,CAF,-0.07,-2.0006125,-1.2133333333333334,0.3999999999999999
0.84,0.035,CAF,CAF,-0.07,-2.0006125,-1.2351999999999999,0.32000000000000006
0.88,0.035,CAF,CAF,-0.07,-2.0006125,-1.2581333333333333,0.24
0.92,0.035,CAF,CAF,-0.07,-2.0006125,-1.2821333333333333,0.15999999999999992
0.96,0.035,CAF,CAF,-0.07,-2.0006125,-1.3072,0.08000000000000007
1.0,0.035,CAF,CAF,-0.07,-2.0006125,-1.3333333333333333,0.0
1.04,0.035,CAF,CAF,-0.07,-2.0006125,-1.3605333333333334,-0.08000000000000007
1.08,0.035,CAF,CAF,-0.07,-2.0006125,-1.3888,-0.16000000000000014
1.12,0.035,CAF,CAF,-0.07,-2.0006125,-1.4181333333333335,-0.2400000000000002
1.16,0.035,CAF,CAF,-0.07,-2.0006125,-1.4485333333333332,-0.31999999999999984
1.2,0.035,CAF,CAF,-0.07,-2.0006125,-1.48,-0.3999999999999999
1.24,0.035,CAF,CAF,-0.07,-2.0006125,-1.5125333333333333,-0.48
1.28,0.035,CAF,CAF,-0.07,-2.0006125,-1.5461333333333334,-0.56
1.32,0.035,CAF,CAF,-0.07,-2.0006125,-1.5808,-0.6400000000000001
1.36,0.035,CAF,CAF,-0.07,-2.0006125,-1.6165333333333334,-0.7200000000000002
1.4,0.035,CAF,CAF,-0.07,-2.0006125,-1.6533333333333333,-0.7999999999999998
1.44,0.035,CAF,CAF,-0.07,-2.0006125,-1.6911999999999998,-0.8799999999999999
1.48,0.035,CAF,CAF,-0.07,-2.0006125,-1.7301333333333333,-0.96
1.52,0.035,CAF,CAF,-0.07,-2.0006125,-1.7701333333333333,-1.04
1.56,0.035,CAF,CAF,-0.07,-2.0006125,-1.8112,-1.12
1.6,0.035,CAF,CAF,-0.07,-2.0006125,-1.8533333333333335,-1.2000000000000002
1.64,0.035,CAF,CAF,-0.07,-2.0006125,-1.8965333333333332,-1.2799999999999998
1.68,0.035,CAF,CAF,-0.07,-2.0006125,-1.9407999999999999,-1.3599999999999999
1.72,0.035,CAF,CAF,-0.07,-2.0006125,-1.986133333333333,-1.44
1.76,0.035,PLP,PLP,-0.07,-2.0006125,-2.0325333333333333,-1.52
1.8,0.035,PLP,PLP,-0.07,-2.0006125,-2.08,-1.6
1.84,0.035,PLP,PLP,-0.07,-2.0006125,-2.1285333333333334,-1.6800000000000002
1.88,0.035,PLP,PLP,-0.07,-2.0006125,-2.1781333333333333,-1.7599999999999998
1.92,0.035,PLP,PLP,-0.07,-2.0006125,-2.2287999999999997,-1.8399999999999999
1.96,0.035,PLP,PLP,-0.07,-2.0006125,-2.2805333333333335,-1.92
2.0,0.035,PLP,PLP,-0.07,-2.0006125,-2.333333333333333,-2.0
2.04,0.035,PLP,PLP,-0.07,-2.0006125,-2.3872,-2.08
2.08,0.035,PLP,PLP,-0.07,-2.0006125,-2.4421333333333335,-2.16
2.12,0.035,PLP,PLP,-0.07,-2.0006125,-2.4981333333333335,-2.24
2.16,0.035,PLP,PLP,-0.07,-2.0006125,-2.5552,-2.3200000000000003
2.2,0.035,PLP,PLP,-0.07,-2.0006125,-2.6133333333333333,-2.4000000000000004
2.24,0.035,PLP,PLP,-0.07,-2.0006125,-2.672533333333334,-2.4800000000000004
2.28,0.035,PLP,PLP,-0.07,-2.0006125,-2.7328,-2.5599999999999996
2.32,0.035,PLP,PLP,-0.07,-2.0006125,-2.794133333333333,-2.6399999999999997
2.36,0.035,PLP,PLP,-0.07,-2.0006125,-2.856533333333333,-2.7199999999999998
2.4,0.035,PLP,PLP,-0.07,-2.0006125,-2.92,-2.8
2.44,0.035,PLP,PLP,-0.07,-2.0006125,-2.9845333333333333,-2.88
2.48,0.035,PLP,PLP,-0.07,-2.0006125,-3.0501333333333336,-2.96
2.52,0.035,PLP,PLP,-0.07,-2.0006125,-3.1168,-3.04
2.56,0.035,PLP,PLP,-0.07,-2.0006125,-3.1845333333333334,-3.12
2.6,0.035,PLP,PLP,-0.07,-2.0006125,-3.2533333333333334,-3.2
2.64,0.035,PLP,PLP,-0.07,-2.0006125,-3.3232000000000004,-3.2800000000000002
2.68,0.035,PLP,PLP,-0.07,-2.0006125,-3.394133333333334,-3.3600000000000003
2.72,0.035,PLP,PLP,-0.07,-2.0006125,-3.466133333333334,-3.4400000000000004
2.76,0.035,PLP,PLP,-0.07,-2.0006125,-3.5391999999999997,-3.5199999999999996
2.8,0.035,PLP,PLP,-0.07,-2.0006125,-3.613333333333333,-3.5999999999999996
2.84,0.035,PLP,PLP,-0.07,-2.0006125,-3.6885333333333334,-3.6799999999999997
2.88,0.035,PLP,PLP,-0.07,-2.0006125,-3.7647999999999997,-3.76
2.92,0.035,PLP,PLP,-0.07,-2.0006125,-3.842133333333333,-3.84
2.96,0.035,PLP,PLP,-0.07,-2.0006125,-3.920533333333333,-3.92
3.0,0.035,degenerate,PLP|FLP,-0.07,-2.0006125,-4.0,-4.0
3.04,0.035,FLP,FLP,-0.07,-2.0006125,,-4.08
3.08,0.035,FLP,FLP,-0.07,-2.0006125,,-4.16
3.12,0.035,FLP,FLP,-0.07,-2.0006125,,-4.24
3.16,0.035,FLP,FLP,-0.07,-2.0006125,,-4.32
3.2,0.035,FLP,FLP,-0.07,-2.0006125,,-4.4
3.24,0.035,FLP,FLP,-0.07,-2.0006125,,-4.48
3.28,0.035,FLP,FLP,-0.07,-2.0006125,,-4.56
3.32,0.035,FLP,FLP,-0.07,-2.0006125,,-4.64
3.36,0.035,FLP,FLP,-0.07,-2.0006125,,-4.72
3.4,0.035,FLP,FLP,-0.07,-2.0006125,,-4.8
3.44,0.035,FLP,FLP,-0.07,-2.0006125,,-4.88
3.48,0.035,FLP,FLP,-0.07,-2.0006125,,-4.96
3.52,0.035,FLP,FLP,-0.07,-2.0006125,,-5.04
3.56,0.035,FLP,FLP,-0.07,-2.0006125,,-5.12
3.6,0.035,FLP,FLP,-0.07,-2.0006125,,-5.2
3.64,0.035,FLP,FLP,-0.07,-2.0006125,,-5.28
3.68,0.035,FLP,FLP,-0.07,-2.0006125,,-5.36
3.72,0.035,FLP,FLP,-0.07,-2.0006125,,-5.44
3.76,0.035,FLP,FLP,-0.07,-2.0006125,,-5.52
3.8,0.035,FLP,FLP,-0.07,-2.0006125,,-5.6
3.84,0.035,FLP,FLP,-0.07,-2.0006125,,-5.68
3.88,0.035,FLP,FLP,-0.07,-2.0006125,,-5.76
3.92,0.035,FLP,FLP,-0.07,-2.0006125,,-5.84
3.96,0.035,FLP,FLP,-0.07,-2.0006125,,-5.92
4.0,0.035,FLP,FLP,-0.07,-2.0006125,,-6.0
0.0,0.07,CAF,CAF,-0.14,-2.00245,-1.0,2.0
0.04,0.07,CAF,CAF,-0.14,-2.00245,-1.0005333333333333,1.92
0.08,0.07,CAF,CAF,-0.14,-2.00245,-1.0021333333333333,1.84
0.12,0.07,CAF,CAF,-0.14,-2.00245,-1.0048,1.76
0.16,0.07,CAF,CAF,-0.14,-2.00245,-1.0085333333333333,1.68
0.2,0.07,CAF,CAF,-0.14,-2.00245,-1.0133333333333334,1.6
0.24,0.07,CAF,CAF,-0.14,-2.00245,-1.0192,1.52
0.28,0.07,CAF,CAF,-0.14,-2.00245,-1.0261333333333333,1.44
0.32,0.07,CAF,CAF,-0.14,-2.00245,-1.0341333333333333,1.3599999999999999
0.36,0.07,CAF,CAF,-0.14,-2.00245,-1.0432,1.28
0.4,0.07,CAF,CAF,-0.14,-2.00245,-1.0533333333333332,1.2
0.44,0.07,CAF,CAF,-0.14,-2.00245,-1.0645333333333333,1.12
0.48,0.07,CAF,CAF,-0.14,-2.00245,-1.0768,1.04
0.52,0.07,CAF,CAF,-0.14,-2.00245,-1.0901333333333334,0.96
0.56,0.07,CAF,CAF,-0.14,-2.00245,-1.1045333333333334,0.8799999999999999
0.6,0.07,CAF,CAF,-0.14,-2.00245,-1.12,0.8
0.64,0.07,CAF,CAF,-0.14,-2.00245,-1.1365333333333334,0.72
0.68,0.07,CAF,CAF,-0.14,-2.00245,-1.1541333333333335,0.6399999999999999
0.72,0.07,CAF,CAF,-0.14,-2.00245,-1.1728,0.56
0.76,0.07,CAF,CAF,-0.14,-2.00245,-1.1925333333333334,0.48
0.8,0.07,CAF,CAF,-0.14,-2.00245,-1.2133333333333334,0.3999999999999999
0.84,0.07,CAF,CAF,-0.14,-2.00245,-1.2351999999999999,0.32000000000000006
0.88,0.07,CAF,CAF,-0.14,-2.00245,-1.2581333333333333,0.24
0.92,0.07,CAF,CAF,-0.14,-2.00245,-1.2821333333333333,0.15999999999999992
0.96,0.07,CAF,CAF,-0.14,-2.00245,-1.3072,0.08000000000000007
1.0,0.07,CAF,CAF,-0.14,-2.00245,-1.3333333333333333,0.0
1.04,0.07,CAF,CAF,-0.14,-2.00245,-1.3605333333333334,-0.08000000000000007
1.08,0.07,CAF,CAF,-0.14,-2.00245,-1.3888,-0.16000000000000014
1.12,0.07,CAF,CAF,-0.14,-2.00245,-1.4181333333333335,-0.2400000000000002
1.16,0.07,CAF,CAF,-0.14,-2.00245,-1.4485333333333332,-0.31999999999999984
1.2,0.07,CAF,CAF,-0.14,-2.00245,-1.48,-0.3999999999999999
1.24,0.07,CAF,CAF,-0.14,-2.00245,-1.5125333333333333,-0.48
1.28,0.07,CAF,CAF,-0.14,-2.00245,-1.5461333333333334,-0.56
1.32,0.07,CAF,CAF,-0.14,-2.00245,-1.5808,-0.6400000000000001
1.36,0.07,CAF,CAF,-0.14,-2.00245,-1.6165333333333334,-0.7200000000000002
1.4,0.07,CAF,CAF,-0.14,-2.00245,-1.6533333333333333,-0.7999999999999998
1.44,0.07,CAF,CAF,-0.14,-2.00245,-1.6911999999999998,-0.8799999999999999
1.48,0.07,CAF,CAF,-0.14,-2.00245,-1.7301333333333333,-0.96
1.52,0.07,CAF,CAF,-0.14,-2.00245,-1.7701333333333333,-1.04
1.56,0.07,CAF,CAF,-0.14,-2.00245,-1.8112,-1.12
1.6,0.07,CAF,CAF,-0.14,-2.00245,-1.8533333333333335,-1.2000000000000002
1.64,0.07,CAF,CAF,-0.14,-2.00245,-1.8965333333333332,-1.2799999999999998
1.68,0.07,CAF,CAF,-0.14,-2.00245,-1.9407999999999999,-1.3599999999999999
1.72,0.07,CAF,CAF,-0.14,-2.00245,-1.986133333333333,-1.44
1.76,0.07,PLP,PLP,-0.14,-2.00245,-2.0325333333333333,-1.52
1.8,0.07,PLP,PLP,-0.14,-2.00245,-2.08,-1.6
1.84,0.07,PLP,PLP,-0.14,-2.00245,-2.1285333333333334,-1.6800000000000002
1.88,0.07,PLP,PLP,-0.14,-2.00245,-2.1781333333333333,-1.7599999999999998
1.92,0.07,PLP,PLP,-0.14,-2.00245,-2.2287999999999997,-1.8399999999999999
1.96,0.07,PLP,PLP,-0.14,-2.00245,-2.2805333333333335,-1.92
2.0,0.07,PLP,PLP,-0.14,-2.00245,-2.333333333333333,-2.0
2.04,0.07,PLP,PLP,-0.14,-2.00245,-2.3872,-2.08
2.08,0.07,PLP,PLP,-0.14,-2.00245,-2.4421333333333335,-2.16
2.12,0.07,PLP,PLP,-0.14,-2.00245,-2.4981333333333335,-2.24
2.16,0.07,PLP,PLP,-0.14,-2.00245,-2.5552,-2.3200000000000003
2.2,0.07,PLP,PLP,-0.14,-2.00245,-2.6133333333333333,-2.4000000000000004
2.24,0.07,PLP,PLP,-0.14,-2.00245,-2.672533333333334,-2.4800000000000004
2.28,0.07,PLP,PLP,-0.14,-2.00245,-2.7328,-2.5599999999999996
2.32,0.07,PLP,PLP,-0.14,-2.00245,-2.794133333333333,-2.6399999999999997
2.36,0.07,PLP,PLP,-0.14,-2.00245,-2.856533333333333,-2.7199999999999998
2.4,0.07,PLP,PLP,-0.14,-2.00245,-2.92,-2.8
2.44,0.07,PLP,PLP,-0.14,-2.00245,-2.9845333333333333,-2.88
2.48,0.07,PLP,PLP,-0.14,-2.00245,-3.0501333333333336,-2.96
2.52,0.07,PLP,PLP,-0.14,-2.00245,-3.1168,-3.04
2.56,0.07,PLP,PLP,-0.14,-2.00245,-3.1845333333333334,-3.12
2.6,0.07,PLP,PLP,-0.14,-2.00245,-3.2533333333333334,-3.2
2.64,0.07,PLP,PLP,-0.14,-2.00245,-3.3232000000000004,-3.2800000000000002
2.68,0.07,PLP,PLP,-0.14,-2.00245,-3.394133333333334,-3.3600000000000003
2.72,0.07,PLP,PLP,-0.14,-2.00245,-3.466133333333334,-3.4400000000000004
2.76,0.07,PLP,PLP,-0.14,-2.00245,-3.5391999999999997,-3.5199999999999996
2.8,0.07,PLP,PLP,-0.14,-2.00245,-3.613333333333333,-3.5999999999999996
2.84,0.07,PLP,PLP,-0.14,-2.00245,-3.6885333333333334,-3.6799999999999997
2.88,0.07,PLP,PLP,-0.14,-2.00245,-3.7647999999999997,-3.76
2.92,0.07,PLP,PLP,-0.14,-2.00245,-3.842133333333333,-3.84
2.96,0.07,PLP,PLP,-0.14,-2.00245,-3.920533333333333,-3.92
3.0,0.07,degenerate,PLP|FLP,-0.14,-2.00245,-4.0,-4.0
3.04,0.07,FLP,FLP,-0.14,-2.00245,,-4.08
3.08,0.07,FLP,FLP,-0.14,-2.00245,,-4.16
3.12,0.07,FLP,FLP,-0.14,-2.00245,,-4.24
3.16,0.07,FLP,FLP,-0.14,-2.00245,,-4.32
3.2,0.07,FLP,FLP,-0.14,-2.00245,,-4.4
3.24,0.07,FLP,FLP,-0.14,-2.00245,,-4.48
3.28,0.07,FLP,FLP,-0.14,-2.00245,,-4.56
3.32,0.07,FLP,FLP,-0.14,-2.00245,,-4.64
3.36,0.07,FLP,FLP,-0.14,-2.00245,,-4.72
3.4,0.07,FLP,FLP,-0.14,-2.00245,,-4.8
3.44,0.07,FLP,FLP,-0.14,-2.00245,,-4.88
3.48,0.07,FLP,FLP,-0.14,-2.00245,,-4.96
3.52,0.07,FLP,FLP,-0.14,-2.00245,,-5.04
3.56,0.07,FLP,FLP,-0.14,-2.00245,,-5.12
3.6,0.07,FLP,FLP,-0.14,-2.00245,,-5.2
3.64,0.07,FLP,FLP,-0.14,-2.00245,,-5.28
3.68,0.07,FLP,FLP,-0.14,-2.00245,,-5.36
3.72,0.07,FLP,FLP,-0.14,-2.00245,,-5.44
3.76,0.07,FLP,FLP,-0.14,-2.00245,,-5.52
3.8,0.07,FLP,FLP,-0.14,-2.00245,,-5.6
3.84,0.07,FLP,FLP,-0.14,-2.00245,,-5.68
3.88,0.07,FLP,FLP,-0.14,-2.00245,,-5.76
3.92,0.07,FLP,FLP,-0.14,-2.00245,,-5.84
3.96,0.07,FLP,FLP,-0.14,-2.00245,,-5.92
4.0,0.07,FLP,FLP,-0.14,-2.00245,,-6.0
0.0,0.105,CAF,CAF,-0.21,-2.0055125,-1.0,2.0
0.04,0.105,CAF,CAF,-0.21,-2.0055125,-1.0005333333333333,1.92
0.08,0.105,CAF,CAF,-0.21,-2.0055125,-1.0021333333333333,1.84
0.12,0.105,CAF,CAF,-0.21,-2.0055125,-1.0048,1.76
0.16,0.105,CAF,CAF,-0.21,-2.0055125,-1.0085333333333333,1.68
0.2,0.105,CAF,CAF,-0.21,-2.0055125,-1.0133333333333334,1.6
0.24,0.105,CAF,CAF,-0.21,-2.0055125,-1.0192,1.52
0.28,0.105,CAF,CAF,-0.21,-2.0055125,-1.0261333333333333,1.44
0.32,0.105,CAF,CAF,-0.21,-2.0055125,-1.0341333333333333,1.3599999999999999
0.36,0.105,CAF,CAF,-0.21,-2.0055125,-1.0432,1.28
0.4,0.105,CAF,CAF,-0.21,-2.0055125,-1.0533333333333332,1.2
0.44,0.105,CAF,CAF,-0.21,-2.0055125,-1.0645333333333333,1.12
0.48,0.105,CAF,CAF,-0.21,-2.0055125,-1.0768,1.04
0.52,0.105,CAF,CAF,-0.21,-2.0055125,-1.0901333333333334,0.96
0.56,0.105,CAF,CAF,-0.21,-2.0055125,-1.1045333333333334,0.8799999999999999
0.6,0.105,CAF,CAF,-0.21,-2.0055125,-1.12,0.8
0.64,0.105,CAF,CAF,-0.21,-2.0055125,-1.1365333333333334,0.72
0.68,0.105,CAF,CAF,-0.21,-2.0055125,-1.1541333333333335,0.6399999999999999
0.72,0.105,CAF,CAF,-0.21,-2.0055125,-1.1728,0.56
0.76,0.105,CAF,CAF,-0.21,-2.0055125,-1.1925333333333334,0.48
0.8,0.105,CAF,CAF,-0.21,-2.0055125,-1.2133333333333334,0.3999999999999999
0.84,0.105,CAF,CAF,-0.21,-2.0055125,-1.2351999999999999,0.32000000000000006
0.88,0.105,CAF,CAF,-0.21,-2.0055125,-1.2581333333333333,0.24
0.92,0.105,CAF,CAF,-0.21,-2.0055125,-1.2821333333333333,0.15999999999999992
0.96,0.105,CAF,CAF,-0.21,-2.0055125,-1.3072,0.08000000000000007
1.0,0.105,CAF,CAF,-0.21,-2.0055125,-1.3333333333333333,0.0
1.04,0.105,CAF,CAF,-0.21,-2.0055125,-1.3605333333333334,-0.08000000000000007
1.08,0.105,CAF,CAF,-0.21,-2.0055125,-1.3888,-0.16000000000000014
1.12,0.105,CAF,CAF,-0.21,-2.0055125,-1.4181333333333335,-0.2400000000000002
1.16,0.105,CAF,CAF,-0.21,-2.0055125,-1.4485333333333332,-0.31999999999999984
1.2,0.105,CAF,CAF,-0.21,-2.0055125,-1.48,-0.3999999999999999
1.24,0.105,CAF,CAF,-0.21,-2.0055125,-1.5125333333333333,-0.48
1.28,0.105,CAF,CAF,-0.21,-2.0055125,-1.5461333333333334,-0.56
1.32,0.105,CAF,CAF,-0.21,-2.0055125,-1.5808,-0.6400000000000001
1.36,0.105,CAF,CAF,-0.21,-2.0055125,-1.6165333333333334,-0.7200000000000002
1.4,0.105,CAF,CAF,-0.21,-2.0055125,-1.6533333333333333,-0.7999999999999998
1.44,0.105,CAF,CAF,-0.21,-2.0055125,-1.6911999999999998,-0.8799999999999999
1.48,0.105,CAF,CAF,-0.21,-2.0055125,-1.7301333333333333,-0.96
1.52,0.105,CAF,CAF,-0.21,-2.0055125,-1.7701333333333333,-1.04
1.56,0.105,CAF,CAF,-0.21,-2.0055125,-1.8112,-1.12
1.6,0.105,CAF,CAF,-0.21,-2.0055125,-1.8533333333333335,-1.2000000000000002
1.64,0.105,CAF,CAF,-0.21,-2.0055125,-1.8965333333333332,-1.2799999999999998
1.68,0.105,CAF,CAF,-0.21,-2.0055125,-1.9407999999999999,-1.3599999999999999
1.72,0.105,CAF,CAF,-0.21,-2.0055125,-1.986133333333333,-1.44
1.76,0.105,PLP,PLP,-0.21,-2.0055125,-2.0325333333333333,-1.52
1.8,0.105,PLP,PLP,-0.21,-2.0055125,-2.08,-1.6
1.84,0.105,PLP,PLP,-0.21,-2.0055125,-2.1285333333333334,-1.6800000000000002
1.88,0.105,PLP,PLP,-0.21,-2.0055125,-2.1781333333333333,-1.7599999999999998
1.92,0.105,PLP,PLP,-0.21,-2.0055125,-2.2287999999999997,-1.8399999999999999
1.96,0.105,PLP,PLP,-0.21,-2.0055125,-2.2805333333333335,-1.92
2.0,0.105,PLP,PLP,-0.21,-2.0055125,-2.333333333333333,-2.0
2.04,0.105,PLP,PLP,-0.21,-2.0055125,-2.3872,-2.08
2.08,0.105,PLP,PLP,-0.21,-2.0055125,-2.4421333333333335,-2.16
2.12,0.105,PLP,PLP,-0.21,-2.0055125,-2.4981333333333335,-2.24
2.16,0.105,PLP,PLP,-0.21,-2.0055125,-2.5552,-2.3200000000000003
2.2,0.105,PLP,PLP,-0.21,-2.0055125,-2.6133333333333333,-2.4000000000000004
2.24,0.105,PLP,PLP,-0.21,-2.0055125,-2.672533333333334,-2.4800000000000004
2.28,0.105,PLP,PLP,-0.21,-2.0055125,-2.7328,-2.5599999999999996
2.32,0.105,PLP,PLP,-0.21,-2.0055125,-2.794133333333333,-2.6399999999999997
2.36,0.105,PLP,PLP,-0.21,-2.0055125,-2.856533333333333,-2.7199999999999998
2.4,0.105,PLP,PLP,-0.21,-2.0055125,-2.92,-2.8
2.44,0.105,PLP,PLP,-0.21,-2.0055125,-2.9845333333333333,-2.88
2.48,0.105,PLP,PLP,-0.21,-2.0055125,-3.0501333333333336,-2.96
2.52,0.105,PLP,PLP,-0.21,-2.0055125,-3.1168,-3.04
2.56,0.105,PLP,PLP,-0.21,-2.0055125,-3.1845333333333334,-3.12
2.6,0.105,PLP,PLP,-0.21,-2.0055125,-3.2533333333333334,-3.2
2.64,0.105,PLP,PLP,-0.21,-2.0055125,-3.3232000000000004,-3.2800000000000002
2.68,0.105,PLP,PLP,-0.21,-2.0055125,-3.394133333333334,-3.3600000000000003
2.72,0.105,PLP,PLP,-0.21,-2.0055125,-3.466133333333334,-3.4400000000000004
2.76,0.105,PLP,PLP,-0.21,-2.0055125,-3.5391999999999997,-3.5199999999999996
2.8,0.105,PLP,PLP,-0.21,-2.0055125,-3.613333333333333,-3.5999999999999996
2.84,0.105,PLP,PLP,-0.21,-2.0055125,-3.6885333333333334,-3.6799999999999997
2.88,0.105,PLP,PLP,-0.21,-2.0055125,-3.7647999999999997,-3.76
2.92,0.105,PLP,PLP,-0.21,-2.0055125,-3.842133333333333,-3.84
2.96,0.105,PLP,PLP,-0.21,-2.0055125,-3.920533333333333,-3.92
3.0,0.105,degenerate,PLP|FLP,-0.21,-2.0055125,-4.0,-4.0
3.04,0.105,FLP,FLP,-0.21,-2.0055125,,-4.08
3.08,0.105,FLP,FLP,-0.21,-2.0055125,,-4.16
3.12,0.105,FLP,FLP,-0.21,-2.0055125,,-4.24
3.16,0.105,FLP,FLP,-0.21,-2.0055125,,-4.32
3.2,0.105,FLP,FLP,-0.21,-2.0055125,,-4.4
3.24,0.105,FLP,FLP,-0.21,-2.0055125,,-4.48
3.28,0.105,FLP,FLP,-0.21,-2.0055125,,-4.56
3.32,0.105,FLP,FLP,-0.21,-2.0055125,,-4.64
3.36,0.105,FLP,FLP,-0.21,-2.0055125,,-4.72
3.4,0.105,FLP,FLP,-0.21,-2.0055125,,-4.8
3.44,0.105,FLP,FLP,-0.21,-2.0055125,,-4.88
3.48,0.105,FLP,FLP,-0.21,-2.0055125,,-4.96
3.52,0.105,FLP,FLP,-0.21,-2.0055125,,-5.04
3.56,0.105,FLP,FLP,-0.21,-2.0055125,,-5.12
3.6,0.105,FLP,FLP,-0.21,-2.0055125,,-5.2
3.64,0.105,FLP,FLP,-0.21,-2.0055125,,-5.28
3.68,0.105,FLP,FLP,-0.21,-2.0055125,,-5.36
3.72,0.105,FLP,FLP,-0.21,-2.0055125,,-5.44
3.76,0.105,FLP,FLP,-0.21,-2.0055125,,-5.52
3.8,0.105,FLP,FLP,-0.21,-2.0055125,,-5.6
3.84,0.105,FLP,FLP,-0.21,-2.0055125,,-5.68
3.88,0.105,FLP,FLP,-0.21,-2.0055125,,-5.76
3.92,0.105,FLP,FLP,-0.21,-2.0055125,,-5.84
3.96,0.105,FLP,FLP,-0.21,-2.0055125,,-5.92
4.0,0.105,FLP,FLP,-0.21,-2.0055125,,-6.0
0.0,0.14,CAF,CAF,-0.28,-2.0098,-1.0,2.0
0.04,0.14,CAF,CAF,-0.28,-2.0098,-1.0005333333333333,1.92
0.08,0.14,CAF,CAF,-0.28,-2.0098,-1.0021333333333333,1.84
0.12,0.14,CAF,CAF,-0.28,-2.0098,-1.0048,1.76
0.16,0.14,CAF,CAF,-0.28,-2.0098,-1.0085333333333333,1.68
0.2,0.14,CAF,CAF,-0.28,-2.0098,-1.0133333333333334,1.6
0.24,0.14,CAF,CAF,-0.28,-2.0098,-1.0192,1.52
0.28,0.14,CAF,CAF,-0.28,-2.0098,-1.0261333333333333,1.44
0.32,0.14,CAF,CAF,-0.28,-2.0098,-1.0341333333333333,1.3599999999999999
0.36,0.14,CAF,CAF,-0.28,-2.0098,-1.0432,1.28
0.4,0.14,CAF,CAF,-0.28,-2.0098,-1.0533333333333332,1.2
0.44,0.14,CAF,CAF,-0.28,-2.0098,-1.0645333333333333,1.12
0.48,0.14,CAF,CAF,-0.28,-2.0098,-1.0768,1.04
0.52,0.14,CAF,CAF,-0.28,-2.0098,-1.0901333333333334,0.96
0.56,0.14,CAF,CAF,-0.28,-2.0098,-1.1045333333333334,0.8799999999999999
0.6,0.14,CAF,CAF,-0.28,-2.0098,-1.12,0.8
0.64,0.14,CAF,CAF,-0.28,-2.0098,-1.1365333333333334,0.72
0.68,0.14,CAF,CAF,-0.28,-2.0098,-1.1541333333333335,0.6399999999999999
0.72,0.14,CAF,CAF,-0.28,-2.0098,-1.1728,0.56
0.76,0.14,CAF,CAF,-0.28,-2.0098,-1.1925333333333334,0.48
0.8,0.14,CAF,CAF,-0.28,-2.0098,-1.2133333333333334,0.3999999999999999
0.84,0.14,CAF,CAF,-0.28,-2.0098,-1.2351999999999999,0.32000000000000006
0.88,0.14,CAF,CAF,-0.28,-2.0098,-1.2581333333333333,0.24
0.92,0.14,CAF,CAF,-0.28,-2.0098,-1.2821333333333333,0.15999999999999992
0.96,0.14,CAF,CAF,-0.28,-2.0098,-1.3072,0.08000000000000007
1.0,0.14,CAF,CAF,-0.28,-2.0098,-1.3333333333333333,0.0
1.04,0.14,CAF,CAF,-0.28,-2.0098,-1.3605333333333334,-0.08000000000000007
1.08,0.14,CAF,CAF,-0.28,-2.0098,-1.3888,-0.16000000000000014
1.12,0.14,CAF,CAF,-0.28,-2.0098,-1.4181333333333335,-0.2400000000000002
1.16,0.14,CAF,CAF,-0.28,-2.0098,-1.4485333333333332,-0.31999999999999984
1.2,0.14,CAF,CAF,-0.28,-2.0098,-1.48,-0.3999999999999999
1.24,0.14,CAF,CAF,-0.28,-2.0098,-1.5125333333333333,-0.48
1.28,0.14,CAF,CAF,-0.28,-2.0098,-1.5461333333333334,-0.56
1.32,0.14,CAF,CAF,-0.28,-2.0098,-1.5808,-0.6400000000000001
1.36,0.14,CAF,CAF,-0.28,-2.0098,-1.6165333333333334,-0.7200000000000002
1.4,0.14,CAF,CAF,-0.28,-2.0098,-1.6533333333333333,-0.7999999999999998
1.44,0.14,CAF,CAF,-0.28,-2.0098,-1.6911999999999998,-0.8799999999999999
1.48,0.14,CAF,CAF,-0.28,-2.0098,-1.7301333333333333,-0.96
1.52,0.14,CAF,CAF,-0.28,-2.0098,-1.7701333333333333,-1.04
1.56,0.14,CAF,CAF,-0.28,-2.0098,-1.8112,-1.12
1.6,0.14,CAF,CAF,-0.28,-2.0098,-1.8533333333333335,-1.2000000000000002
1.64,0.14,CAF,CAF,-0.28,-2.0098,-1.8965333333333332,-1.2799999999999998
1.68,0.14,CAF,CAF,-0.28,-2.0098,-1.9407999999999999,-1.3599999999999999
1.72,0.14,CAF,CAF,-0.28,-2.0098,-1.986133333333333,-1.44
1.76,0.14,PLP,PLP,-0.28,-2.0098,-2.0325333333333333,-1.52
1.8,0.14,PLP,PLP,-0.28,-2.0098,-2.08,-1.6
1.84,0.14,PLP,PLP,-0.28,-2.0098,-2.1285333333333334,-1.6800000000000002
1.88,0.14,PLP,PLP,-0.28,-2.0098,-2.1781333333333333,-1.7599999999999998
1.92,0.14,PLP,PLP,-0.28,-2.0098,-2.2287999999999997,-1.8399999999999999
1.96,0.14,PLP,PLP,-0.28,-2.0098,-2.2805333333333335,-1.92
2.0,0.14,PLP,PLP,-0.28,-2.0098,-2.333333333333333,-2.0
2.04,0.14,PLP,PLP,-0.28,-2.0098,-2.3872,-2.08
2.08,0.14,PLP,PLP,-0.28,-2.0098,-2.4421333333333335,-2.16
2.12,0.14,PLP,PLP,-0.28,-2.0098,-2.4981333333333335,-2.24
2.16,0.14,PLP,PLP,-0.28,-2.0098,-2.5552,-2.3200000000000003
2.2,0.14,PLP,PLP,-0.28,-2.0098,-2.6133333333333333,-2.4000000000000004
2.24,0.14,PLP,PLP,-0.28,-2.0098,-2.672533333333334,-2.4800000000000004
2.28,0.14,PLP,PLP,-0.28,-2.0098,-2.7328,-2.5599999999999996
2.32,0.14,PLP,PLP,-0.28,-2.0098,-2.794133333333333,-2.6399999999999997
2.36,0.14,PLP,PLP,-0.28,-2.0098,-2.856533333333333,-2.7199999999999998
2.4,0.14,PLP,PLP,-0.28,-2.0098,-2.92,-2.8
2.44,0.14,PLP,PLP,-0.28,-2.0098,-2.9845333333333333,-2.88
2.48,0.14,PLP,PLP,-0.28,-2.0098,-3.0501333333333336,-2.96
2.52,0.14,PLP,PLP,-0.28,-2.0098,-3.1168,-3.04
2.56,0.14,PLP,PLP,-0.28,-2.0098,-3.1845333333333334,-3.12
2.6,0.14,PLP,PLP,-0.28,-2.0098,-3.2533333333333334,-3.2
2.64,0.14,PLP,PLP,-0.28,-2.0098,-3.3232000000000004,-3.2800000000000002
2.68,0.14,PLP,PLP,-0.28,-2.0098,-3.394133333333334,-3.3600000000000003
2.72,0.14,PLP,PLP,-0.28,-2.0098,-3.466133333333334,-3.4400000000000004
2.76,0.14,PLP,PLP,-0.28,-2.0098,-3.5391999999999997,-3.5199999999999996
2.8,0.14,PLP,PLP,-0.28,-2.0098,-3.613333333333333,-3.5999999999999996
2.84,0.14,PLP,PLP,-0.28,-2.0098,-3.6885333333333334,-3.6799999999999997
2.88,0.14,PLP,PLP,-0.28,-2.0098,-3.7647999999999997,-3.76
2.92,0.14,PLP,PLP,-0.28,-2.0098,-3.842133333333333,-3.84
2.96,0.14,PLP,PLP,-0.28,-2.0098,-3.920533333333333,-3.92
3.0,0.14,degenerate,PLP|FLP,-0.28,-2.0098,-4.0,-4.0
3.04,0.14,FLP,FLP,-0.28,-2.0098,,-4.08
3.08,0.14,FLP,FLP,-0.28,-2.0098,,-4.16
3.12,0.14,FLP,FLP,-0.28,-2.0098,,-4.24
3.16,0.14,FLP,FLP,-0.28,-2.0098,,-4.32
3.2,0.14,FLP,FLP,-0.28,-2.0098,,-4.4
3.24,0.14,FLP,FLP,-0.28,-2.0098,,-4.48
3.28,0.14,FLP,FLP,-0.28,-2.0098,,-4.56
3.32,0.14,FLP,FLP,-0.28,-2.0098,,-4.64
3.36,0.14,FLP,FLP,-0.28,-2.0098,,-4.72
3.4,0.14,FLP,FLP,-0.28,-2.0098,,-4.8
3.44,0.14,FLP,FLP,-0.28,-2.0098,,-4.88
3.48,0.14,FLP,FLP,-0.28,-2.0098,,-4.96
3.52,0.14,FLP,FLP,-0.28,-2.0098,,-5.04
3.56,0.14,FLP,FLP,-0.28,-2.0098,,-5.12
3.6,0.14,FLP,FLP,-0.28,-2.0098,,-5.2
3.64,0.14,FLP,FLP,-0.28,-2.0098,,-5.28
3.68,0.14,FLP,FLP,-0.28,-2.0098,,-5.36
3.72,0.14,FLP,FLP,-0.28,-2.0098,,-5.44
3.76,0.14,FLP,FLP,-0.28,-2.0098,,-5.52
3.8,0.14,FLP,FLP,-0.28,-2.0098,,-5.6
3.84,0.14,FLP,FLP,-0.28,-2.0098,,-5.68
3.88,0.14,FLP,FLP,-0.28,-2.0098,,-5.76
3.92,0.14,FLP,FLP,-0.28,-2.0098,,-5.84
3.96,0.14,FLP,FLP,-0.28,-2.0098,,-5.92
4.0,0.14,FLP,FLP,-0.28,-2.0098,,-6.0
0.0,0.175,CAF,CAF,-0.35,-2.0153125,-1.0,2.0
0.04,0.175,CAF,CAF,-0.35,-2.0153125,-1.0005333333333333,1.92
0.08,0.175,CAF,CAF,-0.35,-2.0153125,-1.0021333333333333,1.84
0.12,0.175,CAF,CAF,-0.35,-2.0153125,-1.0048,1.76
0.16,0.175,CAF,CAF,-0.35,-2.0153125,-1.0085333333333333,1.68
0.2,0.175,CAF,CAF,-0.35,-2.0153125,-1.0133333333333334,1.6
0.24,0.175,CAF,CAF,-0.35,-2.0153125,-1.0192,1.52
0.28,0.175,CAF,CAF,-0.35,-2.0153125,-1.0261333333333333,1.44
0.32,0.175,CAF,CAF,-0.35,-2.0153125,-1.0341333333333333,1.3599999999999999
0.36,0.175,CAF,CAF,-0.35,-2.0153125,-1.0432,1.28
0.4,0.175,CAF,CAF,-0.35,-2.0153125,-1.0533333333333332,1.2
0.44,0.175,CAF,CAF,-0.35,-2.0153125,-1.0645333333333333,1.12
0.48,0.175,CAF,CAF,-0.35,-2.0153125,-1.0768,1.04
0.52,0.175,CAF,CAF,-0.35,-2.0153125,-1.0901333333333334,0.96
0.56,0.175,CAF,CAF,-0.35,-2.0153125,-1.1045333333333334,0.8799999999999999
0.6,0.175,CAF,CAF,-0.35,-2.0153125,-1.12,0.8
0.64,0.175,CAF,CAF,-0.35,-2.0153125,-1.1365333333333334,0.72
0.68,0.175,CAF,CAF,-0.35,-2.0153125,-1.1541333333333335,0.6399999999999999
0.72,0.175,CAF,CAF,-0.35,-2.0153125,-1.1728,0.56
0.76,0.175,CAF,CAF,-0.35,-2.0153125,-1.1925333333333334,0.48
0.8,0.175,CAF,CAF,-0.35,-2.0153125,-1.2133333333333334,0.3999999999999999
0.84,0.175,CAF,CAF,-0.35,-2.0153125,-1.2351999999999999,0.32000000000000006
0.88,0.175,CAF,CAF,-0.35,-2.0153125,-1.2581333333333333,0.24
0.92,0.175,CAF,CAF,-0.35,-2.0153125,-1.2821333333333333,0.15999999999999992
0.96,0.175,CAF,CAF,-0.35,-2.0153125,-1.3072,0.08000000000000007
1.0,0.175,CAF,CAF,-0.35,-2.0153125,-1.3333333333333333,0.0
1.04,0.175,CAF,CAF,-0.35,-2.0153125,-1.3605333333333334,-0.08000000000000007
1.08,0.175,CAF,CAF,-0.35,-2.0153125,-1.3888,-0.16000000000000014
1.12,0.175,CAF,CAF,-0.35,-2.0153125,-1.4181333333333335,-0.2400000000000002
1.16,0.175,CAF,CAF,-0.35,-2.0153125,-1.4485333333333332,-0.31999999999999984
1.2,0.175,CAF,CAF,-0.35,-2.0153125,-1.48,-0.3999999999999999
1.24,0.175,CAF,CAF,-0.35,-2.0153125,-1.5125333333333333,-0.48
1.28,0.175,CAF,CAF,-0.35,-2.0153125,-1.5461333333333334,-0.56
1.32,0.175,CAF,CAF,-0.35,-2.0153125,-1.5808,-0.6400000000000001
1.36,0.175,CAF,CAF,-0.35,-2.0153125,-1.6165333333333334,-0.7200000000000002
1.4,0.175,CAF,CAF,-0.35,-2.0153125,-1.6533333333333333,-0.7999999999999998
1.44,0.175,CAF,CAF,-0.35,-2.0153125,-1.6911999999999998,-0.8799999999999999
1.48,0.175,CAF,CAF,-0.35,-2.0153125,-1.7301333333333333,-0.96
1.52,0.175,CAF,CAF,-0.35,-2.0153125,-1.7701333333333333,-1.04
1.56,0.175,CAF,CAF,-0.35,-2.0153125,-1.8112,-1.12
1.6,0.175,CAF,CAF,-0.35,-2.0153125,-1.8533333333333335,-1.2000000000000002
1.64,0.175,CAF,CAF,-0.35,-2.0153125,-1.8965333333333332,-1.2799999999999998
1.68,0.175,CAF,CAF,-0.35,-2.0153125,-1.9407999999999999,-1.3599999999999999
1.72,0.175,CAF,CAF,-0.35,-2.0153125,-1.986133333333333,-1.44
1.76,0.175,PLP,PLP,-0.35,-2.0153125,-2.0325333333333333,-1.52
1.8,0.175,PLP,PLP,-0.35,-2.0153125,-2.08,-1.6
1.84,0.175,PLP,PLP,-0.35,-2.0153125,-2.1285333333333334,-1.6800000000000002
1.88,0.175,PLP,PLP,-0.35,-2.0153125,-2.1781333333333333,-1.7599999999999998
1.92,0.175,PLP,PLP,-0.35,-2.0153125,-2.2287999999999997,-1.8399999999999999
1.96,0.175,PLP,PLP,-0.35,-2.0153125,-2.2805333333333335,-1.92
2.0,0.175,PLP,PLP,-0.35,-2.0153125,-2.333333333333333,-2.0
2.04,0.175,PLP,PLP,-0.35,-2.0153125,-2.3872,-2.08
2.08,0.175,PLP,PLP,-0.35,-2.0153125,-2.4421333333333335,-2.16
2.12,0.175,PLP,PLP,-0.35,-2.0153125,-2.4981333333333335,-2.24
2.16,0.175,PLP,PLP,-0.35,-2.0153125,-2.5552,-2.3200000000000003
2.2,0.175,PLP,PLP,-0.35,-2.0153125,-2.6133333333333333,-2.4000000000000004
2.24,0.175,PLP,PLP,-0.35,-2.0153125,-2.672533333333334,-2.4800000000000004
2.28,0.175,PLP,PLP,-0.35,-2.0153125,-2.7328,-2.5599999999999996
2.32,0.175,PLP,PLP,-0.35,-2.0153125,-2.794133333333333,-2.6399999999999997
2.36,0.175,PLP,PLP,-0.35,-2.0153125,-2.856533333333333,-2.7199999999999998
2.4,0.175,PLP,PLP,-0.35,-2.0153125,-2.92,-2.8
2.44,0.175,PLP,PLP,-0.35,-2.0153125,-2.9845333333333333,-2.88
2.48,0.175,PLP,PLP,-0.35,-2.0153125,-3.0501333333333336,-2.96
2.52,0.175,PLP,PLP,-0.35,-2.0153125,-3.1168,-3.04
2.56,0.175,PLP,PLP,-0.35,-2.0153125,-3.1845333333333334,-3.12
2.6,0.175,PLP,PLP,-0.35,-2.0153125,-3.2533333333333334,-3.2
2.64,0.175,PLP,PLP,-0.35,-2.0153125,-3.3232000000000004,-3.2800000000000002
2.68,0.175,PLP,PLP,-0.35,-2.0153125,-3.394133333333334,-3.3600000000000003
2.72,0.175,PLP,PLP,-0.35,-2.0153125,-3.466133333333334,-3.4400000000000004
2.76,0.175,PLP,PLP,-0.35,-2.0153125,-3.5391999999999997,-3.5199999999999996
2.8,0.175,PLP,PLP,-0.35,-2.0153125,-3.613333333333333,-3.5999999999999996
2.84,0.175,PLP,PLP,-0.35,-2.0153125,-3.6885333333333334,-3.6799999999999997
2.88,0.175,PLP,PLP,-0.35,-2.0153125,-3.7647999999999997,-3.76
2.92,0.175,PLP,PLP,-0.35,-2.0153125,-3.842133333333333,-3.84
2.96,0.175,PLP,PLP,-0.35,-2.0153125,-3.920533333333333,-3.92
3.0,0.175,degenerate,PLP|FLP,-0.35,-2.0153125,-4.0,-4.0
3.04,0.175,FLP,FLP,-0.35,-2.0153125,,-4.08
3.08,0.175,FLP,FLP,-0.35,-2.0153125,,-4.16
3.12,0.175,FLP,FLP,-0.35,-2.0153125,,-4.24
3.16,0.175,FLP,FLP,-0.35,-2.0153125,,-4.32
3.2,0.175,FLP,FLP,-0.35,-2.0153125,,-4.4
3.24,0.175,FLP,FLP,-0.35,-2.0153125,,-4.48
3.28,0.175,FLP,FLP,-0.35,-2.0153125,,-4.56
3.32,0.175,FLP,FLP,-0.35,-2.0153125,,-4.64
3.36,0.175,FLP,FLP,-0.35,-2.0153125,,-4.72
3.4,0.175,FLP,FLP,-0.35,-2.0153125,,-4.8
3.44,0.175,FLP,FLP,-0.35,-2.0153125,,-4.88
3.48,0.175,FLP,FLP,-0.35,-2.0153125,,-4.96
3.52,0.175,FLP,FLP,-0.35,-2.0153125,,-5.04
3.56,0.175,FLP,FLP,-0.35,-2.0153125,,-5.12
3.6,0.175,FLP,FLP,-0.35,-2.0153125,,-5.2
3.64,0.175,FLP,FLP,-0.35,-2.0153125,,-5.28
3.68,0.175,FLP,FLP,-0.35,-2.0153125,,-5.36
3.72,0.175,FLP,FLP,-0.35,-2.0153125,,-5.44
3.76,0.175,FLP,FLP,-0.35,-2.0153125,,-5.52
3.8,0.175,FLP,FLP,-0.35,-2.0153125,,-5.6
3.84,0.175,FLP,FLP,-0.35,-2.0153125,,-5.68
3.88,0.175,FLP,FLP,-0.35,-2.0153125,,-5.76
3.92,0.175,FLP,FLP,-0.35,-2.0153125,,-5.84
3.96,0.175,FLP,FLP,-0.35,-2.0153125,,-5.92
4.0,0.175,FLP,FLP,-0.35,-2.0153125,,-6.0
0.0,0.21,CAF,CAF,-0.42,-2.02205,-1.0,2.0
0.04,0.21,CAF,CAF,-0.42,-2.02205,-1.0005333333333333,1.92
0.08,0.21,CAF,CAF,-0.42,-2.02205,-1.0021333333333333,1.84
0.12,0.21,CAF,CAF,-0.42,-2.02205,-1.0048,1.76
0.16,0.21,CAF,CAF,-0.42,-2.02205,-1.0085333333333333,1.68
0.2,0.21,CAF,CAF,-0.42,-2.02205,-1.0133333333333334,1.6
0.24,0.21,CAF,CAF,-0.42,-2.02205,-1.0192,1.52
0.28,0.21,CAF,CAF,-0.42,-2.02205,-1.0261333333333333,1.44
0.32,0.21,CAF,CAF,-0.42,-2.02205,-1.0341333333333333,1.3599999999999999
0.36,0.21,CAF,CAF,-0.42,-2.02205,-1.0432,1.28
0.4,0.21,CAF,CAF,-0.42,-2.02205,-1.0533333333333332,1.2
0.44,0.21,CAF,CAF,-0.42,-2.02205,-1.0645333333333333,1.12
0.48,0.21,CAF,CAF,-0.42,-2.02205,-1.0768,1.04
0.52,0.21,CAF,CAF,-0.42,-2.02205,-1.0901333333333334,0.96
0.56,0.21,CAF,CAF,-0.42,-2.02205,-1.1045333333333334,0.8799999999999999
0.6,0.21,CAF,CAF,-0.42,-2.02205,-1.12,0.8
0.64,0.21,CAF,CAF,-0.42,-2.02205,-1.1365333333333334,0.72
0.68,0.21,CAF,CAF,-0.42,-2.02205,-1.1541333333333335,0.6399999999999999
0.72,0.21,CAF,CAF,-0.42,-2.02205,-1.1728,0.56
0.76,0.21,CAF,CAF,-0.42,-2.02205,-1.1925333333333334,0.48
0.8,0.21,CAF,CAF,-0.42,-2.02205,-1.2133333333333334,0.3999999999999999
0.84,0.21,CAF,CAF,-0.42,-2.02205,-1.2351999999999999,0.32000000000000006
0.88,0.21,CAF,CAF,-0.42,-2.02205,-1.2581333333333333,0.24
0.92,0.21,CAF,CAF,-0.42,-2.02205,-1.2821333333333333,0.15999999999999992
0.96,0.21,CAF,CAF,-0.42,-2.02205,-1.3072,0.08000000000000007
1.0,0.21,CAF,CAF,-0.42,-2.02205,-1.3333333333333333,0.0
1.04,0.21,CAF,CAF,-0.42,-2.02205,-1.3605333333333334,-0.08000000000000007
1.08,0.21,CAF,CAF,-0.42,-2.02205,-1.3888,-0.16000000000000014
1.12,0.21,CAF,CAF,-0.42,-2.02205,-1.4181333333333335,-0.2400000000000002
1.16,0.21,CAF,CAF,-0.42,-2.02205,-1.4485333333333332,-0.31999999999999984
1.2,0.21,CAF,CAF,-0.42,-2.02205,-1.48,-0.3999999999999999
1.24,0.21,CAF,CAF,-0.42,-2.02205,-1.5125333333333333,-0.48
1.28,0.21,CAF,CAF,-0.42,-2.02205,-1.5461333333333334,-0.56
1.32,0.21,CAF,CAF,-0.42,-2.02205,-1.5808,-0.6400000000000001
1.36,0.21,CAF,CAF,-0.42,-2.02205,-1.6165333333333334,-0.7200000000000002
1.4,0.21,CAF,CAF,-0.42,-2.02205,-1.6533333333333333,-0.7999999999999998
1.44,0.21,CAF,CAF,-0.42,-2.02205,-1.6911999999999998,-0.8799999999999999
1.48,0.21,CAF,CAF,-0.42,-2.02205,-1.7301333333333333,-0.96
1.52,0.21,CAF,CAF,-0.42,-2.02205,-1.7701333333333333,-1.04
1.56,0.21,CAF,CAF,-0.42,-2.02205,-1.8112,-1.12
1.6,0.21,CAF,CAF,-0.42,-2.02205,-1.8533333333333335,-1.2000000000000002
1.64,0.21,CAF,CAF,-0.42,-2.02205,-1.8965333333333332,-1.2799999999999998
1.68,0.21,CAF,CAF,-0.42,-2.02205,-1.9407999999999999,-1.3599999999999999
1.72,0.21,CAF,CAF,-0.42,-2.02205,-1.986133333333333,-1.44
1.76,0.21,PLP,PLP,-0.42,-2.02205,-2.0325333333333333,-1.52
1.8,0.21,PLP,PLP,-0.42,-2.02205,-2.08,-1.6
1.84,0.21,PLP,PLP,-0.42,-2.02205,-2.1285333333333334,-1.6800000000000002
1.88,0.21,PLP,PLP,-0.42,-2.02205,-2.1781333333333333,-1.7599999999999998
1.92,0.21,PLP,PLP,-0.42,-2.02205,-2.2287999999999997,-1.8399999999999999
1.96,0.21,PLP,PLP,-0.42,-2.02205,-2.2805333333333335,-1.92
2.0,0.21,PLP,PLP,-0.42,-2.02205,-2.333333333333333,-2.0
2.04,0.21,PLP,PLP,-0.42,-2.02205,-2.3872,-2.08
2.08,0.21,PLP,PLP,-0.42,-2.02205,-2.4421333333333335,-2.16
2.12,0.21,PLP,PLP,-0.42,-2.02205,-2.4981333333333335,-2.24
2.16,0.21,PLP,PLP,-0.42,-2.02205,-2.5552,-2.3200000000000003
2.2,0.21,PLP,PLP,-0.42,-2.02205,-2.6133333333333333,-2.4000000000000004
2.24,0.21,PLP,PLP,-0.42,-2.02205,-2.672533333333334,-2.4800000000000004
2.28,0.21,PLP,PLP,-0.42,-2.02205,-2.7328,-2.5599999999999996
2.32,0.21,PLP,PLP,-0.42,-2.02205,-2.794133333333333,-2.6399999999999997
2.36,0.21,PLP,PLP,-0.42,-2.02205,-2.856533333333333,-2.7199999999999998
2.4,0.21,PLP,PLP,-0.42,-2.02205,-2.92,-2.8
2.44,0.21,PLP,PLP,-0.42,-2.02205,-2.9845333333333333,-2.88
2.48,0.21,PLP,PLP,-0.42,-2.02205,-3.0501333333333336,-2.96
2.52,0.21,PLP,PLP,-0.42,-2.02205,-3.1168,-3.04
2.56,0.21,PLP,PLP,-0.42,-2.02205,-3.1845333333333334,-3.12
2.6,0.21,PLP,PLP,-0.42,-2.02205,-3.2533333333333334,-3.2
2.64,0.21,PLP,PLP,-0.42,-2.02205,-3.3232000000000004,-3.2800000000000002
2.68,0.21,PLP,PLP,-0.42,-2.02205,-3.394133333333334,-3.3600000000000003
2.72,0.21,PLP,PLP,-0.42,-2.02205,-3.466133333333334,-3.4400000000000004
2.76,0.21,PLP,PLP,-0.42,-2.02205,-3.5391999999999997,-3.5199999999999996
2.8,0.21,PLP,PLP,-0.42,-2.02205,-3.613333333333333,-3.5999999999999996
2.84,0.21,PLP,PLP,-0.42,-2.02205,-3.6885333333333334,-3.6799999999999997
2.88,0.21,PLP,PLP,-0.42,-2.02205,-3.7647999999999997,-3.76
2.92,0.21,PLP,PLP,-0.42,-2.02205,-3.842133333333333,-3.84
2.96,0.21,PLP,PLP,-0.42,-2.02205,-3.920533333333333,-3.92
3.0,0.21,degenerate,PLP|FLP,-0.42,-2.02205,-4.0,-4.0
3.04,0.21,FLP,FLP,-0.42,-2.02205,,-4.08
3.08,0.21,FLP,FLP,-0.42,-2.02205,,-4.16
3.12,0.21,FLP,FLP,-0.42,-2.02205,,-4.24
3.16,0.21,FLP,FLP,-0.42,-2.02205,,-4.32
3.2,0.21,FLP,FLP,-0.42,-2.02205,,-4.4
3.24,0.21,FLP,FLP,-0.42,-2.02205,,-4.48
3.28,0.21,FLP,FLP,-0.42,-2.02205,,-4.56
3.32,0.21,FLP,FLP,-0.42,-2.02205,,-4.64
3.36,0.21,FLP,FLP,-0.42,-2.02205,,-4.72
3.4,0.21,FLP,FLP,-0.42,-2.02205,,-4.8
3.44,0.21,FLP,FLP,-0.42,-2.02205,,-4.88
3.48,0.21,FLP,FLP,-0.42,-2.02205,,-4.96
3.52,0.21,FLP,FLP,-0.42,-2.02205,,-5.04
3.56,0.21,FLP,FLP,-0.42,-2.02205,,-5.12
3.6,0.21,FLP,FLP,-0.42,-2.02205,,-5.2
3.64,0.21,FLP,FLP,-0.42,-2.02205,,-5.28
3.68,0.21,FLP,FLP,-0.42,-2.02205,,-5.36
3.72,0.21,FLP,FLP,-0.42,-2.02205,,-5.44
3.76,0.21,FLP,FLP,-0.42,-2.02205,,-5.52
3.8,0.21,FLP,FLP,-0.42,-2.02205,,-5.6
3.84,0.21,FLP,FLP,-0.42,-2.02205,,-5.68
3.88,0.21,FLP,FLP,-0.42,-2.02205,,-5.76
3.92,0.21,FLP,FLP,-0.42,-2.02205,,-5.84
3.96,0.21,FLP,FLP,-0.42,-2.02205,,-5.92
4.0,0.21,FLP,FLP,-0.42,-2.02205,,-6.0
0.0,0.245,CAF,CAF,-0.49,-2.0300124999999998,-1.0,2.0
0.04,0.245,CAF,CAF,-0.49,-2.0300124999999998,-1.0005333333333333,1.92
0.08,0.245,CAF,CAF,-0.49,-2.0300124999999998,-1.0021333333333333,1.84
0.12,0.245,CAF,CAF,-0.49,-2.0300124999999998,-1.0048,1.76
0.16,0.245,CAF,CAF,-0.49,-2.0300124999999998,-1.0085333333333333,1.68
0.2,0.245,CAF,CAF,-0.49,-2.0300124999999998,-1.0133333333333334,1.6
0.24,0.245,CAF,CAF,-0.49,-2.0300124999999998,-1.0192,1.52
0.28,0.245,CAF,CAF,-0.49,-2.0300124999999998,-1.0261333333333333,1.44
0.32,0.245,CAF,CAF,-0.49,-2.0300124999999998,-1.0341333333333333,1.3599999999999999
0.36,0.245,CAF,CAF,-0.49,-2.0300124999999998,-1.0432,1.28
0.4,0.245,CAF,CAF,-0.49,-2.0300124999999998,-1.0533333333333332,1.2
0.44,0.245,CAF,CAF,-0.49,-2.0300124999999998,-1.0645333333333333,1.12
0.48,0.245,CAF,CAF,-0.49,-2.0300124999999998,-1.0768,1.04
0.52,0.245,CAF,CAF,-0.49,-2.0300124999999998,-1.0901333333333334,0.96
0.56,0.245,CAF,CAF,-0.49,-2.0300124999999998,-1.1045333333333334,0.8799999999999999
0.6,0.245,CAF,CAF,-0.49,-2.0300124999999998,-1.12,0.8
0.64,0.245,CAF,CAF,-0.49,-2.0300124999999998,-1.1365333333333334,0.72
0.68,0.245,CAF,CAF,-0.49,-2.0300124999999998,-1.1541333333333335,0.6399999999999999
0.72,0.245,CAF,CAF,-0.49,-2.0300124999999998,-1.1728,0.56
0.76,0.245,CAF,CAF,-0.49,-2.0300124999999998,-1.1925333333333334,0.48
0.8,0.245,CAF,CAF,-0.49,-2.0300124999999998,-1.2133333333333334,0.3999999999999999
0.84,0.245,CAF,CAF,-0.49,-2.0300124999999998,-1.2351999999999999,0.32000000000000006
0.88,0.245,CAF,CAF,-0.49,-2.0300124999999998,-1.2581333333333333,0.24
0.92,0.245,CAF,CAF,-0.49,-2.0300124999999998,-1.2821333333333333,0.15999999999999992
0.96,0.245,CAF,CAF,-0.49,-2.0300124999999998,-1.3072,0.08000000000000007
1.0,0.245,CAF,CAF,-0.49,-2.0300124999999998,-1.3333333333333333,0.0
1.04,0.245,CAF,CAF,-0.49,-2.0300124999999998,-1.3605333333333334,-0.08000000000000007
1.08,0.245,CAF,CAF,-0.49,-2.0300124999999998,-1.3888,-0.16000000000000014
1.12,0.245,CAF,CAF,-0.49,-2.0300124999999998,-1.4181333333333335,-0.2400000000000002
1.16,0.245,CAF,CAF,-0.49,-2.0300124999999998,-1.4485333333333332,-0.31999999999999984
1.2,0.245,CAF,CAF,-0.49,-2.0300124999999998,-1.48,-0.3999999999999999
1.24,0.245,CAF,CAF,-0.49,-2.0300124999999998,-1.5125333333333333,-0.48
1.28,0.245,CAF,CAF,-0.49,-2.0300124999999998,-1.5461333333333334,-0.56
1.32,0.245,CAF,CAF,-0.49,-2.0300124999999998,-1.5808,-0.6400000000000001
1.36,0.245,CAF,CAF,-0.49,-2.0300124999999998,-1.6165333333333334,-0.7200000000000002
1.4,0.245,CAF,CAF,-0.49,-2.0300124999999998,-1.6533333333333333,-0.7999999999999998
1.44,0.245,CAF,CAF,-0.49,-2.0300124999999998,-1.6911999999999998,-0.8799999999999999
1.48,0.245,CAF,CAF,-0.49,-2.0300124999999998,-1.7301333333333333,-0.96
1.52,0.245,CAF,CAF,-0.49,-2.0300124999999998,-1.7701333333333333,-1.04
1.56,0.245,CAF,CAF,-0.49,-2.0300124999999998,-1.8112,-1.12
1.6,0.245,CAF,CAF,-0.49,-2.0300124999999998,-1.8533333333333335,-1.2000000000000002
1.64,0.245,CAF,CAF,-0.49,-2.0300124999999998,-1.8965333333333332,-1.2799999999999998
1.68,0.245,CAF,CAF,-0.49,-2.0300124999999998,-1.9407999999999999,-1.3599999999999999
1.72,0.245,CAF,CAF,-0.49,-2.0300124999999998,-1.986133333333333,-1.44
1.76,0.245,PLP,PLP,-0.49,-2.0300124999999998,-2.0325333333333333,-1.52
1.8,0.245,PLP,PLP,-0.49,-2.0300124999999998,-2.08,-1.6
1.84,0.245,PLP,PLP,-0.49,-2.0300124999999998,-2.1285333333333334,-1.6800000000000002
1.88,0.245,PLP,PLP,-0.49,-2.0300124999999998,-2.1781333333333333,-1.7599999999999998
1.92,0.245,PLP,PLP,-0.49,-2.0300124999999998,-2.2287999999999997,-1.8399999999999999
1.96,0.245,PLP,PLP,-0.49,-2.0300124999999998,-2.2805333333333335,-1.92
2.0,0.245,PLP,PLP,-0.49,-2.0300124999999998,-2.333333333333333,-2.0
2.04,0.245,PLP,PLP,-0.49,-2.0300124999999998,-2.3872,-2.08
2.08,0.245,PLP,PLP,-0.49,-2.0300124999999998,-2.4421333333333335,-2.16
2.12,0.245,PLP,PLP,-0.49,-2.0300124999999998,-2.4981333333333335,-2.24
2.16,0.245,PLP,PLP,-0.49,-2.0300124999999998,-2.5552,-2.3200000000000003
2.2,0.245,PLP,PLP,-0.49,-2.0300124999999998,-2.6133333333333333,-2.4000000000000004
2.24,0.245,PLP,PLP,-0.49,-2.0300124999999998,-2.672533333333334,-2.4800000000000004
2.28,0.245,PLP,PLP,-0.49,-2.0300124999999998,-2.7328,-2.5599999999999996
2.32,0.245,PLP,PLP,-0.49,-2.0300124999999998,-2.794133333333333,-2.6399999999999997
2.36,0.245,PLP,PLP,-0.49,-2.0300124999999998,-2.856533333333333,-2.7199999999999998
2.4,0.245,PLP,PLP,-0.49,-2.0300124999999998,-2.92,-2.8
2.44,0.245,PLP,PLP,-0.49,-2.0300124999999998,-2.9845333333333333,-2.88
2.48,0.245,PLP,PLP,-0.49,-2.0300124999999998,-3.0501333333333336,-2.96
2.52,0.245,PLP,PLP,-0.49,-2.0300124999999998,-3.1168,-3.04
2.56,0.245,PLP,PLP,-0.49,-2.0300124999999998,-3.1845333333333334,-3.12
2.6,0.245,PLP,PLP,-0.49,-2.0300124999999998,-3.2533333333333334,-3.2
2.64,0.245,PLP,PLP,-0.49,-2.0300124999999998,-3.3232000000000004,-3.2800000000000002
2.68,0.245,PLP,PLP,-0.49,-2.0300124999999998,-3.394133333333334,-3.3600000000000003
2.72,0.245,PLP,PLP,-0.49,-2.0300124999999998,-3.466133333333334,-3.4400000000000004
2.76,0.245,PLP,PLP,-0.49,-2.0300124999999998,-3.5391999999999997,-3.5199999999999996
2.8,0.245,PLP,PLP,-0.49,-2.0300124999999998,-3.613333333333333,-3.5999999999999996
2.84,0.245,PLP,PLP,-0.49,-2.0300124999999998,-3.6885333333333334,-3.6799999999999997
2.88,0.245,PLP,PLP,-0.49,-2.0300124999999998,-3.7647999999999997,-3.76
2.92,0.245,PLP,PLP,-0.49,-2.0300124999999998,-3.842133333333333,-3.84
2.96,0.245,PLP,PLP,-0.49,-2.0300124999999998,-3.920533333333333,-3.92
3.0,0.245,degenerate,PLP|FLP,-0.49,-2.0300124999999998,-4.0,-4.0
3.04,0.245,FLP,FLP,-0.49,-2.0300124999999998,,-4.08
3.08,0.245,FLP,FLP,-0.49,-2.0300124999999998,,-4.16
3.12,0.245,FLP,FLP,-0.49,-2.0300124999999998,,-4.24
3.16,0.245,FLP,FLP,-0.49,-2.0300124999999998,,-4.32
3.2,0.245,FLP,FLP,-0.49,-2.0300124999999998,,-4.4
3.24,0.245,FLP,FLP,-0.49,-2.0300124999999998,,-4.48
3.28,0.245,FLP,FLP,-0.49,-2.0300124999999998,,-4.56
3.32,0.245,FLP,FLP,-0.49,-2.0300124999999998,,-4.64
3.36,0.245,FLP,FLP,-0.49,-2.0300124999999998,,-4.72
3.4,0.245,FLP,FLP,-0.49,-2.0300124999999998,,-4.8
3.44,0.245,FLP,FLP,-0.49,-2.0300124999999998,,-4.88
3.48,0.245,FLP,FLP,-0.49,-2.0300124999999998,,-4.96
3.52,0.245,FLP,FLP,-0.49,-2.0300124999999998,,-5.04
3.56,0.245,FLP,FLP,-0.49,-2.0300124999999998,,-5.12
3.6,0.245,FLP,FLP,-0.49,-2.0300124999999998,,-5.2
3.64,0.245,FLP,FLP,-0.49,-2.0300124999999998,,-5.28
3.68,0.245,FLP,FLP,-0.49,-2.0300124999999998,,-5.36
3.72,0.245,FLP,FLP,-0.49,-2.0300124999999998,,-5.44
3.76,0.245,FLP,FLP,-0.49,-2.0300124999999998,,-5.52
3.8,0.245,FLP,FLP,-0.49,-2.0300124999999998,,-5.6
3.84,0.245,FLP,FLP,-0.49,-2.0300124999999998,,-5.68
3.88,0.245,FLP,FLP,-0.49,-2.0300124999999998,,-5.76
3.92,0.245,FLP,FLP,-0.49,-2.0300124999999998,,-5.84
3.96,0.245,FLP,FLP,-0.49,-2.0300124999999998,,-5.92
4.0,0.245,FLP,FLP,-0.49,-2.0300124999999998,,-6.0
0.0,0.28,CAF,CAF,-0.56,-2.0392,-1.0,2.0
0.04,0.28,CAF,CAF,-0.56,-2.0392,-1.0005333333333333,1.92
0.08,0.28,CAF,CAF,-0.56,-2.0392,-1.0021333333333333,1.84
0.12,0.28,CAF,CAF,-0.56,-2.0392,-1.0048,1.76
0.16,0.28,CAF,CAF,-0.56,-2.0392,-1.0085333333333333,1.68
0.2,0.28,CAF,CAF,-0.56,-2.0392,-1.0133333333333334,1.6
0.24,0.28,CAF,CAF,-0.56,-2.0392,-1.0192,1.52
0.28,0.28,CAF,CAF,-0.56,-2.0392,-1.0261333333333333,1.44
0.32,0.28,CAF,CAF,-0.56,-2.0392,-1.0341333333333333,1.3599999999999999
0.36,0.28,CAF,CAF,-0.56,-2.0392,-1.0432,1.28
0.4,0.28,CAF,CAF,-0.56,-2.0392,-1.0533333333333332,1.2
0.44,0.28,CAF,CAF,-0.56,-2.0392,-1.0645333333333333,1.12
0.48,0.28,CAF,CAF,-0.56,-2.0392,-1.0768,1.04
0.52,0.28,CAF,CAF,-0.56,-2.0392,-1.0901333333333334,0.96
0.56,0.28,CAF,CAF,-0.56,-2.0392,-1.1045333333333334,0.8799999999999999
0.6,0.28,CAF,CAF,-0.56,-2.0392,-1.12,0.8
0.64,0.28,CAF,CAF,-0.56,-2.0392,-1.1365333333333334,0.72
0.68,0.28,CAF,CAF,-0.56,-2.0392,-1.1541333333333335,0.6399999999999999
0.72,0.28,CAF,CAF,-0.56,-2.0392,-1.1728,0.56
0.76,0.28,CAF,CAF,-0.56,-2.0392,-1.1925333333333334,0.48
0.8,0.28,CAF,CAF,-0.56,-2.0392,-1.2133333333333334,0.3999999999999999
0.84,0.28,CAF,CAF,-0.56,-2.0392,-1.2351999999999999,0.32000000000000006
0.88,0.28,CAF,CAF,-0.56,-2.0392,-1.2581333333333333,0.24
0.92,0.28,CAF,CAF,-0.56,-2.0392,-1.2821333333333333,0.15999999999999992
0.96,0.28,CAF,CAF,-0.56,-2.0392,-1.3072,0.08000000000000007
1.0,0.28,CAF,CAF,-0.56,-2.0392,-1.3333333333333333,0.0
1.04,0.28,CAF,CAF,-0.56,-2.0392,-1.3605333333333334,-0.08000000000000007
1.08,0.28,CAF,CAF,-0.56,-2.0392,-1.3888,-0.16000000000000014
1.12,0.28,CAF,CAF,-0.56,-2.0392,-1.4181333333333335,-0.2400000000000002
1.16,0.28,CAF,CAF,-0.56,-2.0392,-1.4485333333333332,-0.31999999999999984
1.2,0.28,CAF,CAF,-0.56,-2.0392,-1.48,-0.3999999999999999
1.24,0.28,CAF,CAF,-0.56,-2.0392,-1.5125333333333333,-0.48
1.28,0.28,CAF,CAF,-0.56,-2.0392,-1.5461333333333334,-0.56
1.32,0.28,CAF,CAF,-0.56,-2.0392,-1.5808,-0.6400000000000001
1.36,0.28,CAF,CAF,-0.56,-2.0392,-1.6165333333333334,-0.7200000000000002
1.4,0.28,CAF,CAF,-0.56,-2.0392,-1.6533333333333333,-0.7999999999999998
1.44,0.28,CAF,CAF,-0.56,-2.0392,-1.6911999999999998,-0.8799999999999999
1.48,0.28,CAF,CAF,-0.56,-2.0392,-1.7301333333333333,-0.96
1.52,0.28,CAF,CAF,-0.56,-2.0392,-1.7701333333333333,-1.04
1.56,0.28,CAF,CAF,-0.56,-2.0392,-1.8112,-1.12
1.6,0.28,CAF,CAF,-0.56,-2.0392,-1.8533333333333335,-1.2000000000000002
1.64,0.28,CAF,CAF,-0.56,-2.0392,-1.8965333333333332,-1.2799999999999998
1.68,0.28,CAF,CAF,-0.56,-2.0392,-1.9407999999999999,-1.3599999999999999
1.72,0.28,CAF,CAF,-0.56,-2.0392,-1.986133333333333,-1.44
1.76,0.28,CAF,CAF,-0.56,-2.0392,-2.0325333333333333,-1.52
1.8,0.28,PLP,PLP,-0.56,-2.0392,-2.08,-1.6
1.84,0.28,PLP,PLP,-0.56,-2.0392,-2.1285333333333334,-1.6800000000000002
1.88,0.28,PLP,PLP,-0.56,-2.0392,-2.1781333333333333,-1.7599999999999998
1.92,0.28,PLP,PLP,-0.56,-2.0392,-2.2287999999999997,-1.8399999999999999
1.96,0.28,PLP,PLP,-0.56,-2.0392,-2.2805333333333335,-1.92
2.0,0.28,PLP,PLP,-0.56,-2.0392,-2.333333333333333,-2.0
2.04,0.28,PLP,PLP,-0.56,-2.0392,-2.3872,-2.08
2.08,0.28,PLP,PLP,-0.56,-2.0392,-2.4421333333333335,-2.16
2.12,0.28,PLP,PLP,-0.56,-2.0392,-2.4981333333333335,-2.24
2.16,0.28,PLP,PLP,-0.56,-2.0392,-2.5552,-2.3200000000000003
2.2,0.28,PLP,PLP,-0.56,-2.0392,-2.6133333333333333,-2.4000000000000004
2.24,0.28,PLP,PLP,-0.56,-2.0392,-2.672533333333334,-2.4800000000000004
2.28,0.28,PLP,PLP,-0.56,-2.0392,-2.7328,-2.5599999999999996
2.32,0.28,PLP,PLP,-0.56,-2.0392,-2.794133333333333,-2.6399999999999997
2.36,0.28,PLP,PLP,-0.56,-2.0392,-2.856533333333333,-2.7199999999999998
2.4,0.28,PLP,PLP,-0.56,-2.0392,-2.92,-2.8
2.44,0.28,PLP,PLP,-0.56,-2.0392,-2.9845333333333333,-2.88
2.48,0.28,PLP,PLP,-0.56,-2.0392,-3.0501333333333336,-2.96
2.52,0.28,PLP,PLP,-0.56,-2.0392,-3.1168,-3.04
2.56,0.28,PLP,PLP,-0.56,-2.0392,-3.1845333333333334,-3.12
2.6,0.28,PLP,PLP,-0.56,-2.0392,-3.2533333333333334,-3.2
2.64,0.28,PLP,PLP,-0.56,-2.0392,-3.3232000000000004,-3.2800000000000002
2.68,0.28,PLP,PLP,-0.56,-2.0392,-3.394133333333334,-3.3600000000000003
2.72,0.28,PLP,PLP,-0.56,-2.0392,-3.466133333333334,-3.4400000000000004
2.76,0.28,PLP,PLP,-0.56,-2.0392,-3.5391999999999997,-3.5199999999999996
2.8,0.28,PLP,PLP,-0.56,-2.0392,-3.613333333333333,-3.5999999999999996
2.84,0.28,PLP,PLP,-0.56,-2.0392,-3.6885333333333334,-3.6799999999999997
2.88,0.28,PLP,PLP,-0.56,-2.0392,-3.7647999999999997,-3.76
2.92,0.28,PLP,PLP,-0.56,-2.0392,-3.842133333333333,-3.84
2.96,0.28,PLP,PLP,-0.56,-2.0392,-3.920533333333333,-3.92
3.0,0.28,degenerate,PLP|FLP,-0.56,-2.0392,-4.0,-4.0
3.04,0.28,FLP,FLP,-0.56,-2.0392,,-4.08
3.08,0.28,FLP,FLP,-0.56,-2.0392,,-4.16
3.12,0.28,FLP,FLP,-0.56,-2.0392,,-4.24
3.16,0.28,FLP,FLP,-0.56,-2.0392,,-4.32
3.2,0.28,FLP,FLP,-0.56,-2.0392,,-4.4
3.24,0.28,FLP,FLP,-0.56,-2.0392,,-4.48
3.28,0.28,FLP,FLP,-0.56,-2.0392,,-4.56
3.32,0.28,FLP,FLP,-0.56,-2.0392,,-4.64
3.36,0.28,FLP,FLP,-0.56,-2.0392,,-4.72
3.4,0.28,FLP,FLP,-0.56,-2.0392,,-4.8
3.44,0.28,FLP,FLP,-0.56,-2.0392,,-4.88
3.48,0.28,FLP,FLP,-0.56,-2.0392,,-4.96
3.52,0.28,FLP,FLP,-0.56,-2.0392,,-5.04
3.56,0.28,FLP,FLP,-0.56,-2.0392,,-5.12
3.6,0.28,FLP,FLP,-0.56,-2.0392,,-5.2
3.64,0.28,FLP,FLP,-0.56,-2.0392,,-5.28
3.68,0.28,FLP,FLP,-0.56,-2.0392,,-5.36
3.72,0.28,FLP,FLP,-0.56,-2.0392,,-5.44
3.76,0.28,FLP,FLP,-0.56,-2.0392,,-5.52
3.8,0.28,FLP,FLP,-0.56,-2.0392,,-5.6
3.84,0.28,FLP,FLP,-0.56,-2.0392,,-5.68
3.88,0.28,FLP,FLP,-0.56,-2.0392,,-5.76
3.92,0.28,FLP,FLP,-0.56,-2.0392,,-5.84
3.96,0.28,FLP,FLP,-0.56,-2.0392,,-5.92
4.0,0.28,FLP,FLP,-0.56,-2.0392,,-6.0
0.0,0.315,CAF,CAF,-0.63,-2.0496125,-1.0,2.0
0.04,0.315,CAF,CAF,-0.63,-2.0496125,-1.0005333333333333,1.92
0.08,0.315,CAF,CAF,-0.63,-2.0496125,-1.0021333333333333,1.84
0.12,0.315,CAF,CAF,-0.63,-2.0496125,-1.0048,1.76
0.16,0.315,CAF,CAF,-0.63,-2.0496125,-1.0085333333333333,1.68
0.2,0.315,CAF,CAF,-0.63,-2.0496125,-1.0133333333333334,1.6
0.24,0.315,CAF,CAF,-0.63,-2.0496125,-1.0192,1.52
0.28,0.315,CAF,CAF,-0.63,-2.0496125,-1.0261333333333333,1.44
0.32,0.315,CAF,CAF,-0.63,-2.0496125,-1.0341333333333333,1.3599999999999999
0.36,0.315,CAF,CAF,-0.63,-2.0496125,-1.0432,1.28
0.4,0.315,CAF,CAF,-0.63,-2.0496125,-1.0533333333333332,1.2
0.44,0.315,CAF,CAF,-0.63,-2.0496125,-1.0645333333333333,1.12
0.48,0.315,CAF,CAF,-0.63,-2.0496125,-1.0768,1.04
0.52,0.315,CAF,CAF,-0.63,-2.0496125,-1.0901333333333334,0.96
0.56,0.315,CAF,CAF,-0.63,-2.0496125,-1.1045333333333334,0.8799999999999999
0.6,0.315,CAF,CAF,-0.63,-2.0496125,-1.12,0.8
0.64,0.315,CAF,CAF,-0.63,-2.0496125,-1.1365333333333334,0.72
0.68,0.315,CAF,CAF,-0.63,-2.0496125,-1.1541333333333335,0.6399999999999999
0.72,0.315,CAF,CAF,-0.63,-2.0496125,-1.1728,0.56
0.76,0.315,CAF,CAF,-0.63,-2.0496125,-1.1925333333333334,0.48
0.8,0.315,CAF,CAF,-0.63,-2.0496125,-1.2133333333333334,0.3999999999999999
0.84,0.315,CAF,CAF,-0.63,-2.0496125,-1.2351999999999999,0.32000000000000006
0.88,0.315,CAF,CAF,-0.63,-2.0496125,-1.2581333333333333,0.24
0.92,0.315,CAF,CAF,-0.63,-2.0496125,-1.2821333333333333,0.15999999999999992
0.96,0.315,CAF,CAF,-0.63,-2.0496125,-1.3072,0.08000000000000007
1.0,0.315,CAF,CAF,-0.63,-2.0496125,-1.3333333333333333,0.0
1.04,0.315,CAF,CAF,-0.63,-2.0496125,-1.3605333333333334,-0.08000000000000007
1.08,0.315,CAF,CAF,-0.63,-2.0496125,-1.3888,-0.16000000000000014
1.12,0.315,CAF,CAF,-0.63,-2.0496125,-1.4181333333333335,-0.2400000000000002
1.16,0.315,CAF,CAF,-0.63,-2.0496125,-1.4485333333333332,-0.31999999999999984
1.2,0.315,CAF,CAF,-0.63,-2.0496125,-1.48,-0.3999999999999999
1.24,0.315,CAF,CAF,-0.63,-2.0496125,-1.5125333333333333,-0.48
1.28,0.315,CAF,CAF,-0.63,-2.0496125,-1.5461333333333334,-0.56
1.32,0.315,CAF,CAF,-0.63,-2.0496125,-1.5808,-0.6400000000000001
1.36,0.315,CAF,CAF,-0.63,-2.0496125,-1.6165333333333334,-0.7200000000000002
1.4,0.315,CAF,CAF,-0.63,-2.0496125,-1.6533333333333333,-0.7999999999999998
1.44,0.315,CAF,CAF,-0.63,-2.0496125,-1.6911999999999998,-0.8799999999999999
1.48,0.315,CAF,CAF,-0.63,-2.0496125,-1.7301333333333333,-0.96
1.52,0.315,CAF,CAF,-0.63,-2.0496125,-1.7701333333333333,-1.04
1.56,0.315,CAF,CAF,-0.63,-2.0496125,-1.8112,-1.12
1.6,0.315,CAF,CAF,-0.63,-2.0496125,-1.8533333333333335,-1.2000000000000002
1.64,0.315,CAF,CAF,-0.63,-2.0496125,-1.8965333333333332,-1.2799999999999998
1.68,0.315,CAF,CAF,-0.63,-2.0496125,-1.9407999999999999,-1.3599999999999999
1.72,0.315,CAF,CAF,-0.63,-2.0496125,-1.986133333333333,-1.44
1.76,0.315,CAF,CAF,-0.63,-2.0496125,-2.0325333333333333,-1.52
1.8,0.315,PLP,PLP,-0.63,-2.0496125,-2.08,-1.6
1.84,0.315,PLP,PLP,-0.63,-2.0496125,-2.1285333333333334,-1.6800000000000002
1.88,0.315,PLP,PLP,-0.63,-2.0496125,-2.1781333333333333,-1.7599999999999998
1.92,0.315,PLP,PLP,-0.63,-2.0496125,-2.2287999999999997,-1.8399999999999999
1.96,0.315,PLP,PLP,-0.63,-2.0496125,-2.2805333333333335,-1.92
2.0,0.315,PLP,PLP,-0.63,-2.0496125,-2.333333333333333,-2.0
2.04,0.315,PLP,PLP,-0.63,-2.0496125,-2.3872,-2.08
2.08,0.315,PLP,PLP,-0.63,-2.0496125,-2.4421333333333335,-2.16
2.12,0.315,PLP,PLP,-0.63,-2.0496125,-2.4981333333333335,-2.24
2.16,0.315,PLP,PLP,-0.63,-2.0496125,-2.5552,-2.3200000000000003
2.2,0.315,PLP,PLP,-0.63,-2.0496125,-2.6133333333333333,-2.4000000000000004
2.24,0.315,PLP,PLP,-0.63,-2.0496125,-2.672533333333334,-2.4800000000000004
2.28,0.315,PLP,PLP,-0.63,-2.0496125,-2.7328,-2.5599999999999996
2.32,0.315,PLP,PLP,-0.63,-2.0496125,-2.794133333333333,-2.6399999999999997
2.36,0.315,PLP,PLP,-0.63,-2.0496125,-2.856533333333333,-2.7199999999999998
2.4,0.315,PLP,PLP,-0.63,-2.0496125,-2.92,-2.8
2.44,0.315,PLP,PLP,-0.63,-2.0496125,-2.9845333333333333,-2.88
2.48,0.315,PLP,PLP,-0.63,-2.0496125,-3.0501333333333336,-2.96
2.52,0.315,PLP,PLP,-0.63,-2.0496125,-3.1168,-3.04
2.56,0.315,PLP,PLP,-0.63,-2.0496125,-3.1845333333333334,-3.12
2.6,0.315,PLP,PLP,-0.63,-2.0496125,-3.2533333333333334,-3.2
2.64,0.315,PLP,PLP,-0.63,-2.0496125,-3.3232000000000004,-3.2800000000000002
2.68,0.315,PLP,PLP,-0.63,-2.0496125,-3.394133333333334,-3.3600000000000003
2.72,0.315,PLP,PLP,-0.63,-2.0496125,-3.466133333333334,-3.4400000000000004
2.76,0.315,PLP,PLP,-0.63,-2.0496125,-3.5391999999999997,-3.5199999999999996
2.8,0.315,PLP,PLP,-0.63,-2.0496125,-3.613333333333333,-3.5999999999999996
2.84,0.315,PLP,PLP,-0.63,-2.0496125,-3.6885333333333334,-3.6799999999999997
2.88,0.315,PLP,PLP,-0.63,-2.0496125,-3.7647999999999997,-3.76
2.92,0.315,PLP,PLP,-0.63,-2.0496125,-3.842133333333333,-3.84
2.96,0.315,PLP,PLP,-0.63,-2.0496125,-3.920533333333333,-3.92
3.0,0.315,degenerate,PLP|FLP,-0.63,-2.0496125,-4.0,-4.0
3.04,0.315,FLP,FLP,-0.63,-2.0496125,,-4.08
3.08,0.315,FLP,FLP,-0.63,-2.0496125,,-4.16
3.12,0.315,FLP,FLP,-0.63,-2.0496125,,-4.24
3.16,0.315,FLP,FLP,-0.63,-2.0496125,,-4.32
3.2,0.315,FLP,FLP,-0.63,-2.0496125,,-4.4
3.24,0.315,FLP,FLP,-0.63,-2.0496125,,-4.48
3.28,0.315,FLP,FLP,-0.63,-2.0496125,,-4.56
3.32,0.315,FLP,FLP,-0.63,-2.0496125,,-4.64
3.36,0.315,FLP,FLP,-0.63,-2.0496125,,-4.72
3.4,0.315,FLP,FLP,-0.63,-2.0496125,,-4.8
3.44,0.315,FLP,FLP,-0.63,-2.0496125,,-4.88
3.48,0.315,FLP,FLP,-0.63,-2.0496125,,-4.96
3.52,0.315,FLP,FLP,-0.63,-2.0496125,,-5.04
3.56,0.315,FLP,FLP,-0.63,-2.0496125,,-5.12
3.6,0.315,FLP,FLP,-0.63,-2.0496125,,-5.2
3.64,0.315,FLP,FLP,-0.63,-2.0496125,,-5.28
3.68,0.315,FLP,FLP,-0.63,-2.0496125,,-5.36
3.72,0.315,FLP,FLP,-0.63,-2.0496125,,-5.44
3.76,0.315,FLP,FLP,-0.63,-2.0496125,,-5.52
3.8,0.315,FLP,FLP,-0.63,-2.0496125,,-5.6
3.84,0.315,FLP,FLP,-0.63,-2.0496125,,-5.68
3.88,0.315,FLP,FLP,-0.63,-2.0496125,,-5.76
3.92,0.315,FLP,FLP,-0.63,-2.0496125,,-5.84
3.96,0.315,FLP,FLP,-0.63,-2.0496125,,-5.92
4.0,0.315,FLP,FLP,-0.63,-2.0496125,,-6.0
0.0,0.35,CAF,CAF,-0.7,-2.06125,-1.0,2.0
0.04,0.35,CAF,CAF,-0.7,-2.06125,-1.0005333333333333,1.92
0.08,0.35,CAF,CAF,-0.7,-2.06125,-1.0021333333333333,1.84
0.12,0.35,CAF,CAF,-0.7,-2.06125,-1.0048,1.76
0.16,0.35,CAF,CAF,-0.7,-2.06125,-1.0085333333333333,1.68
0.2,0.35,CAF,CAF,-0.7,-2.06125,-1.0133333333333334,1.6
0.24,0.35,CAF,CAF,-0.7,-2.06125,-1.0192,1.52
0.28,0.35,CAF,CAF,-0.7,-2.06125,-1.0261333333333333,1.44
0.32,0.35,CAF,CAF,-0.7,-2.06125,-1.0341333333333333,1.3599999999999999
0.36,0.35,CAF,CAF,-0.7,-2.06125,-1.0432,1.28
0.4,0.35,CAF,CAF,-0.7,-2.06125,-1.0533333333333332,1.2
0.44,0.35,CAF,CAF,-0.7,-2.06125,-1.0645333333333333,1.12
0.48,0.35,CAF,CAF,-0.7,-2.06125,-1.0768,1.04
0.52,0.35,CAF,CAF,-0.7,-2.06125,-1.0901333333333334,0.96
0.56,0.35,CAF,CAF,-0.7,-2.06125,-1.1045333333333334,0.8799999999999999
0.6,0.35,CAF,CAF,-0.7,-2.06125,-1.12,0.8
0.64,0.35,CAF,CAF,-0.7,-2.06125,-1.1365333333333334,0.72
0.68,0.35,CAF,CAF,-0.7,-2.06125,-1.1541333333333335,0.6399999999999999
0.72,0.35,CAF,CAF,-0.7,-2.06125,-1.1728,0.56
0.76,0.35,CAF,CAF,-0.7,-2.06125,-1.1925333333333334,0.48
0.8,0.35,CAF,CAF,-0.7,-2.06125,-1.2133333333333334,0.3999999999999999
0.84,0.35,CAF,CAF,-0.7,-2.06125,-1.2351999999999999,0.32000000000000006
0.88,0.35,CAF,CAF,-0.7,-2.06125,-1.2581333333333333,0.24
0.92,0.35,CAF,CAF,-0.7,-2.06125,-1.2821333333333333,0.15999999999999992
0.96,0.35,CAF,CAF,-0.7,-2.06125,-1.3072,0.08000000000000007
1.0,0.35,CAF,CAF,-0.7,-2.06125,-1.3333333333333333,0.0
1.04,0.35,CAF,CAF,-0.7,-2.06125,-1.3605333333333334,-0.08000000000000007
1.08,0.35,CAF,CAF,-0.7,-2.06125,-1.3888,-0.16000000000000014
1.12,0.35,CAF,CAF,-0.7,-2.06125,-1.4181333333333335,-0.2400000000000002
1.16,0.35,CAF,CAF,-0.7,-2.06125,-1.4485333333333332,-0.31999999999999984
1.2,0.35,CAF,CAF,-0.7,-2.06125,-1.48,-0.3999999999999999
1.24,0.35,CAF,CAF,-0.7,-2.06125,-1.5125333333333333,-0.48
1.28,0.35,CAF,CAF,-0.7,-2.06125,-1.5461333333333334,-0.56
1.32,0.35,CAF,CAF,-0.7,-2.06125,-1.5808,-0.6400000000000001
1.36,0.35,CAF,CAF,-0.7,-2.06125,-1.6165333333333334,-0.7200000000000002
1.4,0.35,CAF,CAF,-0.7,-2.06125,-1.6533333333333333,-0.7999999999999998
1.44,0.35,CAF,CAF,-0.7,-2.06125,-1.6911999999999998,-0.8799999999999999
1.48,0.35,CAF,CAF,-0.7,-2.06125,-1.7301333333333333,-0.96
1.52,0.35,CAF,CAF,-0.7,-2.06125,-1.7701333333333333,-1.04
1.56,0.35,CAF,CAF,-0.7,-2.06125,-1.8112,-1.12
1.6,0.35,CAF,CAF,-0.7,-2.06125,-1.8533333333333335,-1.2000000000000002
1.64,0.35,CAF,CAF,-0.7,-2.06125,-1.8965333333333332,-1.2799999999999998
1.68,0.35,CAF,CAF,-0.7,-2.06125,-1.9407999999999999,-1.3599999999999999
1.72,0.35,CAF,CAF,-0.7,-2.06125,-1.986133333333333,-1.44
1.76,0.35,CAF,CAF,-0.7,-2.06125,-2.0325333333333333,-1.52
1.8,0.35,PLP,PLP,-0.7,-2.06125,-2.08,-1.6
1.84,0.35,PLP,PLP,-0.7,-2.06125,-2.1285333333333334,-1.6800000000000002
1.88,0.35,PLP,PLP,-0.7,-2.06125,-2.1781333333333333,-1.7599999999999998
1.92,0.35,PLP,PLP,-0.7,-2.06125,-2.2287999999999997,-1.8399999999999999
1.96,0.35,PLP,PLP,-0.7,-2.06125,-2.2805333333333335,-1.92
2.0,0.35,PLP,PLP,-0.7,-2.06125,-2.333333333333333,-2.0
2.04,0.35,PLP,PLP,-0.7,-2.06125,-2.3872,-2.08
2.08,0.35,PLP,PLP,-0.7,-2.06125,-2.4421333333333335,-2.16
2.12,0.35,PLP,PLP,-0.7,-2.06125,-2.4981333333333335,-2.24
2.16,0.35,PLP,PLP,-0.7,-2.06125,-2.5552,-2.3200000000000003
2.2,0.35,PLP,PLP,-0.7,-2.06125,-2.6133333333333333,-2.4000000000000004
2.24,0.35,PLP,PLP,-0.7,-2.06125,-2.672533333333334,-2.4800000000000004
2.28,0.35,PLP,PLP,-0.7,-2.06125,-2.7328,-2.5599999999999996
2.32,0.35,PLP,PLP,-0.7,-2.06125,-2.794133333333333,-2.6399999999999997
2.36,0.35,PLP,PLP,-0.7,-2.06125,-2.856533333333333,-2.7199999999999998
2.4,0.35,PLP,PLP,-0.7,-2.06125,-2.92,-2.8
2.44,0.35,PLP,PLP,-0.7,-2.06125,-2.9845333333333333,-2.88
2.48,0.35,PLP,PLP,-0.7,-2.06125,-3.0501333333333336,-2.96
2.52,0.35,PLP,PLP,-0.7,-2.06125,-3.1168,-3.04
2.56,0.35,PLP,PLP,-0.7,-2.06125,-3.1845333333333334,-3.12
2.6,0.35,PLP,PLP,-0.7,-2.06125,-3.2533333333333334,-3.2
2.64,0.35,PLP,PLP,-0.7,-2.06125,-3.3232000000000004,-3.2800000000000002
2.68,0.35,PLP,PLP,-0.7,-2.06125,-3.394133333333334,-3.3600000000000003
2.72,0.35,PLP,PLP,-0.7,-2.06125,-3.466133333333334,-3.4400000000000004
2.76,0.35,PLP,PLP,-0.7,-2.06125,-3.5391999999999997,-3.5199999999999996
2.8,0.35,PLP,PLP,-0.7,-2.06125,-3.613333333333333,-3.5999999999999996
2.84,0.35,PLP,PLP,-0.7,-2.06125,-3.6885333333333334,-3.6799999999999997
2.88,0.35,PLP,PLP,-0.7,-2.06125,-3.7647999999999997,-3.76
2.92,0.35,PLP,PLP,-0.7,-2.06125,-3.842133333333333,-3.84
2.96,0.35,PLP,PLP,-0.7,-2.06125,-3.920533333333333,-3.92
3.0,0.35,degenerate,PLP|FLP,-0.7,-2.06125,-4.0,-4.0
3.04,0.35,FLP,FLP,-0.7,-2.06125,,-4.08
3.08,0.35,FLP,FLP,-0.7,-2.06125,,-4.16
3.12,0.35,FLP,FLP,-0.7,-2.06125,,-4.24
3.16,0.35,FLP,FLP,-0.7,-2.06125,,-4.32
3.2,0.35,FLP,FLP,-0.7,-2.06125,,-4.4
3.24,0.35,FLP,FLP,-0.7,-2.06125,,-4.48
3.28,0.35,FLP,FLP,-0.7,-2.06125,,-4.56
3.32,0.35,FLP,FLP,-0.7,-2.06125,,-4.64
3.36,0.35,FLP,FLP,-0.7,-2.06125,,-4.72
3.4,0.35,FLP,FLP,-0.7,-2.06125,,-4.8
3.44,0.35,FLP,FLP,-0.7,-2.06125,,-4.88
3.48,0.35,FLP,FLP,-0.7,-2.06125,,-4.96
3.52,0.35,FLP,FLP,-0.7,-2.06125,,-5.04
3.56,0.35,FLP,FLP,-0.7,-2.06125,,-5.12
3.6,0.35,FLP,FLP,-0.7,-2.06125,,-5.2
3.64,0.35,FLP,FLP,-0.7,-2.06125,,-5.28
3.68,0.35,FLP,FLP,-0.7,-2.06125,,-5.36
3.72,0.35,FLP,FLP,-0.7,-2.06125,,-5.44
3.76,0.35,FLP,FLP,-0.7,-2.06125,,-5.52
3.8,0.35,FLP,FLP,-0.7,-2.06125,,-5.6
3.84,0.35,FLP,FLP,-0.7,-2.06125,,-5.68
3.88,0.35,FLP,FLP,-0.7,-2.06125,,-5.76
3.92,0.35,FLP,FLP,-0.7,-2.06125,,-5.84
3.96,0.35,FLP,FLP,-0.7,-2.06125,,-5.92
4.0,0.35,FLP,FLP,-0.7,-2.06125,,-6.0
0.0,0.385,CAF,CAF,-0.77,-2.0741125,-1.0,2.0
0.04,0.385,CAF,CAF,-0.77,-2.0741125,-1.0005333333333333,1.92
0.08,0.385,CAF,CAF,-0.77,-2.0741125,-1.0021333333333333,1.84
0.12,0.385,CAF,CAF,-0.77,-2.0741125,-1.0048,1.76
0.16,0.385,CAF,CAF,-0.77,-2.0741125,-1.0085333333333333,1.68
0.2,0.385,CAF,CAF,-0.77,-2.0741125,-1.0133333333333334,1.6
0.24,0.385,CAF,CAF,-0.77,-2.0741125,-1.0192,1.52
0.28,0.385,CAF,CAF,-0.77,-2.0741125,-1.0261333333333333,1.44
0.32,0.385,CAF,CAF,-0.77,-2.0741125,-1.0341333333333333,1.3599999999999999
0.36,0.385,CAF,CAF,-0.77,-2.0741125,-1.0432,1.28
0.4,0.385,CAF,CAF,-0.77,-2.0741125,-1.0533333333333332,1.2
0.44,0.385,CAF,CAF,-0.77,-2.0741125,-1.0645333333333333,1.12
0.48,0.385,CAF,CAF,-0.77,-2.0741125,-1.0768,1.04
0.52,0.385,CAF,CAF,-0.77,-2.0741125,-1.0901333333333334,0.96
0.56,0.385,CAF,CAF,-0.77,-2.0741125,-1.1045333333333334,0.8799999999999999
0.6,0.385,CAF,CAF,-0.77,-2.0741125,-1.12,0.8
0.64,0.385,CAF,CAF,-0.77,-2.0741125,-1.1365333333333334,0.72
0.68,0.385,CAF,CAF,-0.77,-2.0741125,-1.1541333333333335,0.6399999999999999
0.72,0.385,CAF,CAF,-0.77,-2.0741125,-1.1728,0.56
0.76,0.385,CAF,CAF,-0.77,-2.0741125,-1.1925333333333334,0.48
0.8,0.385,CAF,CAF,-0.77,-2.0741125,-1.2133333333333334,0.3999999999999999
0.84,0.385,CAF,CAF,-0.77,-2.0741125,-1.2351999999999999,0.32000000000000006
0.88,0.385,CAF,CAF,-0.77,-2.0741125,-1.2581333333333333,0.24
0.92,0.385,CAF,CAF,-0.77,-2.0741125,-1.2821333333333333,0.15999999999999992
0.96,0.385,CAF,CAF,-0.77,-2.0741125,-1.3072,0.08000000000000007
1.0,0.385,CAF,CAF,-0.77,-2.0741125,-1.3333333333333333,0.0
1.04,0.385,CAF,CAF,-0.77,-2.0741125,-1.3605333333333334,-0.08000000000000007
1.08,0.385,CAF,CAF,-0.77,-2.0741125,-1.3888,-0.16000000000000014
1.12,0.385,CAF,CAF,-0.77,-2.0741125,-1.4181333333333335,-0.2400000000000002
1.16,0.385,CAF,CAF,-0.77,-2.0741125,-1.4485333333333332,-0.31999999999999984
1.2,0.385,CAF,CAF,-0.77,-2.0741125,-1.48,-0.3999999999999999
1.24,0.385,CAF,CAF,-0.77,-2.0741125,-1.5125333333333333,-0.48
1.28,0.385,CAF,CAF,-0.77,-2.0741125,-1.5461333333333334,-0.56
1.32,0.385,CAF,CAF,-0.77,-2.0741125,-1.5808,-0.6400000000000001
1.36,0.385,CAF,CAF,-0.77,-2.0741125,-1.6165333333333334,-0.7200000000000002
1.4,0.385,CAF,CAF,-0.77,-2.0741125,-1.6533333333333333,-0.7999999999999998
1.44,0.385,CAF,CAF,-0.77,-2.0741125,-1.6911999999999998,-0.8799999999999999
1.48,0.385,CAF,CAF,-0.77,-2.0741125,-1.7301333333333333,-0.96
1.52,0.385,CAF,CAF,-0.77,-2.0741125,-1.7701333333333333,-1.04
1.56,0.385,CAF,CAF,-0.77,-2.0741125,-1.8112,-1.12
1.6,0.385,CAF,CAF,-0.77,-2.0741125,-1.8533333333333335,-1.2000000000000002
1.64,0.385,CAF,CAF,-0.77,-2.0741125,-1.8965333333333332,-1.2799999999999998
1.68,0.385,CAF,CAF,-0.77,-2.0741125,-1.9407999999999999,-1.3599999999999999
1.72,0.385,CAF,CAF,-0.77,-2.0741125,-1.986133333333333,-1.44
1.76,0.385,CAF,CAF,-0.77,-2.0741125,-2.0325333333333333,-1.52
1.8,0.385,PLP,PLP,-0.77,-2.0741125,-2.08,-1.6
1.84,0.385,PLP,PLP,-0.77,-2.0741125,-2.1285333333333334,-1.6800000000000002
1.88,0.385,PLP,PLP,-0.77,-2.0741125,-2.1781333333333333,-1.7599999999999998
1.92,0.385,PLP,PLP,-0.77,-2.0741125,-2.2287999999999997,-1.8399999999999999
1.96,0.385,PLP,PLP,-0.77,-2.0741125,-2.2805333333333335,-1.92
2.0,0.385,PLP,PLP,-0.77,-2.0741125,-2.333333333333333,-2.0
2.04,0.385,PLP,PLP,-0.77,-2.0741125,-2.3872,-2.08
2.08,0.385,PLP,PLP,-0.77,-2.0741125,-2.4421333333333335,-2.16
2.12,0.385,PLP,PLP,-0.77,-2.0741125,-2.4981333333333335,-2.24
2.16,0.385,PLP,PLP,-0.77,-2.0741125,-2.5552,-2.3200000000000003
2.2,0.385,PLP,PLP,-0.77,-2.0741125,-2.6133333333333333,-2.4000000000000004
2.24,0.385,PLP,PLP,-0.77,-2.0741125,-2.672533333333334,-2.4800000000000004
2.28,0.385,PLP,PLP,-0.77,-2.0741125,-2.7328,-2.5599999999999996
2.32,0.385,PLP,PLP,-0.77,-2.0741125,-2.794133333333333,-2.6399999999999997
2.36,0.385,PLP,PLP,-0.77,-2.0741125,-2.856533333333333,-2.7199999999999998
2.4,0.385,PLP,PLP,-0.77,-2.0741125,-2.92,-2.8
2.44,0.385,PLP,PLP,-0.77,-2.0741125,-2.9845333333333333,-2.88
2.48,0.385,PLP,PLP,-0.77,-2.0741125,-3.0501333333333336,-2.96
2.52,0.385,PLP,PLP,-0.77,-2.0741125,-3.1168,-3.04
2.56,0.385,PLP,PLP,-0.77,-2.0741125,-3.1845333333333334,-3.12
2.6,0.385,PLP,PLP,-0.77,-2.0741125,-3.2533333333333334,-3.2
2.64,0.385,PLP,PLP,-0.77,-2.0741125,-3.3232000000000004,-3.2800000000000002
2.68,0.385,PLP,PLP,-0.77,-2.0741125,-3.394133333333334,-3.3600000000000003
2.72,0.385,PLP,PLP,-0.77,-2.0741125,-3.466133333333334,-3.4400000000000004
2.76,0.385,PLP,PLP,-0.77,-2.0741125,-3.5391999999999997,-3.5199999999999996
2.8,0.385,PLP,PLP,-0.77,-2.0741125,-3.613333333333333,-3.5999999999999996
2.84,0.385,PLP,PLP,-0.77,-2.0741125,-3.6885333333333334,-3.6799999999999997
2.88,0.385,PLP,PLP,-0.77,-2.0741125,-3.7647999999999997,-3.76
2.92,0.385,PLP,PLP,-0.77,-2.0741125,-3.842133333333333,-3.84
2.96,0.385,PLP,PLP,-0.77,-2.0741125,-3.920533333333333,-3.92
3.0,0.385,degenerate,PLP|FLP,-0.77,-2.0741125,-4.0,-4.0
3.04,0.385,FLP,FLP,-0.77,-2.0741125,,-4.08
3.08,0.385,FLP,FLP,-0.77,-2.0741125,,-4.16
3.12,0.385,FLP,FLP,-0.77,-2.0741125,,-4.24
3.16,0.385,FLP,FLP,-0.77,-2.0741125,,-4.32
3.2,0.385,FLP,FLP,-0.77,-2.0741125,,-4.4
3.24,0.385,FLP,FLP,-0.77,-2.0741125,,-4.48
3.28,0.385,FLP,FLP,-0.77,-2.0741125,,-4.56
3.32,0.385,FLP,FLP,-0.77,-2.0741125,,-4.64
3.36,0.385,FLP,FLP,-0.77,-2.0741125,,-4.72
3.4,0.385,FLP,FLP,-0.77,-2.0741125,,-4.8
3.44,0.385,FLP,FLP,-0.77,-2.0741125,,-4.88
3.48,0.385,FLP,FLP,-0.77,-2.0741125,,-4.96
3.52,0.385,FLP,FLP,-0.77,-2.0741125,,-5.04
3.56,0.385,FLP,FLP,-0.77,-2.0741125,,-5.12
3.6,0.385,FLP,FLP,-0.77,-2.0741125,,-5.2
3.64,0.385,FLP,FLP,-0.77,-2.0741125,,-5.28
3.68,0.385,FLP,FLP,-0.77,-2.0741125,,-5.36
3.72,0.385,FLP,FLP,-0.77,-2.0741125,,-5.44
3.76,0.385,FLP,FLP,-0.77,-2.0741125,,-5.52
3.8,0.385,FLP,FLP,-0.77,-2.0741125,,-5.6
3.84,0.385,FLP,FLP,-0.77,-2.0741125,,-5.68
3.88,0.385,FLP,FLP,-0.77,-2.0741125,,-5.76
3.92,0.385,FLP,FLP,-0.77,-2.0741125,,-5.84
3.96,0.385,FLP,FLP,-0.77,-2.0741125,,-5.92
4.0,0.385,FLP,FLP,-0.77,-2.0741125,,-6.0
0.0,0.42,CAF,CAF,-0.84,-2.0882,-1.0,2.0
0.04,0.42,CAF,CAF,-0.84,-2.0882,-1.0005333333333333,1.92
0.08,0.42,CAF,CAF,-0.84,-2.0882,-1.0021333333333333,1.84
0.12,0.42,CAF,CAF,-0.84,-2.0882,-1.0048,1.76
0.16,0.42,CAF,CAF,-0.84,-2.0882,-1.0085333333333333,1.68
0.2,0.42,CAF,CAF,-0.84,-2.0882,-1.0133333333333334,1.6
0.24,0.42,CAF,CAF,-0.84,-2.0882,-1.0192,1.52
0.28,0.42,CAF,CAF,-0.84,-2.0882,-1.0261333333333333,1.44
0.32,0.42,CAF,CAF,-0.84,-2.0882,-1.0341333333333333,1.3599999999999999
0.36,0.42,CAF,CAF,-0.84,-2.0882,-1.0432,1.28
0.4,0.42,CAF,CAF,-0.84,-2.0882,-1.0533333333333332,1.2
0.44,0.42,CAF,CAF,-0.84,-2.0882,-1.0645333333333333,1.12
0.48,0.42,CAF,CAF,-0.84,-2.0882,-1.0768,1.04
0.52,0.42,CAF,CAF,-0.84,-2.0882,-1.0901333333333334,0.96
0.56,0.42,CAF,CAF,-0.84,-2.0882,-1.1045333333333334,0.8799999999999999
0.6,0.42,CAF,CAF,-0.84,-2.0882,-1.12,0.8
0.64,0.42,CAF,CAF,-0.84,-2.0882,-1.1365333333333334,0.72
0.68,0.42,CAF,CAF,-0.84,-2.0882,-1.1541333333333335,0.6399999999999999
0.72,0.42,CAF,CAF,-0.84,-2.0882,-1.1728,0.56
0.76,0.42,CAF,CAF,-0.84,-2.0882,-1.1925333333333334,0.48
0.8,0.42,CAF,CAF,-0.84,-2.0882,-1.2133333333333334,0.3999999999999999
0.84,0.42,CAF,CAF,-0.84,-2.0882,-1.2351999999999999,0.32000000000000006
0.88,0.42,CAF,CAF,-0.84,-2.0882,-1.2581333333333333,0.24
0.92,0.42,CAF,CAF,-0.84,-2.0882,-1.2821333333333333,0.15999999999999992
0.96,0.42,CAF,CAF,-0.84,-2.0882,-1.3072,0.08000000000000007
1.0,0.42,CAF,CAF,-0.84,-2.0882,-1.3333333333333333,0.0
1.04,0.42,CAF,CAF,-0.84,-2.0882,-1.3605333333333334,-0.08000000000000007
1.08,0.42,CAF,CAF,-0.84,-2.0882,-1.3888,-0.16000000000000014
1.12,0.42,CAF,CAF,-0.84,-2.0882,-1.4181333333333335,-0.2400000000000002
1.16,0.42,CAF,CAF,-0.84,-2.0882,-1.4485333333333332,-0.31999999999999984
1.2,0.42,CAF,CAF,-0.84,-2.0882,-1.48,-0.3999999999999999
1.24,0.42,CAF,CAF,-0.84,-2.0882,-1.5125333333333333,-0.48
1.28,0.42,CAF,CAF,-0.84,-2.0882,-1.5461333333333334,-0.56
1.32,0.42,CAF,CAF,-0.84,-2.0882,-1.5808,-0.6400000000000001
1.36,0.42,CAF,CAF,-0.84,-2.0882,-1.6165333333333334,-0.7200000000000002
1.4,0.42,CAF,CAF,-0.84,-2.0882,-1.6533333333333333,-0.7999999999999998
1.44,0.42,CAF,CAF,-0.84,-2.0882,-1.6911999999999998,-0.8799999999999999
1.48,0.42,CAF,CAF,-0.84,-2.0882,-1.7301333333333333,-0.96
1.52,0.42,CAF,CAF,-0.84,-2.0882,-1.7701333333333333,-1.04
1.56,0.42,CAF,CAF,-0.84,-2.0882,-1.8112,-1.12
1.6,0.42,CAF,CAF,-0.84,-2.0882,-1.8533333333333335,-1.2000000000000002
1.64,0.42,CAF,CAF,-0.84,-2.0882,-1.8965333333333332,-1.2799999999999998
1.68,0.42,CAF,CAF,-0.84,-2.0882,-1.9407999999999999,-1.3599999999999999
1.72,0.42,CAF,CAF,-0.84,-2.0882,-1.986133333333333,-1.44
1.76,0.42,CAF,CAF,-0.84,-2.0882,-2.0325333333333333,-1.52
1.8,0.42,CAF,CAF,-0.84,-2.0882,-2.08,-1.6
1.84,0.42,PLP,PLP,-0.84,-2.0882,-2.1285333333333334,-1.6800000000000002
1.88,0.42,PLP,PLP,-0.84,-2.0882,-2.1781333333333333,-1.7599999999999998
1.92,0.42,PLP,PLP,-0.84,-2.0882,-2.2287999999999997,-1.8399999999999999
1.96,0.42,PLP,PLP,-0.84,-2.0882,-2.2805333333333335,-1.92
2.0,0.42,PLP,PLP,-0.84,-2.0882,-2.333333333333333,-2.0
2.04,0.42,PLP,PLP,-0.84,-2.0882,-2.3872,-2.08
2.08,0.42,PLP,PLP,-0.84,-2.0882,-2.4421333333333335,-2.16
2.12,0.42,PLP,PLP,-0.84,-2.0882,-2.4981333333333335,-2.24
2.16,0.42,PLP,PLP,-0.84,-2.0882,-2.5552,-2.3200000000000003
2.2,0.42,PLP,PLP,-0.84,-2.0882,-2.6133333333333333,-2.4000000000000004
2.24,0.42,PLP,PLP,-0.84,-2.0882,-2.672533333333334,-2.4800000000000004
2.28,0.42,PLP,PLP,-0.84,-2.0882,-2.7328,-2.5599999999999996
2.32,0.42,PLP,PLP,-0.84,-2.0882,-2.794133333333333,-2.6399999999999997
2.36,0.42,PLP,PLP,-0.84,-2.0882,-2.856533333333333,-2.7199999999999998
2.4,0.42,PLP,PLP,-0.84,-2.0882,-2.92,-2.8
2.44,0.42,PLP,PLP,-0.84,-2.0882,-2.9845333333333333,-2.88
2.48,0.42,PLP,PLP,-0.84,-2.0882,-3.0501333333333336,-2.96
2.52,0.42,PLP,PLP,-0.84,-2.0882,-3.1168,-3.04
2.56,0.42,PLP,PLP,-0.84,-2.0882,-3.1845333333333334,-3.12
2.6,0.42,PLP,PLP,-0.84,-2.0882,-3.2533333333333334,-3.2
2.64,0.42,PLP,PLP,-0.84,-2.0882,-3.3232000000000004,-3.2800000000000002
2.68,0.42,PLP,PLP,-0.84,-2.0882,-3.394133333333334,-3.3600000000000003
2.72,0.42,PLP,PLP,-0.84,-2.0882,-3.466133333333334,-3.4400000000000004
2.76,0.42,PLP,PLP,-0.84,-2.0882,-3.5391999999999997,-3.5199999999999996
2.8,0.42,PLP,PLP,-0.84,-2.0882,-3.613333333333333,-3.5999999999999996
2.84,0.42,PLP,PLP,-0.84,-2.0882,-3.6885333333333334,-3.6799999999999997
2.88,0.42,PLP,PLP,-0.84,-2.0882,-3.7647999999999997,-3.76
2.92,0.42,PLP,PLP,-0.84,-2.0882,-3.842133333333333,-3.84
2.96,0.42,PLP,PLP,-0.84,-2.0882,-3.920533333333333,-3.92
3.0,0.42,degenerate,PLP|FLP,-0.84,-2.0882,-4.0,-4.0
3.04,0.42,FLP,FLP,-0.84,-2.0882,,-4.08
3.08,0.42,FLP,FLP,-0.84,-2.0882,,-4.16
3.12,0.42,FLP,FLP,-0.84,-2.0882,,-4.24
3.16,0.42,FLP,FLP,-0.84,-2.0882,,-4.32
3.2,0.42,FLP,FLP,-0.84,-2.0882,,-4.4
3.24,0.42,FLP,FLP,-0.84,-2.0882,,-4.48
3.28,0.42,FLP,FLP,-0.84,-2.0882,,-4.56
3.32,0.42,FLP,FLP,-0.84,-2.0882,,-4.64
3.36,0.42,FLP,FLP,-0.84,-2.0882,,-4.72
3.4,0.42,FLP,FLP,-0.84,-2.0882,,-4.8
3.44,0.42,FLP,FLP,-0.84,-2.0882,,-4.88
3.48,0.42,FLP,FLP,-0.84,-2.0882,,-4.96
3.52,0.42,FLP,FLP,-0.84,-2.0882,,-5.04
3.56,0.42,FLP,FLP,-0.84,-2.0882,,-5.12
3.6,0.42,FLP,FLP,-0.84,-2.0882,,-5.2
3.64,0.42,FLP,FLP,-0.84,-2.0882,,-5.28
3.68,0.42,FLP,FLP,-0.84,-2.0882,,-5.36
3.72,0.42,FLP,FLP,-0.84,-2.0882,,-5.44
3.76,0.42,FLP,FLP,-0.84,-2.0882,,-5.52
3.8,0.42,FLP,FLP,-0.84,-2.0882,,-5.6
3.84,0.42,FLP,FLP,-0.84,-2.0882,,-5.68
3.88,0.42,FLP,FLP,-0.84,-2.0882,,-5.76
3.92,0.42,FLP,FLP,-0.84,-2.0882,,-5.84
3.96,0.42,FLP,FLP,-0.84,-2.0882,,-5.92
4.0,0.42,FLP,FLP,-0.84,-2.0882,,-6.0
0.0,0.455,CAF,CAF,-0.91,-2.1035125,-1.0,2.0
0.04,0.455,CAF,CAF,-0.91,-2.1035125,-1.0005333333333333,1.92
0.08,0.455,CAF,CAF,-0.91,-2.1035125,-1.0021333333333333,1.84
0.12,0.455,CAF,CAF,-0.91,-2.1035125,-1.0048,1.76
0.16,0.455,CAF,CAF,-0.91,-2.1035125,-1.0085333333333333,1.68
0.2,0.455,CAF,CAF,-0.91,-2.1035125,-1.0133333333333334,1.6
0.24,0.455,CAF,CAF,-0.91,-2.1035125,-1.0192,1.52
0.28,0.455,CAF,CAF,-0.91,-2.1035125,-1.0261333333333333,1.44
0.32,0.455,CAF,CAF,-0.91,-2.1035125,-1.0341333333333333,1.3599999999999999
0.36,0.455,CAF,CAF,-0.91,-2.1035125,-1.0432,1.28
0.4,0.455,CAF,CAF,-0.91,-2.1035125,-1.0533333333333332,1.2
0.44,0.455,CAF,CAF,-0.91,-2.1035125,-1.0645333333333333,1.12
0.48,0.455,CAF,CAF,-0.91,-2.1035125,-1.0768,1.04
0.52,0.455,CAF,CAF,-0.91,-2.1035125,-1.0901333333333334,0.96
0.56,0.455,CAF,CAF,-0.91,-2.1035125,-1.1045333333333334,0.8799999999999999
0.6,0.455,CAF,CAF,-0.91,-2.1035125,-1.12,0.8
0.64,0.455,CAF,CAF,-0.91,-2.1035125,-1.1365333333333334,0.72
0.68,0.455,CAF,CAF,-0.91,-2.1035125,-1.1541333333333335,0.6399999999999999
0.72,0.455,CAF,CAF,-0.91,-2.1035125,-1.1728,0.56
0.76,0.455,CAF,CAF,-0.91,-2.1035125,-1.1925333333333334,0.48
0.8,0.455,CAF,CAF,-0.91,-2.1035125,-1.2133333333333334,0.3999999999999999
0.84,0.455,CAF,CAF,-0.91,-2.1035125,-1.2351999999999999,0.32000000000000006
0.88,0.455,CAF,CAF,-0.91,-2.1035125,-1.2581333333333333,0.24
0.92,0.455,CAF,CAF,-0.91,-2.1035125,-1.2821333333333333,0.15999999999999992
0.96,0.455,CAF,CAF,-0.91,-2.1035125,-1.3072,0.08000000000000007
1.0,0.455,CAF,CAF,-0.91,-2.1035125,-1.3333333333333333,0.0
1.04,0.455,CAF,CAF,-0.91,-2.1035125,-1.3605333333333334,-0.08000000000000007
1.08,0.455,CAF,CAF,-0.91,-2.1035125,-1.3888,-0.16000000000000014
1.12,0.455,CAF,CAF,-0.91,-2.1035125,-1.4181333333333335,-0.2400000000000002
1.16,0.455,CAF,CAF,-0.91,-2.1035125,-1.4485333333333332,-0.31999999999999984
1.2,0.455,CAF,CAF,-0.91,-2.1035125,-1.48,-0.3999999999999999
1.24,0.455,CAF,CAF,-0.91,-2.1035125,-1.5125333333333333,-0.48
1.28,0.455,CAF,CAF,-0.91,-2.1035125,-1.5461333333333334,-0.56
1.32,0.455,CAF,CAF,-0.91,-2.1035125,-1.5808,-0.6400000000000001
1.36,0.455,CAF,CAF,-0.91,-2.1035125,-1.6165333333333334,-0.7200000000000002
1.4,0.455,CAF,CAF,-0.91,-2.1035125,-1.6533333333333333,-0.7999999999999998
1.44,0.455,CAF,CAF,-0.91,-2.1035125,-1.6911999999999998,-0.8799999999999999
1.48,0.455,CAF,CAF,-0.91,-2.1035125,-1.7301333333333333,-0.96
1.52,0.455,CAF,CAF,-0.91,-2.1035125,-1.7701333333333333,-1.04
1.56,0.455,CAF,CAF,-0.91,-2.1035125,-1.8112,-1.12
1.6,0.455,CAF,CAF,-0.91,-2.1035125,-1.8533333333333335,-1.2000000000000002
1.64,0.455,CAF,CAF,-0.91,-2.1035125,-1.8965333333333332,-1.2799999999999998
1.68,0.455,CAF,CAF,-0.91,-2.1035125,-1.9407999999999999,-1.3599999999999999
1.72,0.455,CAF,CAF,-0.91,-2.1035125,-1.986133333333333,-1.44
1.76,0.455,CAF,CAF,-0.91,-2.1035125,-2.0325333333333333,-1.52
1.8,0.455,CAF,CAF,-0.91,-2.1035125,-2.08,-1.6
1.84,0.455,PLP,PLP,-0.91,-2.1035125,-2.1285333333333334,-1.6800000000000002
1.88,0.455,PLP,PLP,-0.91,-2.1035125,-2.1781333333333333,-1.7599999999999998
1.92,0.455,PLP,PLP,-0.91,-2.1035125,-2.2287999999999997,-1.8399999999999999
1.96,0.455,PLP,PLP,-0.91,-2.1035125,-2.2805333333333335,-1.92
2.0,0.455,PLP,PLP,-0.91,-2.1035125,-2.333333333333333,-2.0
2.04,0.455,PLP,PLP,-0.91,-2.1035125,-2.3872,-2.08
2.08,0.455,PLP,PLP,-0.91,-2.1035125,-2.4421333333333335,-2.16
2.12,0.455,PLP,PLP,-0.91,-2.1035125,-2.4981333333333335,-2.24
2.16,0.455,PLP,PLP,-0.91,-2.1035125,-2.5552,-2.3200000000000003
2.2,0.455,PLP,PLP,-0.91,-2.1035125,-2.6133333333333333,-2.4000000000000004
2.24,0.455,PLP,PLP,-0.91,-2.1035125,-2.672533333333334,-2.4800000000000004
2.28,0.455,PLP,PLP,-0.91,-2.1035125,-2.7328,-2.5599999999999996
2.32,0.455,PLP,PLP,-0.91,-2.1035125,-2.794133333333333,-2.6399999999999997
2.36,0.455,PLP,PLP,-0.91,-2.1035125,-2.856533333333333,-2.7199999999999998
2.4,0.455,PLP,PLP,-0.91,-2.1035125,-2.92,-2.8
2.44,0.455,PLP,PLP,-0.91,-2.1035125,-2.9845333333333333,-2.88
2.48,0.455,PLP,PLP,-0.91,-2.1035125,-3.0501333333333336,-2.96
2.52,0.455,PLP,PLP,-0.91,-2.1035125,-3.1168,-3.04
2.56,0.455,PLP,PLP,-0.91,-2.1035125,-3.1845333333333334,-3.12
2.6,0.455,PLP,PLP,-0.91,-2.1035125,-3.2533333333333334,-3.2
2.64,0.455,PLP,PLP,-0.91,-2.1035125,-3.3232000000000004,-3.2800000000000002
2.68,0.455,PLP,PLP,-0.91,-2.1035125,-3.394133333333334,-3.3600000000000003
2.72,0.455,PLP,PLP,-0.91,-2.1035125,-3.466133333333334,-3.4400000000000004
2.76,0.455,PLP,PLP,-0.91,-2.1035125,-3.5391999999999997,-3.5199999999999996
2.8,0.455,PLP,PLP,-0.91,-2.1035125,-3.613333333333333,-3.5999999999999996
2.84,0.455,PLP,PLP,-0.91,-2.1035125,-3.6885333333333334,-3.6799999999999997
2.88,0.455,PLP,PLP,-0.91,-2.1035125,-3.7647999999999997,-3.76
2.92,0.455,PLP,PLP,-0.91,-2.1035125,-3.842133333333333,-3.84
2.96,0.455,PLP,PLP,-0.91,-2.1035125,-3.920533333333333,-3.92
3.0,0.455,degenerate,PLP|FLP,-0.91,-2.1035125,-4.0,-4.0
3.04,0.455,FLP,FLP,-0.91,-2.1035125,,-4.08
3.08,0.455,FLP,FLP,-0.91,-2.1035125,,-4.16
3.12,0.455,FLP,FLP,-0.91,-2.1035125,,-4.24
3.16,0.455,FLP,FLP,-0.91,-2.1035125,,-4.32
3.2,0.455,FLP,FLP,-0.91,-2.1035125,,-4.4
3.24,0.455,FLP,FLP,-0.91,-2.1035125,,-4.48
3.28,0.455,FLP,FLP,-0.91,-2.1035125,,-4.56
3.32,0.455,FLP,FLP,-0.91,-2.1035125,,-4.64
3.36,0.455,FLP,FLP,-0.91,-2.1035125,,-4.72
3.4,0.455,FLP,FLP,-0.91,-2.1035125,,-4.8
3.44,0.455,FLP,FLP,-0.91,-2.1035125,,-4.88
3.48,0.455,FLP,FLP,-0.91,-2.1035125,,-4.96
3.52,0.455,FLP,FLP,-0.91,-2.1035125,,-5.04
3.56,0.455,FLP,FLP,-0.91,-2.1035125,,-5.12
3.6,0.455,FLP,FLP,-0.91,-2.1035125,,-5.2
3.64,0.455,FLP,FLP,-0.91,-2.1035125,,-5.28
3.68,0.455,FLP,FLP,-0.91,-2.1035125,,-5.36
3.72,0.455,FLP,FLP,-0.91,-2.1035125,,-5.44
3.76,0.455,FLP,FLP,-0.91,-2.1035125,,-5.52
3.8,0.455,FLP,FLP,-0.91,-2.1035125,,-5.6
3.84,0.455,FLP,FLP,-0.91,-2.1035125,,-5.68
3.88,0.455,FLP,FLP,-0.91,-2.1035125,,-5.76
3.92,0.455,FLP,FLP,-0.91,-2.1035125,,-5.84
3.96,0.455,FLP,FLP,-0.91,-2.1035125,,-5.92
4.0,0.455,FLP,FLP,-0.91,-2.1035125,,-6.0
0.0,0.49,CAF,CAF,-0.98,-2.12005,-1.0,2.0
0.04,0.49,CAF,CAF,-0.98,-2.12005,-1.0005333333333333,1.92
0.08,0.49,CAF,CAF,-0.98,-2.12005,-1.0021333333333333,1.84
0.12,0.49,CAF,CAF,-0.98,-2.12005,-1.0048,1.76
0.16,0.49,CAF,CAF,-0.98,-2.12005,-1.0085333333333333,1.68
0.2,0.49,CAF,CAF,-0.98,-2.12005,-1.0133333333333334,1.6
0.24,0.49,CAF,CAF,-0.98,-2.12005,-1.0192,1.52
0.28,0.49,CAF,CAF,-0.98,-2.12005,-1.0261333333333333,1.44
0.32,0.49,CAF,CAF,-0.98,-2.12005,-1.0341333333333333,1.3599999999999999
0.36,0.49,CAF,CAF,-0.98,-2.12005,-1.0432,1.28
0.4,0.49,CAF,CAF,-0.98,-2.12005,-1.0533333333333332,1.2
0.44,0.49,CAF,CAF,-0.98,-2.12005,-1.0645333333333333,1.12
0.48,0.49,CAF,CAF,-0.98,-2.12005,-1.0768,1.04
0.52,0.49,CAF,CAF,-0.98,-2.12005,-1.0901333333333334,0.96
0.56,0.49,CAF,CAF,-0.98,-2.12005,-1.1045333333333334,0.8799999999999999
0.6,0.49,CAF,CAF,-0.98,-2.12005,-1.12,0.8
0.64,0.49,CAF,CAF,-0.98,-2.12005,-1.1365333333333334,0.72
0.68,0.49,CAF,CAF,-0.98,-2.12005,-1.1541333333333335,0.6399999999999999
0.72,0.49,CAF,CAF,-0.98,-2.12005,-1.1728,0.56
0.76,0.49,CAF,CAF,-0.98,-2.12005,-1.1925333333333334,0.48
0.8,0.49,CAF,CAF,-0.98,-2.12005,-1.2133333333333334,0.3999999999999999
0.84,0.49,CAF,CAF,-0.98,-2.12005,-1.2351999999999999,0.32000000000000006
0.88,0.49,CAF,CAF,-0.98,-2.12005,-1.2581333333333333,0.24
0.92,0.49,CAF,CAF,-0.98,-2.12005,-1.2821333333333333,0.15999999999999992
0.96,0.49,CAF,CAF,-0.98,-2.12005,-1.3072,0.08000000000000007
1.0,0.49,CAF,CAF,-0.98,-2.12005,-1.3333333333333333,0.0
1.04,0.49,CAF,CAF,-0.98,-2.12005,-1.3605333333333334,-0.08000000000000007
1.08,0.49,CAF,CAF,-0.98,-2.12005,-1.3888,-0.16000000000000014
1.12,0.49,CAF,CAF,-0.98,-2.12005,-1.4181333333333335,-0.2400000000000002
1.16,0.49,CAF,CAF,-0.98,-2.12005,-1.4485333333333332,-0.31999999999999984
1.2,0.49,CAF,CAF,-0.98,-2.12005,-1.48,-0.3999999999999999
1.24,0.49,CAF,CAF,-0.98,-2.12005,-1.5125333333333333,-0.48
1.28,0.49,CAF,CAF,-0.98,-2.12005,-1.5461333333333334,-0.56
1.32,0.49,CAF,CAF,-0.98,-2.12005,-1.5808,-0.6400000000000001
1.36,0.49,CAF,CAF,-0.98,-2.12005,-1.6165333333333334,-0.7200000000000002
1.4,0.49,CAF,CAF,-0.98,-2.12005,-1.6533333333333333,-0.7999999999999998
1.44,0.49,CAF,CAF,-0.98,-2.12005,-1.6911999999999998,-0.8799999999999999
1.48,0.49,CAF,CAF,-0.98,-2.12005,-1.7301333333333333,-0.96
1.52,0.49,CAF,CAF,-0.98,-2.12005,-1.7701333333333333,-1.04
1.56,0.49,CAF,CAF,-0.98,-2.12005,-1.8112,-1.12
1.6,0.49,CAF,CAF,-0.98,-2.12005,-1.8533333333333335,-1.2000000000000002
1.64,0.49,CAF,CAF,-0.98,-2.12005,-1.8965333333333332,-1.2799999999999998
1.68,0.49,CAF,CAF,-0.98,-2.12005,-1.9407999999999999,-1.3599999999999999
1.72,0.49,CAF,CAF,-0.98,-2.12005,-1.986133333333333,-1.44
1.76,0.49,CAF,CAF,-0.98,-2.12005,-2.0325333333333333,-1.52
1.8,0.49,CAF,CAF,-0.98,-2.12005,-2.08,-1.6
1.84,0.49,PLP,PLP,-0.98,-2.12005,-2.1285333333333334,-1.6800000000000002
1.88,0.49,PLP,PLP,-0.98,-2.12005,-2.1781333333333333,-1.7599999999999998
1.92,0.49,PLP,PLP,-0.98,-2.12005,-2.2287999999999997,-1.8399999999999999
1.96,0.49,PLP,PLP,-0.98,-2.12005,-2.2805333333333335,-1.92
2.0,0.49,PLP,PLP,-0.98,-2.12005,-2.333333333333333,-2.0
2.04,0.49,PLP,PLP,-0.98,-2.12005,-2.3872,-2.08
2.08,0.49,PLP,PLP,-0.98,-2.12005,-2.4421333333333335,-2.16
2.12,0.49,PLP,PLP,-0.98,-2.12005,-2.4981333333333335,-2.24
2.16,0.49,PLP,PLP,-0.98,-2.12005,-2.5552,-2.3200000000000003
2.2,0.49,PLP,PLP,-0.98,-2.12005,-2.6133333333333333,-2.4000000000000004
2.24,0.49,PLP,PLP,-0.98,-2.12005,-2.672533333333334,-2.4800000000000004
2.28,0.49,PLP,PLP,-0.98,-2.12005,-2.7328,-2.5599999999999996
2.32,0.49,PLP,PLP,-0.98,-2.12005,-2.794133333333333,-2.6399999999999997
2.36,0.49,PLP,PLP,-0.98,-2.12005,-2.856533333333333,-2.7199999999999998
2.4,0.49,PLP,PLP,-0.98,-2.12005,-2.92,-2.8
2.44,0.49,PLP,PLP,-0.98,-2.12005,-2.9845333333333333,-2.88
2.48,0.49,PLP,PLP,-0.98,-2.12005,-3.0501333333333336,-2.96
2.52,0.49,PLP,PLP,-0.98,-2.12005,-3.1168,-3.04
2.56,0.49,PLP,PLP,-0.98,-2.12005,-3.1845333333333334,-3.12
2.6,0.49,PLP,PLP,-0.98,-2.12005,-3.2533333333333334,-3.2
2.64,0.49,PLP,PLP,-0.98,-2.12005,-3.3232000000000004,-3.2800000000000002
2.68,0.49,PLP,PLP,-0.98,-2.12005,-3.394133333333334,-3.3600000000000003
2.72,0.49,PLP,PLP,-0.98,-2.12005,-3.466133333333334,-3.4400000000000004
2.76,0.49,PLP,PLP,-0.98,-2.12005,-3.5391999999999997,-3.5199999999999996
2.8,0.49,PLP,PLP,-0.98,-2.12005,-3.613333333333333,-3.5999999999999996
2.84,0.49,PLP,PLP,-0.98,-2.12005,-3.6885333333333334,-3.6799999999999997
2.88,0.49,PLP,PLP,-0.98,-2.12005,-3.7647999999999997,-3.76
2.92,0.49,PLP,PLP,-0.98,-2.12005,-3.842133333333333,-3.84
2.96,0.49,PLP,PLP,-0.98,-2.12005,-3.920533333333333,-3.92
3.0,0.49,degenerate,PLP|FLP,-0.98,-2.12005,-4.0,-4.0
3.04,0.49,FLP,FLP,-0.98,-2.12005,,-4.08
3.08,0.49,FLP,FLP,-0.98,-2.12005,,-4.16
3.12,0.49,FLP,FLP,-0.98,-2.12005,,-4.24
3.16,0.49,FLP,FLP,-0.98,-2.12005,,-4.32
3.2,0.49,FLP,FLP,-0.98,-2.12005,,-4.4
3.24,0.49,FLP,FLP,-0.98,-2.12005,,-4.48
3.28,0.49,FLP,FLP,-0.98,-2.12005,,-4.56
3.32,0.49,FLP,FLP,-0.98,-2.12005,,-4.64
3.36,0.49,FLP,FLP,-0.98,-2.12005,,-4.72
3.4,0.49,FLP,FLP,-0.98,-2.12005,,-4.8
3.44,0.49,FLP,FLP,-0.98,-2.12005,,-4.88
3.48,0.49,FLP,FLP,-0.98,-2.12005,,-4.96
3.52,0.49,FLP,FLP,-0.98,-2.12005,,-5.04
3.56,0.49,FLP,FLP,-0.98,-2.12005,,-5.12
3.6,0.49,FLP,FLP,-0.98,-2.12005,,-5.2
3.64,0.49,FLP,FLP,-0.98,-2.12005,,-5.28
3.68,0.49,FLP,FLP,-0.98,-2.12005,,-5.36
3.72,0.49,FLP,FLP,-0.98,-2.12005,,-5.44
3.76,0.49,FLP,FLP,-0.98,-2.12005,,-5.52
3.8,0.49,FLP,FLP,-0.98,-2.12005,,-5.6
3.84,0.49,FLP,FLP,-0.98,-2.12005,,-5.68
3.88,0.49,FLP,FLP,-0.98,-2.12005,,-5.76
3.92,0.49,FLP,FLP,-0.98,-2.12005,,-5.84
3.96,0.49,FLP,FLP,-0.98,-2.12005,,-5.92
4.0,0.49,FLP,FLP,-0.98,-2.12005,,-6.0
0.0,0.525,CAF,CAF,-1.05,-2.1378125,-1.0,2.0
0.04,0.525,CAF,CAF,-1.05,-2.1378125,-1.0005333333333333,1.92
0.08,0.525,CAF,CAF,-1.05,-2.1378125,-1.0021333333333333,1.84
0.12,0.525,CAF,CAF,-1.05,-2.1378125,-1.0048,1.76
0.16,0.525,CAF,CAF,-1.05,-2.1378125,-1.0085333333333333,1.68
0.2,0.525,CAF,CAF,-1.05,-2.1378125,-1.0133333333333334,1.6
0.24,0.525,CAF,CAF,-1.05,-2.1378125,-1.0192,1.52
0.28,0.525,CAF,CAF,-1.05,-2.1378125,-1.0261333333333333,1.44
0.32,0.525,CAF,CAF,-1.05,-2.1378125,-1.0341333333333333,1.3599999999999999
0.36,0.525,CAF,CAF,-1.05,-2.1378125,-1.0432,1.28
0.4,0.525,CAF,CAF,-1.05,-2.1378125,-1.0533333333333332,1.2
0.44,0.525,CAF,CAF,-1.05,-2.1378125,-1.0645333333333333,1.12
0.48,0.525,CAF,CAF,-1.05,-2.1378125,-1.0768,1.04
0.52,0.525,CAF,CAF,-1.05,-2.1378125,-1.0901333333333334,0.96
0.56,0.525,CAF,CAF,-1.05,-2.1378125,-1.1045333333333334,0.8799999999999999
0.6,0.525,CAF,CAF,-1.05,-2.1378125,-1.12,0.8
0.64,0.525,CAF,CAF,-1.05,-2.1378125,-1.1365333333333334,0.72
0.68,0.525,CAF,CAF,-1.05,-2.1378125,-1.1541333333333335,0.6399999999999999
0.72,0.525,CAF,CAF,-1.05,-2.1378125,-1.1728,0.56
0.76,0.525,CAF,CAF,-1.05,-2.1378125,-1.1925333333333334,0.48
0.8,0.525,CAF,CAF,-1.05,-2.1378125,-1.2133333333333334,0.3999999999999999
0.84,0.525,CAF,CAF,-1.05,-2.1378125,-1.2351999999999999,0.32000000000000006
0.88,0.525,CAF,CAF,-1.05,-2.1378125,-1.2581333333333333,0.24
0.92,0.525,CAF,CAF,-1.05,-2.1378125,-1.2821333333333333,0.15999999999999992
0.96,0.525,CAF,CAF,-1.05,-2.1378125,-1.3072,0.08000000000000007
1.0,0.525,CAF,CAF,-1.05,-2.1378125,-1.3333333333333333,0.0
1.04,0.525,CAF,CAF,-1.05,-2.1378125,-1.3605333333333334,-0.08000000000000007
1.08,0.525,CAF,CAF,-1.05,-2.1378125,-1.3888,-0.16000000000000014
1.12,0.525,CAF,CAF,-1.05,-2.1378125,-1.4181333333333335,-0.2400000000000002
1.16,0.525,CAF,CAF,-1.05,-2.1378125,-1.4485333333333332,-0.31999999999999984
1.2,0.525,CAF,CAF,-1.05,-2.1378125,-1.48,-0.3999999999999999
1.24,0.525,CAF,CAF,-1.05,-2.1378125,-1.5125333333333333,-0.48
1.28,0.525,CAF,CAF,-1.05,-2.1378125,-1.5461333333333334,-0.56
1.32,0.525,CAF,CAF,-1.05,-2.1378125,-1.5808,-0.6400000000000001
1.36,0.525,CAF,CAF,-1.05,-2.1378125,-1.6165333333333334,-0.7200000000000002
1.4,0.525,CAF,CAF,-1.05,-2.1378125,-1.6533333333333333,-0.7999999999999998
1.44,0.525,CAF,CAF,-1.05,-2.1378125,-1.6911999999999998,-0.8799999999999999
1.48,0.525,CAF,CAF,-1.05,-2.1378125,-1.7301333333333333,-0.96
1.52,0.525,CAF,CAF,-1.05,-2.1378125,-1.7701333333333333,-1.04
1.56,0.525,CAF,CAF,-1.05,-2.1378125,-1.8112,-1.12
1.6,0.525,CAF,CAF,-1.05,-2.1378125,-1.8533333333333335,-1.2000000000000002
1.64,0.525,CAF,CAF,-1.05,-2.1378125,-1.8965333333333332,-1.2799999999999998
1.68,0.525,CAF,CAF,-1.05,-2.1378125,-1.9407999999999999,-1.3599999999999999
1.72,0.525,CAF,CAF,-1.05,-2.1378125,-1.986133333333333,-1.44
1.76,0.525,CAF,CAF,-1.05,-2.1378125,-2.0325333333333333,-1.52
1.8,0.525,CAF,CAF,-1.05,-2.1378125,-2.08,-1.6
1.84,0.525,CAF,CAF,-1.05,-2.1378125,-2.1285333333333334,-1.6800000000000002
1.88,0.525,PLP,PLP,-1.05,-2.1378125,-2.1781333333333333,-1.7599999999999998
1.92,0.525,PLP,PLP,-1.05,-2.1378125,-2.2287999999999997,-1.8399999999999999
1.96,0.525,PLP,PLP,-1.05,-2.1378125,-2.2805333333333335,-1.92
2.0,0.525,PLP,PLP,-1.05,-2.1378125,-2.333333333333333,-2.0
2.04,0.525,PLP,PLP,-1.05,-2.1378125,-2.3872,-2.08
2.08,0.525,PLP,PLP,-1.05,-2.1378125,-2.4421333333333335,-2.16
2.12,0.525,PLP,PLP,-1.05,-2.1378125,-2.4981333333333335,-2.24
2.16,0.525,PLP,PLP,-1.05,-2.1378125,-2.5552,-2.3200000000000003
2.2,0.525,PLP,PLP,-1.05,-2.1378125,-2.6133333333333333,-2.4000000000000004
2.24,0.525,PLP,PLP,-1.05,-2.1378125,-2.672533333333334,-2.4800000000000004
2.28,0.525,PLP,PLP,-1.05,-2.1378125,-2.7328,-2.5599999999999996
2.32,0.525,PLP,PLP,-1.05,-2.1378125,-2.794133333333333,-2.6399999999999997
2.36,0.525,PLP,PLP,-1.05,-2.1378125,-2.856533333333333,-2.7199999999999998
2.4,0.525,PLP,PLP,-1.05,-2.1378125,-2.92,-2.8
2.44,0.525,PLP,PLP,-1.05,-2.1378125,-2.9845333333333333,-2.88
2.48,0.525,PLP,PLP,-1.05,-2.1378125,-3.0501333333333336,-2.96
2.52,0.525,PLP,PLP,-1.05,-2.1378125,-3.1168,-3.04
2.56,0.525,PLP,PLP,-1.05,-2.1378125,-3.1845333333333334,-3.12
2.6,0.525,PLP,PLP,-1.05,-2.1378125,-3.2533333333333334,-3.2
2.64,0.525,PLP,PLP,-1.05,-2.1378125,-3.3232000000000004,-3.2800000000000002
2.68,0.525,PLP,PLP,-1.05,-2.1378125,-3.394133333333334,-3.3600000000000003
2.72,0.525,PLP,PLP,-1.05,-2.1378125,-3.466133333333334,-3.4400000000000004
2.76,0.525,PLP,PLP,-1.05,-2.1378125,-3.5391999999999997,-3.5199999999999996
2.8,0.525,PLP,PLP,-1.05,-2.1378125,-3.613333333333333,-3.5999999999999996
2.84,0.525,PLP,PLP,-1.05,-2.1378125,-3.6885333333333334,-3.6799999999999997
2.88,0.525,PLP,PLP,-1.05,-2.1378125,-3.7647999999999997,-3.76
2.92,0.525,PLP,PLP,-1.05,-2.1378125,-3.842133333333333,-3.84
2.96,0.525,PLP,PLP,-1.05,-2.1378125,-3.920533333333333,-3.92
3.0,0.525,degenerate,PLP|FLP,-1.05,-2.1378125,-4.0,-4.0
3.04,0.525,FLP,FLP,-1.05,-2.1378125,,-4.08
3.08,0.525,FLP,FLP,-1.05,-2.1378125,,-4.16
3.12,0.525,FLP,FLP,-1.05,-2.1378125,,-4.24
3.16,0.525,FLP,FLP,-1.05,-2.1378125,,-4.32
3.2,0.525,FLP,FLP,-1.05,-2.1378125,,-4.4
3.24,0.525,FLP,FLP,-1.05,-2.1378125,,-4.48
3.28,0.525,FLP,FLP,-1.05,-2.1378125,,-4.56
3.32,0.525,FLP,FLP,-1.05,-2.1378125,,-4.64
3.36,0.525,FLP,FLP,-1.05,-2.1378125,,-4.72
3.4,0.525,FLP,FLP,-1.05,-2.1378125,,-4.8
3.44,0.525,FLP,FLP,-1.05,-2.1378125,,-4.88
3.48,0.525,FLP,FLP,-1.05,-2.1378125,,-4.96
3.52,0.525,FLP,FLP,-1.05,-2.1378125,,-5.04
3.56,0.525,FLP,FLP,-1.05,-2.1378125,,-5.12
3.6,0.525,FLP,FLP,-1.05,-2.1378125,,-5.2
3.64,0.525,FLP,FLP,-1.05,-2.1378125,,-5.28
3.68,0.525,FLP,FLP,-1.05,-2.1378125,,-5.36
3.72,0.525,FLP,FLP,-1.05,-2.1378125,,-5.44
3.76,0.525,FLP,FLP,-1.05,-2.1378125,,-5.52
3.8,0.525,FLP,FLP,-1.05,-2.1378125,,-5.6
3.84,0.525,FLP,FLP,-1.05,-2.1378125,,-5.68
3.88,0.525,FLP,FLP,-1.05,-2.1378125,,-5.76
3.92,0.525,FLP,FLP,-1.05,-2.1378125,,-5.84
3.96,0.525,FLP,FLP,-1.05,-2.1378125,,-5.92
4.0,0.525,FLP,FLP,-1.05,-2.1378125,,-6.0
0.0,0.56,CAF,CAF,-1.12,-2.1568,-1.0,2.0
0.04,0.56,CAF,CAF,-1.12,-2.1568,-1.0005333333333333,1.92
0.08,0.56,CAF,CAF,-1.12,-2.1568,-1.0021333333333333,1.84
0.12,0.56,CAF,CAF,-1.12,-2.1568,-1.0048,1.76
0.16,0.56,CAF,CAF,-1.12,-2.1568,-1.0085333333333333,1.68
0.2,0.56,CAF,CAF,-1.12,-2.1568,-1.0133333333333334,1.6
0.24,0.56,CAF,CAF,-1.12,-2.1568,-1.0192,1.52
0.28,0.56,CAF,CAF,-1.12,-2.1568,-1.0261333333333333,1.44
0.32,0.56,CAF,CAF,-1.12,-2.1568,-1.0341333333333333,1.3599999999999999
0.36,0.56,CAF,CAF,-1.12,-2.1568,-1.0432,1.28
0.4,0.56,CAF,CAF,-1.12,-2.1568,-1.0533333333333332,1.2
0.44,0.56,CAF,CAF,-1.12,-2.1568,-1.0645333333333333,1.12
0.48,0.56,CAF,CAF,-1.12,-2.1568,-1.0768,1.04
0.52,0.56,CAF,CAF,-1.12,-2.1568,-1.0901333333333334,0.96
0.56,0.56,CAF,CAF,-1.12,-2.1568,-1.1045333333333334,0.8799999999999999
0.6,0.56,CAF,CAF,-1.12,-2.1568,-1.12,0.8
0.64,0.56,CAF,CAF,-1.12,-2.1568,-1.1365333333333334,0.72
0.68,0.56,CAF,CAF,-1.12,-2.1568,-1.1541333333333335,0.6399999999999999
0.72,0.56,CAF,CAF,-1.12,-2.1568,-1.1728,0.56
0.76,0.56,CAF,CAF,-1.12,-2.1568,-1.1925333333333334,0.48
0.8,0.56,CAF,CAF,-1.12,-2.1568,-1.2133333333333334,0.3999999999999999
0.84,0.56,CAF,CAF,-1.12,-2.1568,-1.2351999999999999,0.32000000000000006
0.88,0.56,CAF,CAF,-1.12,-2.1568,-1.2581333333333333,0.24
0.92,0.56,CAF,CAF,-1.12,-2.1568,-1.2821333333333333,0.15999999999999992
0.96,0.56,CAF,CAF,-1.12,-2.1568,-1.3072,0.08000000000000007
1.0,0.56,CAF,CAF,-1.12,-2.1568,-1.3333333333333333,0.0
1.04,0.56,CAF,CAF,-1.12,-2.1568,-1.3605333333333334,-0.08000000000000007
1.08,0.56,CAF,CAF,-1.12,-2.1568,-1.3888,-0.16000000000000014
1.12,0.56,CAF,CAF,-1.12,-2.1568,-1.4181333333333335,-0.2400000000000002
1.16,0.56,CAF,CAF,-1.12,-2.1568,-1.4485333333333332,-0.31999999999999984
1.2,0.56,CAF,CAF,-1.12,-2.1568,-1.48,-0.3999999999999999
1.24,0.56,CAF,CAF,-1.12,-2.1568,-1.5125333333333333,-0.48
1.28,0.56,CAF,CAF,-1.12,-2.1568,-1.5461333333333334,-0.56
1.32,0.56,CAF,CAF,-1.12,-2.1568,-1.5808,-0.6400000000000001
1.36,0.56,CAF,CAF,-1.12,-2.1568,-1.6165333333333334,-0.7200000000000002
1.4,0.56,CAF,CAF,-1.12,-2.1568,-1.6533333333333333,-0.7999999999999998
1.44,0.56,CAF,CAF,-1.12,-2.1568,-1.6911999999999998,-0.8799999999999999
1.48,0.56,CAF,CAF,-1.12,-2.1568,-1.7301333333333333,-0.96
1.52,0.56,CAF,CAF,-1.12,-2.1568,-1.7701333333333333,-1.04
1.56,0.56,CAF,CAF,-1.12,-2.1568,-1.8112,-1.12
1.6,0.56,CAF,CAF,-1.12,-2.1568,-1.8533333333333335,-1.2000000000000002
1.64,0.56,CAF,CAF,-1.12,-2.1568,-1.8965333333333332,-1.2799999999999998
1.68,0.56,CAF,CAF,-1.12,-2.1568,-1.9407999999999999,-1.3599999999999999
1.72,0.56,CAF,CAF,-1.12,-2.1568,-1.986133333333333,-1.44
1.76,0.56,CAF,CAF,-1.12,-2.1568,-2.0325333333333333,-1.52
1.8,0.56,CAF,CAF,-1.12,-2.1568,-2.08,-1.6
1.84,0.56,CAF,CAF,-1.12,-2.1568,-2.1285333333333334,-1.6800000000000002
1.88,0.56,PLP,PLP,-1.12,-2.1568,-2.1781333333333333,-1.7599999999999998
1.92,0.56,PLP,PLP,-1.12,-2.1568,-2.2287999999999997,-1.8399999999999999
1.96,0.56,PLP,PLP,-1.12,-2.1568,-2.2805333333333335,-1.92
2.0,0.56,PLP,PLP,-1.12,-2.1568,-2.333333333333333,-2.0
2.04,0.56,PLP,PLP,-1.12,-2.1568,-2.3872,-2.08
2.08,0.56,PLP,PLP,-1.12,-2.1568,-2.4421333333333335,-2.16
2.12,0.56,PLP,PLP,-1.12,-2.1568,-2.4981333333333335,-2.24
2.16,0.56,PLP,PLP,-1.12,-2.1568,-2.5552,-2.3200000000000003
2.2,0.56,PLP,PLP,-1.12,-2.1568,-2.6133333333333333,-2.4000000000000004
2.24,0.56,PLP,PLP,-1.12,-2.1568,-2.672533333333334,-2.4800000000000004
2.28,0.56,PLP,PLP,-1.12,-2.1568,-2.7328,-2.5599999999999996
2.32,0.56,PLP,PLP,-1.12,-2.1568,-2.794133333333333,-2.6399999999999997
2.36,0.56,PLP,PLP,-1.12,-2.1568,-2.856533333333333,-2.7199999999999998
2.4,0.56,PLP,PLP,-1.12,-2.1568,-2.92,-2.8
2.44,0.56,PLP,PLP,-1.12,-2.1568,-2.9845333333333333,-2.88
2.48,0.56,PLP,PLP,-1.12,-2.1568,-3.0501333333333336,-2.96
2.52,0.56,PLP,PLP,-1.12,-2.1568,-3.1168,-3.04
2.56,0.56,PLP,PLP,-1.12,-2.1568,-3.1845333333333334,-3.12
2.6,0.56,PLP,PLP,-1.12,-2.1568,-3.2533333333333334,-3.2
2.64,0.56,PLP,PLP,-1.12,-2.1568,-3.3232000000000004,-3.2800000000000002
2.68,0.56,PLP,PLP,-1.12,-2.1568,-3.394133333333334,-3.3600000000000003
2.72,0.56,PLP,PLP,-1.12,-2.1568,-3.466133333333334,-3.4400000000000004
2.76,0.56,PLP,PLP,-1.12,-2.1568,-3.5391999999999997,-3.5199999999999996
2.8,0.56,PLP,PLP,-1.12,-2.1568,-3.613333333333333,-3.5999999999999996
2.84,0.56,PLP,PLP,-1.12,-2.1568,-3.6885333333333334,-3.6799999999999997
2.88,0.56,PLP,PLP,-1.12,-2.1568,-3.7647999999999997,-3.76
2.92,0.56,PLP,PLP,-1.12,-2.1568,-3.842133333333333,-3.84
2.96,0.56,PLP,PLP,-1.12,-2.1568,-3.920533333333333,-3.92
3.0,0.56,degenerate,PLP|FLP,-1.12,-2.1568,-4.0,-4.0
3.04,0.56,FLP,FLP,-1.12,-2.1568,,-4.08
3.08,0.56,FLP,FLP,-1.12,-2.1568,,-4.16
3.12,0.56,FLP,FLP,-1.12,-2.1568,,-4.24
3.16,0.56,FLP,FLP,-1.12,-2.1568,,-4.32
3.2,0.56,FLP,FLP,-1.12,-2.1568,,-4.4
3.24,0.56,FLP,FLP,-1.12,-2.1568,,-4.48
3.28,0.56,FLP,FLP,-1.12,-2.1568,,-4.56
3.32,0.56,FLP,FLP,-1.12,-2.1568,,-4.64
3.36,0.56,FLP,FLP,-1.12,-2.1568,,-4.72
3.4,0.56,FLP,FLP,-1.12,-2.1568,,-4.8
3.44,0.56,FLP,FLP,-1.12,-2.1568,,-4.88
3.48,0.56,FLP,FLP,-1.12,-2.1568,,-4.96
3.52,0.56,FLP,FLP,-1.12,-2.1568,,-5.04
3.56,0.56,FLP,FLP,-1.12,-2.1568,,-5.12
3.6,0.56,FLP,FLP,-1.12,-2.1568,,-5.2
3.64,0.56,FLP,FLP,-1.12,-2.1568,,-5.28
3.68,0.56,FLP,FLP,-1.12,-2.1568,,-5.36
3.72,0.56,FLP,FLP,-1.12,-2.1568,,-5.44
3.76,0.56,FLP,FLP,-1.12,-2.1568,,-5.52
3.8,0.56,FLP,FLP,-1.12,-2.1568,,-5.6
3.84,0.56,FLP,FLP,-1.12,-2.1568,,-5.68
3.88,0.56,FLP,FLP,-1.12,-2.1568,,-5.76
3.92,0.56,FLP,FLP,-1.12,-2.1568,,-5.84
3.96,0.56,FLP,FLP,-1.12,-2.1568,,-5.92
4.0,0.56,FLP,FLP,-1.12,-2.1568,,-6.0
0.0,0.595,CAF,CAF,-1.19,-2.1770125,-1.0,2.0
0.04,0.595,CAF,CAF,-1.19,-2.1770125,-1.0005333333333333,1.92
0.08,0.595,CAF,CAF,-1.19,-2.1770125,-1.0021333333333333,1.84
0.12,0.595,CAF,CAF,-1.19,-2.1770125,-1.0048,1.76
0.16,0.595,CAF,CAF,-1.19,-2.1770125,-1.0085333333333333,1.68
0.2,0.595,CAF,CAF,-1.19,-2.1770125,-1.0133333333333334,1.6
0.24,0.595,CAF,CAF,-1.19,-2.1770125,-1.0192,1.52
0.28,0.595,CAF,CAF,-1.19,-2.1770125,-1.0261333333333333,1.44
0.32,0.595,CAF,CAF,-1.19,-2.1770125,-1.0341333333333333,1.3599999999999999
0.36,0.595,CAF,CAF,-1.19,-2.1770125,-1.0432,1.28
0.4,0.595,CAF,CAF,-1.19,-2.1770125,-1.0533333333333332,1.2
0.44,0.595,CAF,CAF,-1.19,-2.1770125,-1.0645333333333333,1.12
0.48,0.595,CAF,CAF,-1.19,-2.1770125,-1.0768,1.04
0.52,0.595,CAF,CAF,-1.19,-2.1770125,-1.0901333333333334,0.96
0.56,0.595,CAF,CAF,-1.19,-2.1770125,-1.1045333333333334,0.8799999999999999
0.6,0.595,CAF,CAF,-1.19,-2.1770125,-1.12,0.8
0.64,0.595,CAF,CAF,-1.19,-2.1770125,-1.1365333333333334,0.72
0.68,0.595,CAF,CAF,-1.19,-2.1770125,-1.1541333333333335,0.6399999999999999
0.72,0.595,CAF,CAF,-1.19,-2.1770125,-1.1728,0.56
0.76,0.595,CAF,CAF,-1.19,-2.1770125,-1.1925333333333334,0.48
0.8,0.595,CAF,CAF,-1.19,-2.1770125,-1.2133333333333334,0.3999999999999999
0.84,0.595,CAF,CAF,-1.19,-2.1770125,-1.2351999999999999,0.32000000000000006
0.88,0.595,CAF,CAF,-1.19,-2.1770125,-1.2581333333333333,0.24
0.92,0.595,CAF,CAF,-1.19,-2.1770125,-1.2821333333333333,0.15999999999999992
0.96,0.595,CAF,CAF,-1.19,-2.1770125,-1.3072,0.08000000000000007
1.0,0.595,CAF,CAF,-1.19,-2.1770125,-1.3333333333333333,0.0
1.04,0.595,CAF,CAF,-1.19,-2.1770125,-1.3605333333333334,-0.08000000000000007
1.08,0.595,CAF,CAF,-1.19,-2.1770125,-1.3888,-0.16000000000000014
1.12,0.595,CAF,CAF,-1.19,-2.1770125,-1.4181333333333335,-0.2400000000000002
1.16,0.595,CAF,CAF,-1.19,-2.1770125,-1.4485333333333332,-0.31999999999999984
1.2,0.595,CAF,CAF,-1.19,-2.1770125,-1.48,-0.3999999999999999
1.24,0.595,CAF,CAF,-1.19,-2.1770125,-1.5125333333333333,-0.48
1.28,0.595,CAF,CAF,-1.19,-2.1770125,-1.5461333333333334,-0.56
1.32,0.595,CAF,CAF,-1.19,-2.1770125,-1.5808,-0.6400000000000001
1.36,0.595,CAF,CAF,-1.19,-2.1770125,-1.6165333333333334,-0.7200000000000002
1.4,0.595,CAF,CAF,-1.19,-2.1770125,-1.6533333333333333,-0.7999999999999998
1.44,0.595,CAF,CAF,-1.19,-2.1770125,-1.6911999999999998,-0.8799999999999999
1.48,0.595,CAF,CAF,-1.19,-2.1770125,-1.7301333333333333,-0.96
1.52,0.595,CAF,CAF,-1.19,-2.1770125,-1.7701333333333333,-1.04
1.56,0.595,CAF,CAF,-1.19,-2.1770125,-1.8112,-1.12
1.6,0.595,CAF,CAF,-1.19,-2.1770125,-1.8533333333333335,-1.2000000000000002
1.64,0.595,CAF,CAF,-1.19,-2.1770125,-1.8965333333333332,-1.2799999999999998
1.68,0.595,CAF,CAF,-1.19,-2.1770125,-1.9407999999999999,-1.3599999999999999
1.72,0.595,CAF,CAF,-1.19,-2.1770125,-1.986133333333333,-1.44
1.76,0.595,CAF,CAF,-1.19,-2.1770125,-2.0325333333333333,-1.52
1.8,0.595,CAF,CAF,-1.19,-2.1770125,-2.08,-1.6
1.84,0.595,CAF,CAF,-1.19,-2.1770125,-2.1285333333333334,-1.6800000000000002
1.88,0.595,PLP,PLP,-1.19,-2.1770125,-2.1781333333333333,-1.7599999999999998
1.92,0.595,PLP,PLP,-1.19,-2.1770125,-2.2287999999999997,-1.8399999999999999
1.96,0.595,PLP,PLP,-1.19,-2.1770125,-2.2805333333333335,-1.92
2.0,0.595,PLP,PLP,-1.19,-2.1770125,-2.333333333333333,-2.0
2.04,0.595,PLP,PLP,-1.19,-2.1770125,-2.3872,-2.08
2.08,0.595,PLP,PLP,-1.19,-2.1770125,-2.4421333333333335,-2.16
2.12,0.595,PLP,PLP,-1.19,-2.1770125,-2.4981333333333335,-2.24
2.16,0.595,PLP,PLP,-1.19,-2.1770125,-2.5552,-2.3200000000000003
2.2,0.595,PLP,PLP,-1.19,-2.1770125,-2.6133333333333333,-2.4000000000000004
2.24,0.595,PLP,PLP,-1.19,-2.1770125,-2.672533333333334,-2.4800000000000004
2.28,0.595,PLP,PLP,-1.19,-2.1770125,-2.7328,-2.5599999999999996
2.32,0.595,PLP,PLP,-1.19,-2.1770125,-2.794133333333333,-2.6399999999999997
2.36,0.595,PLP,PLP,-1.19,-2.1770125,-2.856533333333333,-2.7199999999999998
2.4,0.595,PLP,PLP,-1.19,-2.1770125,-2.92,-2.8
2.44,0.595,PLP,PLP,-1.19,-2.1770125,-2.9845333333333333,-2.88
2.48,0.595,PLP,PLP,-1.19,-2.1770125,-3.0501333333333336,-2.96
2.52,0.595,PLP,PLP,-1.19,-2.1770125,-3.1168,-3.04
2.56,0.595,PLP,PLP,-1.19,-2.1770125,-3.1845333333333334,-3.12
2.6,0.595,PLP,PLP,-1.19,-2.1770125,-3.2533333333333334,-3.2
2.64,0.595,PLP,PLP,-1.19,-2.1770125,-3.3232000000000004,-3.2800000000000002
2.68,0.595,PLP,PLP,-1.19,-2.1770125,-3.394133333333334,-3.3600000000000003
2.72,0.595,PLP,PLP,-1.19,-2.1770125,-3.466133333333334,-3.4400000000000004
2.76,0.595,PLP,PLP,-1.19,-2.1770125,-3.5391999999999997,-3.5199999999999996
2.8,0.595,PLP,PLP,-1.19,-2.1770125,-3.613333333333333,-3.5999999999999996
2.84,0.595,PLP,PLP,-1.19,-2.1770125,-3.6885333333333334,-3.6799999999999997
2.88,0.595,PLP,PLP,-1.19,-2.1770125,-3.7647999999999997,-3.76
2.92,0.595,PLP,PLP,-1.19,-2.1770125,-3.842133333333333,-3.84
2.96,0.595,PLP,PLP,-1.19,-2.1770125,-3.920533333333333,-3.92
3.0,0.595,degenerate,PLP|FLP,-1.19,-2.1770125,-4.0,-4.0
3.04,0.595,FLP,FLP,-1.19,-2.1770125,,-4.08
3.08,0.595,FLP,FLP,-1.19,-2.1770125,,-4.16
3.12,0.595,FLP,FLP,-1.19,-2.1770125,,-4.24
3.16,0.595,FLP,FLP,-1.19,-2.1770125,,-4.32
3.2,0.595,FLP,FLP,-1.19,-2.1770125,,-4.4
3.24,0.595,FLP,FLP,-1.19,-2.1770125,,-4.48
3.28,0.595,FLP,FLP,-1.19,-2.1770125,,-4.56
3.32,0.595,FLP,FLP,-1.19,-2.1770125,,-4.64
3.36,0.595,FLP,FLP,-1.19,-2.1770125,,-4.72
3.4,0.595,FLP,FLP,-1.19,-2.1770125,,-4.8
3.44,0.595,FLP,FLP,-1.19,-2.1770125,,-4.88
3.48,0.595,FLP,FLP,-1.19,-2.1770125,,-4.96
3.52,0.595,FLP,FLP,-1.19,-2.1770125,,-5.04
3.56,0.595,FLP,FLP,-1.19,-2.1770125,,-5.12
3.6,0.595,FLP,FLP,-1.19,-2.1770125,,-5.2
3.64,0.595,FLP,FLP,-1.19,-2.1770125,,-5.28
3.68,0.595,FLP,FLP,-1.19,-2.1770125,,-5.36
3.72,0.595,FLP,FLP,-1.19,-2.1770125,,-5.44
3.76,0.595,FLP,FLP,-1.19,-2.1770125,,-5.52
3.8,0.595,FLP,FLP,-1.19,-2.1770125,,-5.6
3.84,0.595,FLP,FLP,-1.19,-2.1770125,,-5.68
3.88,0.595,FLP,FLP,-1.19,-2.1770125,,-5.76
3.92,0.595,FLP,FLP,-1.19,-2.1770125,,-5.84
3.96,0.595,FLP,FLP,-1.19,-2.1770125,,-5.92
4.0,0.595,FLP,FLP,-1.19,-2.1770125,,-6.0
0.0,0.63,CAF,CAF,-1.26,-2.1984500000000002,-1.0,2.0
0.04,0.63,CAF,CAF,-1.26,-2.1984500000000002,-1.0005333333333333,1.92
0.08,0.63,CAF,CAF,-1.26,-2.1984500000000002,-1.0021333333333333,1.84
0.12,0.63,CAF,CAF,-1.26,-2.1984500000000002,-1.0048,1.76
0.16,0.63,CAF,CAF,-1.26,-2.1984500000000002,-1.0085333333333333,1.68
0.2,0.63,CAF,CAF,-1.26,-2.1984500000000002,-1.0133333333333334,1.6
0.24,0.63,CAF,CAF,-1.26,-2.1984500000000002,-1.0192,1.52
0.28,0.63,CAF,CAF,-1.26,-2.1984500000000002,-1.0261333333333333,1.44
0.32,0.63,CAF,CAF,-1.26,-2.1984500000000002,-1.0341333333333333,1.3599999999999999
0.36,0.63,CAF,CAF,-1.26,-2.1984500000000002,-1.0432,1.28
0.4,0.63,CAF,CAF,-1.26,-2.1984500000000002,-1.0533333333333332,1.2
0.44,0.63,CAF,CAF,-1.26,-2.1984500000000002,-1.0645333333333333,1.12
0.48,0.63,CAF,CAF,-1.26,-2.1984500000000002,-1.0768,1.04
0.52,0.63,CAF,CAF,-1.26,-2.1984500000000002,-1.0901333333333334,0.96
0.56,0.63,CAF,CAF,-1.26,-2.1984500000000002,-1.1045333333333334,0.8799999999999999
0.6,0.63,CAF,CAF,-1.26,-2.1984500000000002,-1.12,0.8
0.64,0.63,CAF,CAF,-1.26,-2.1984500000000002,-1.1365333333333334,0.72
0.68,0.63,CAF,CAF,-1.26,-2.1984500000000002,-1.1541333333333335,0.6399999999999999
0.72,0.63,CAF,CAF,-1.26,-2.1984500000000002,-1.1728,0.56
0.76,0.63,CAF,CAF,-1.26,-2.1984500000000002,-1.1925333333333334,0.48
0.8,0.63,CAF,CAF,-1.26,-2.1984500000000002,-1.2133333333333334,0.3999999999999999
0.84,0.63,CAF,CAF,-1.26,-2.1984500000000002,-1.2351999999999999,0.32000000000000006
0.88,0.63,CAF,CAF,-1.26,-2.1984500000000002,-1.2581333333333333,0.24
0.92,0.63,CAF,CAF,-1.26,-2.1984500000000002,-1.2821333333333333,0.15999999999999992
0.96,0.63,CAF,CAF,-1.26,-2.1984500000000002,-1.3072,0.08000000000000007
1.0,0.63,CAF,CAF,-1.26,-2.1984500000000002,-1.3333333333333333,0.0
1.04,0.63,CAF,CAF,-1.26,-2.1984500000000002,-1.3605333333333334,-0.08000000000000007
1.08,0.63,CAF,CAF,-1.26,-2.1984500000000002,-1.3888,-0.16000000000000014
1.12,0.63,CAF,CAF,-1.26,-2.1984500000000002,-1.4181333333333335,-0.2400000000000002
1.16,0.63,CAF,CAF,-1.26,-2.1984500000000002,-1.4485333333333332,-0.31999999999999984
1.2,0.63,CAF,CAF,-1.26,-2.1984500000000002,-1.48,-0.3999999999999999
1.24,0.63,CAF,CAF,-1.26,-2.1984500000000002,-1.5125333333333333,-0.48
1.28,0.63,CAF,CAF,-1.26,-2.1984500000000002,-1.5461333333333334,-0.56
1.32,0.63,CAF,CAF,-1.26,-2.1984500000000002,-1.5808,-0.6400000000000001
1.36,0.63,CAF,CAF,-1.26,-2.1984500000000002,-1.6165333333333334,-0.7200000000000002
1.4,0.63,CAF,CAF,-1.26,-2.1984500000000002,-1.6533333333333333,-0.7999999999999998
1.44,0.63,CAF,CAF,-1.26,-2.1984500000000002,-1.6911999999999998,-0.8799999999999999
1.48,0.63,CAF,CAF,-1.26,-2.1984500000000002,-1.7301333333333333,-0.96
1.52,0.63,CAF,CAF,-1.26,-2.1984500000000002,-1.7701333333333333,-1.04
1.56,0.63,CAF,CAF,-1.26,-2.1984500000000002,-1.8112,-1.12
1.6,0.63,CAF,CAF,-1.26,-2.1984500000000002,-1.8533333333333335,-1.2000000000000002
1.64,0.63,CAF,CAF,-1.26,-2.1984500000000002,-1.8965333333333332,-1.2799999999999998
1.68,0.63,CAF,CAF,-1.26,-2.1984500000000002,-1.9407999999999999,-1.3599999999999999
1.72,0.63,CAF,CAF,-1.26,-2.1984500000000002,-1.986133333333333,-1.44
1.76,0.63,CAF,CAF,-1.26,-2.1984500000000002,-2.0325333333333333,-1.52
1.8,0.63,CAF,CAF,-1.26,-2.1984500000000002,-2.08,-1.6
1.84,0.63,CAF,CAF,-1.26,-2.1984500000000002,-2.1285333333333334,-1.6800000000000002
1.88,0.63,CAF,CAF,-1.26,-2.1984500000000002,-2.1781333333333333,-1.7599999999999998
1.92,0.63,PLP,PLP,-1.26,-2.1984500000000002,-2.2287999999999997,-1.8399999999999999
1.96,0.63,PLP,PLP,-1.26,-2.1984500000000002,-2.2805333333333335,-1.92
2.0,0.63,PLP,PLP,-1.26,-2.1984500000000002,-2.333333333333333,-2.0
2.04,0.63,PLP,PLP,-1.26,-2.1984500000000002,-2.3872,-2.08
2.08,0.63,PLP,PLP,-1.26,-2.1984500000000002,-2.4421333333333335,-2.16
2.12,0.63,PLP,PLP,-1.26,-2.1984500000000002,-2.4981333333333335,-2.24
2.16,0.63,PLP,PLP,-1.26,-2.1984500000000002,-2.5552,-2.3200000000000003
2.2,0.63,PLP,PLP,-1.26,-2.1984500000000002,-2.6133333333333333,-2.4000000000000004
2.24,0.63,PLP,PLP,-1.26,-2.1984500000000002,-2.672533333333334,-2.4800000000000004
2.28,0.63,PLP,PLP,-1.26,-2.1984500000000002,-2.7328,-2.5599999999999996
2.32,0.63,PLP,PLP,-1.26,-2.1984500000000002,-2.794133333333333,-2.6399999999999997
2.36,0.63,PLP,PLP,-1.26,-2.1984500000000002,-2.856533333333333,-2.7199999999999998
2.4,0.63,PLP,PLP,-1.26,-2.1984500000000002,-2.92,-2.8
2.44,0.63,PLP,PLP,-1.26,-2.1984500000000002,-2.9845333333333333,-2.88
2.48,0.63,PLP,PLP,-1.26,-2.1984500000000002,-3.0501333333333336,-2.96
2.52,0.63,PLP,PLP,-1.26,-2.1984500000000002,-3.1168,-3.04
2.56,0.63,PLP,PLP,-1.26,-2.1984500000000002,-3.1845333333333334,-3.12
2.6,0.63,PLP,PLP,-1.26,-2.1984500000000002,-3.2533333333333334,-3.2
2.64,0.63,PLP,PLP,-1.26,-2.1984500000000002,-3.3232000000000004,-3.2800000000000002
2.68,0.63,PLP,PLP,-1.26,-2.1984500000000002,-3.394133333333334,-3.3600000000000003
2.72,0.63,PLP,PLP,-1.26,-2.1984500000000002,-3.466133333333334,-3.4400000000000004
2.76,0.63,PLP,PLP,-1.26,-2.1984500000000002,-3.5391999999999997,-3.5199999999999996
2.8,0.63,PLP,PLP,-1.26,-2.1984500000000002,-3.613333333333333,-3.5999999999999996
2.84,0.63,PLP,PLP,-1.26,-2.1984500000000002,-3.6885333333333334,-3.6799999999999997
2.88,0.63,PLP,PLP,-1.26,-2.1984500000000002,-3.7647999999999997,-3.76
2.92,0.63,PLP,PLP,-1.26,-2.1984500000000002,-3.842133333333333,-3.84
2.96,0.63,PLP,PLP,-1.26,-2.1984500000000002,-3.920533333333333,-3.92
3.0,0.63,degenerate,PLP|FLP,-1.26,-2.1984500000000002,-4.0,-4.0
3.04,0.63,FLP,FLP,-1.26,-2.1984500000000002,,-4.08
3.08,0.63,FLP,FLP,-1.26,-2.1984500000000002,,-4.16
3.12,0.63,FLP,FLP,-1.26,-2.1984500000000002,,-4.24
3.16,0.63,FLP,FLP,-1.26,-2.1984500000000002,,-4.32
3.2,0.63,FLP,FLP,-1.26,-2.1984500000000002,,-4.4
3.24,0.63,FLP,FLP,-1.26,-2.1984500000000002,,-4.48
3.28,0.63,FLP,FLP,-1.26,-2.1984500000000002,,-4.56
3.32,0.63,FLP,FLP,-1.26,-2.1984500000000002,,-4.64
3.36,0.63,FLP,FLP,-1.26,-2.1984500000000002,,-4.72
3.4,0.63,FLP,FLP,-1.26,-2.1984500000000002,,-4.8
3.44,0.63,FLP,FLP,-1.26,-2.1984500000000002,,-4.88
3.48,0.63,FLP,FLP,-1.26,-2.1984500000000002,,-4.96
3.52,0.63,FLP,FLP,-1.26,-2.1984500000000002,,-5.04
3.56,0.63,FLP,FLP,-1.26,-2.1984500000000002,,-5.12
3.6,0.63,FLP,FLP,-1.26,-2.1984500000000002,,-5.2
3.64,0.63,FLP,FLP,-1.26,-2.1984500000000002,,-5.28
3.68,0.63,FLP,FLP,-1.26,-2.1984500000000002,,-5.36
3.72,0.63,FLP,FLP,-1.26,-2.1984500000000002,,-5.44
3.76,0.63,FLP,FLP,-1.26,-2.1984500000000002,,-5.52
3.8,0.63,FLP,FLP,-1.26,-2.1984500000000002,,-5.6
3.84,0.63,FLP,FLP,-1.26,-2.1984500000000002,,-5.68
3.88,0.63,FLP,FLP,-1.26,-2.1984500000000002,,-5.76
3.92,0.63,FLP,FLP,-1.26,-2.1984500000000002,,-5.84
3.96,0.63,FLP,FLP,-1.26,-2.1984500000000002,,-5.92
4.0,0.63,FLP,FLP,-1.26,-2.1984500000000002,,-6.0
0.0,0.665,CAF,CAF,-1.33,-2.2211125,-1.0,2.0
0.04,0.665,CAF,CAF,-1.33,-2.2211125,-1.0005333333333333,1.92
0.08,0.665,CAF,CAF,-1.33,-2.2211125,-1.0021333333333333,1.84
0.12,0.665,CAF,CAF,-1.33,-2.2211125,-1.0048,1.76
0.16,0.665,CAF,CAF,-1.33,-2.2211125,-1.0085333333333333,1.68
0.2,0.665,CAF,CAF,-1.33,-2.2211125,-1.0133333333333334,1.6
0.24,0.665,CAF,CAF,-1.33,-2.2211125,-1.0192,1.52
0.28,0.665,CAF,CAF,-1.33,-2.2211125,-1.0261333333333333,1.44
0.32,0.665,CAF,CAF,-1.33,-2.2211125,-1.0341333333333333,1.3599999999999999
0.36,0.665,CAF,CAF,-1.33,-2.2211125,-1.0432,1.28
0.4,0.665,CAF,CAF,-1.33,-2.2211125,-1.0533333333333332,1.2
0.44,0.665,CAF,CAF,-1.33,-2.2211125,-1.0645333333333333,1.12
0.48,0.665,CAF,CAF,-1.33,-2.2211125,-1.0768,1.04
0.52,0.665,CAF,CAF,-1.33,-2.2211125,-1.0901333333333334,0.96
0.56,0.665,CAF,CAF,-1.33,-2.2211125,-1.1045333333333334,0.8799999999999999
0.6,0.665,CAF,CAF,-1.33,-2.2211125,-1.12,0.8
0.64,0.665,CAF,CAF,-1.33,-2.2211125,-1.1365333333333334,0.72
0.68,0.665,CAF,CAF,-1.33,-2.2211125,-1.1541333333333335,0.6399999999999999
0.72,0.665,CAF,CAF,-1.33,-2.2211125,-1.1728,0.56
0.76,0.665,CAF,CAF,-1.33,-2.2211125,-1.1925333333333334,0.48
0.8,0.665,CAF,CAF,-1.33,-2.2211125,-1.2133333333333334,0.3999999999999999
0.84,0.665,CAF,CAF,-1.33,-2.2211125,-1.2351999999999999,0.32000000000000006
0.88,0.665,CAF,CAF,-1.33,-2.2211125,-1.2581333333333333,0.24
0.92,0.665,CAF,CAF,-1.33,-2.2211125,-1.2821333333333333,0.15999999999999992
0.96,0.665,CAF,CAF,-1.33,-2.2211125,-1.3072,0.08000000000000007
1.0,0.665,CAF,CAF,-1.33,-2.2211125,-1.3333333333333333,0.0
1.04,0.665,CAF,CAF,-1.33,-2.2211125,-1.3605333333333334,-0.08000000000000007
1.08,0.665,CAF,CAF,-1.33,-2.2211125,-1.3888,-0.16000000000000014
1.12,0.665,CAF,CAF,-1.33,-2.2211125,-1.4181333333333335,-0.2400000000000002
1.16,0.665,CAF,CAF,-1.33,-2.2211125,-1.4485333333333332,-0.31999999999999984
1.2,0.665,CAF,CAF,-1.33,-2.2211125,-1.48,-0.3999999999999999
1.24,0.665,CAF,CAF,-1.33,-2.2211125,-1.5125333333333333,-0.48
1.28,0.665,CAF,CAF,-1.33,-2.2211125,-1.5461333333333334,-0.56
1.32,0.665,CAF,CAF,-1.33,-2.2211125,-1.5808,-0.6400000000000001
1.36,0.665,CAF,CAF,-1.33,-2.2211125,-1.6165333333333334,-0.7200000000000002
1.4,0.665,CAF,CAF,-1.33,-2.2211125,-1.6533333333333333,-0.7999999999999998
1.44,0.665,CAF,CAF,-1.33,-2.2211125,-1.6911999999999998,-0.8799999999999999
1.48,0.665,CAF,CAF,-1.33,-2.2211125,-1.7301333333333333,-0.96
1.52,0.665,CAF,CAF,-1.33,-2.2211125,-1.7701333333333333,-1.04
1.56,0.665,CAF,CAF,-1.33,-2.2211125,-1.8112,-1.12
1.6,0.665,CAF,CAF,-1.33,-2.2211125,-1.8533333333333335,-1.2000000000000002
1.64,0.665,CAF,CAF,-1.33,-2.2211125,-1.8965333333333332,-1.2799999999999998
1.68,0.665,CAF,CAF,-1.33,-2.2211125,-1.9407999999999999,-1.3599999999999999
1.72,0.665,CAF,CAF,-1.33,-2.2211125,-1.986133333333333,-1.44
1.76,0.665,CAF,CAF,-1.33,-2.2211125,-2.0325333333333333,-1.52
1.8,0.665,CAF,CAF,-1.33,-2.2211125,-2.08,-1.6
1.84,0.665,CAF,CAF,-1.33,-2.2211125,-2.1285333333333334,-1.6800000000000002
1.88,0.665,CAF,CAF,-1.33,-2.2211125,-2.1781333333333333,-1.7599999999999998
1.92,0.665,PLP,PLP,-1.33,-2.2211125,-2.2287999999999997,-1.8399999999999999
1.96,0.665,PLP,PLP,-1.33,-2.2211125,-2.2805333333333335,-1.92
2.0,0.665,PLP,PLP,-1.33,-2.2211125,-2.333333333333333,-2.0
2.04,0.665,PLP,PLP,-1.33,-2.2211125,-2.3872,-2.08
2.08,0.665,PLP,PLP,-1.33,-2.2211125,-2.4421333333333335,-2.16
2.12,0.665,PLP,PLP,-1.33,-2.2211125,-2.4981333333333335,-2.24
2.16,0.665,PLP,PLP,-1.33,-2.2211125,-2.5552,-2.3200000000000003
2.2,0.665,PLP,PLP,-1.33,-2.2211125,-2.6133333333333333,-2.4000000000000004
2.24,0.665,PLP,PLP,-1.33,-2.2211125,-2.672533333333334,-2.4800000000000004
2.28,0.665,PLP,PLP,-1.33,-2.2211125,-2.7328,-2.5599999999999996
2.32,0.665,PLP,PLP,-1.33,-2.2211125,-2.794133333333333,-2.6399999999999997
2.36,0.665,PLP,PLP,-1.33,-2.2211125,-2.856533333333333,-2.7199999999999998
2.4,0.665,PLP,PLP,-1.33,-2.2211125,-2.92,-2.8
2.44,0.665,PLP,PLP,-1.33,-2.2211125,-2.9845333333333333,-2.88
2.48,0.665,PLP,PLP,-1.33,-2.2211125,-3.0501333333333336,-2.96
2.52,0.665,PLP,PLP,-1.33,-2.2211125,-3.1168,-3.04
2.56,0.665,PLP,PLP,-1.33,-2.2211125,-3.1845333333333334,-3.12
2.6,0.665,PLP,PLP,-1.33,-2.2211125,-3.2533333333333334,-3.2
2.64,0.665,PLP,PLP,-1.33,-2.2211125,-3.3232000000000004,-3.2800000000000002
2.68,0.665,PLP,PLP,-1.33,-2.2211125,-3.394133333333334,-3.3600000000000003
2.72,0.665,PLP,PLP,-1.33,-2.2211125,-3.466133333333334,-3.4400000000000004
2.76,0.665,PLP,PLP,-1.33,-2.2211125,-3.5391999999999997,-3.5199999999999996
2.8,0.665,PLP,PLP,-1.33,-2.2211125,-3.613333333333333,-3.5999999999999996
2.84,0.665,PLP,PLP,-1.33,-2.2211125,-3.6885333333333334,-3.6799999999999997
2.88,0.665,PLP,PLP,-1.33,-2.2211125,-3.7647999999999997,-3.76
2.92,0.665,PLP,PLP,-1.33,-2.2211125,-3.842133333333333,-3.84
2.96,0.665,PLP,PLP,-1.33,-2.2211125,-3.920533333333333,-3.92
3.0,0.665,degenerate,PLP|FLP,-1.33,-2.2211125,-4.0,-4.0
3.04,0.665,FLP,FLP,-1.33,-2.2211125,,-4.08
3.08,0.665,FLP,FLP,-1.33,-2.2211125,,-4.16
3.12,0.665,FLP,FLP,-1.33,-2.2211125,,-4.24
3.16,0.665,FLP,FLP,-1.33,-2.2211125,,-4.32
3.2,0.665,FLP,FLP,-1.33,-2.2211125,,-4.4
3.24,0.665,FLP,FLP,-1.33,-2.2211125,,-4.48
3.28,0.665,FLP,FLP,-1.33,-2.2211125,,-4.56
3.32,0.665,FLP,FLP,-1.33,-2.2211125,,-4.64
3.36,0.665,FLP,FLP,-1.33,-2.2211125,,-4.72
3.4,0.665,FLP,FLP,-1.33,-2.2211125,,-4.8
3.44,0.665,FLP,FLP,-1.33,-2.2211125,,-4.88
3.48,0.665,FLP,FLP,-1.33,-2.2211125,,-4.96
3.52,0.665,FLP,FLP,-1.33,-2.2211125,,-5.04
3.56,0.665,FLP,FLP,-1.33,-2.2211125,,-5.12
3.6,0.665,FLP,FLP,-1.33,-2.2211125,,-5.2
3.64,0.665,FLP,FLP,-1.33,-2.2211125,,-5.28
3.68,0.665,FLP,FLP,-1.33,-2.2211125,,-5.36
3.72,0.665,FLP,FLP,-1.33,-2.2211125,,-5.44
3.76,0.665,FLP,FLP,-1.33,-2.2211125,,-5.52
3.8,0.665,FLP,FLP,-1.33,-2.2211125,,-5.6
3.84,0.665,FLP,FLP,-1.33,-2.2211125,,-5.68
3.88,0.665,FLP,FLP,-1.33,-2.2211125,,-5.76
3.92,0.665,FLP,FLP,-1.33,-2.2211125,,-5.84
3.96,0.665,FLP,FLP,-1.33,-2.2211125,,-5.92
4.0,0.665,FLP,FLP,-1.33,-2.2211125,,-6.0
0.0,0.7,CAF,CAF,-1.4,-2.245,-1.0,2.0
0.04,0.7,CAF,CAF,-1.4,-2.245,-1.0005333333333333,1.92
0.08,0.7,CAF,CAF,-1.4,-2.245,-1.0021333333333333,1.84
0.12,0.7,CAF,CAF,-1.4,-2.245,-1.0048,1.76
0.16,0.7,CAF,CAF,-1.4,-2.245,-1.0085333333333333,1.68
0.2,0.7,CAF,CAF,-1.4,-2.245,-1.0133333333333334,1.6
0.24,0.7,CAF,CAF,-1.4,-2.245,-1.0192,1.52
0.28,0.7,CAF,CAF,-1.4,-2.245,-1.0261333333333333,1.44
0.32,0.7,CAF,CAF,-1.4,-2.245,-1.0341333333333333,1.3599999999999999
0.36,0.7,CAF,CAF,-1.4,-2.245,-1.0432,1.28
0.4,0.7,CAF,CAF,-1.4,-2.245,-1.0533333333333332,1.2
0.44,0.7,CAF,CAF,-1.4,-2.245,-1.0645333333333333,1.12
0.48,0.7,CAF,CAF,-1.4,-2.245,-1.0768,1.04
0.52,0.7,CAF,CAF,-1.4,-2.245,-1.0901333333333334,0.96
0.56,0.7,CAF,CAF,-1.4,-2.245,-1.1045333333333334,0.8799999999999999
0.6,0.7,CAF,CAF,-1.4,-2.245,-1.12,0.8
0.64,0.7,CAF,CAF,-1.4,-2.245,-1.1365333333333334,0.72
0.68,0.7,CAF,CAF,-1.4,-2.245,-1.1541333333333335,0.6399999999999999
0.72,0.7,CAF,CAF,-1.4,-2.245,-1.1728,0.56
0.76,0.7,CAF,CAF,-1.4,-2.245,-1.1925333333333334,0.48
0.8,0.7,CAF,CAF,-1.4,-2.245,-1.2133333333333334,0.3999999999999999
0.84,0.7,CAF,CAF,-1.4,-2.245,-1.2351999999999999,0.32000000000000006
0.88,0.7,CAF,CAF,-1.4,-2.245,-1.2581333333333333,0.24
0.92,0.7,CAF,CAF,-1.4,-2.245,-1.2821333333333333,0.15999999999999992
0.96,0.7,CAF,CAF,-1.4,-2.245,-1.3072,0.08000000000000007
1.0,0.7,CAF,CAF,-1.4,-2.245,-1.3333333333333333,0.0
1.04,0.7,CAF,CAF,-1.4,-2.245,-1.3605333333333334,-0.08000000000000007
1.08,0.7,CAF,CAF,-1.4,-2.245,-1.3888,-0.16000000000000014
1.12,0.7,CAF,CAF,-1.4,-2.245,-1.4181333333333335,-0.2400000000000002
1.16,0.7,CAF,CAF,-1.4,-2.245,-1.4485333333333332,-0.31999999999999984
1.2,0.7,CAF,CAF,-1.4,-2.245,-1.48,-0.3999999999999999
1.24,0.7,CAF,CAF,-1.4,-2.245,-1.5125333333333333,-0.48
1.28,0.7,CAF,CAF,-1.4,-2.245,-1.5461333333333334,-0.56
1.32,0.7,CAF,CAF,-1.4,-2.245,-1.5808,-0.6400000000000001
1.36,0.7,CAF,CAF,-1.4,-2.245,-1.6165333333333334,-0.7200000000000002
1.4,0.7,CAF,CAF,-1.4,-2.245,-1.6533333333333333,-0.7999999999999998
1.44,0.7,CAF,CAF,-1.4,-2.245,-1.6911999999999998,-0.8799999999999999
1.48,0.7,CAF,CAF,-1.4,-2.245,-1.7301333333333333,-0.96
1.52,0.7,CAF,CAF,-1.4,-2.245,-1.7701333333333333,-1.04
1.56,0.7,CAF,CAF,-1.4,-2.245,-1.8112,-1.12
1.6,0.7,CAF,CAF,-1.4,-2.245,-1.8533333333333335,-1.2000000000000002
1.64,0.7,CAF,CAF,-1.4,-2.245,-1.8965333333333332,-1.2799999999999998
1.68,0.7,CAF,CAF,-1.4,-2.245,-1.9407999999999999,-1.3599999999999999
1.72,0.7,CAF,CAF,-1.4,-2.245,-1.986133333333333,-1.44
1.76,0.7,CAF,CAF,-1.4,-2.245,-2.0325333333333333,-1.52
1.8,0.7,CAF,CAF,-1.4,-2.245,-2.08,-1.6
1.84,0.7,CAF,CAF,-1.4,-2.245,-2.1285333333333334,-1.6800000000000002
1.88,0.7,CAF,CAF,-1.4,-2.245,-2.1781333333333333,-1.7599999999999998
1.92,0.7,CAF,CAF,-1.4,-2.245,-2.2287999999999997,-1.8399999999999999
1.96,0.7,PLP,PLP,-1.4,-2.245,-2.2805333333333335,-1.92
2.0,0.7,PLP,PLP,-1.4,-2.245,-2.333333333333333,-2.0
2.04,0.7,PLP,PLP,-1.4,-2.245,-2.3872,-2.08
2.08,0.7,PLP,PLP,-1.4,-2.245,-2.4421333333333335,-2.16
2.12,0.7,PLP,PLP,-1.4,-2.245,-2.4981333333333335,-2.24
2.16,0.7,PLP,PLP,-1.4,-2.245,-2.5552,-2.3200000000000003
2.2,0.7,PLP,PLP,-1.4,-2.245,-2.6133333333333333,-2.4000000000000004
2.24,0.7,PLP,PLP,-1.4,-2.245,-2.672533333333334,-2.4800000000000004
2.28,0.7,PLP,PLP,-1.4,-2.245,-2.7328,-2.5599999999999996
2.32,0.7,PLP,PLP,-1.4,-2.245,-2.794133333333333,-2.6399999999999997
2.36,0.7,PLP,PLP,-1.4,-2.245,-2.856533333333333,-2.7199999999999998
2.4,0.7,PLP,PLP,-1.4,-2.245,-2.92,-2.8
2.44,0.7,PLP,PLP,-1.4,-2.245,-2.9845333333333333,-2.88
2.48,0.7,PLP,PLP,-1.4,-2.245,-3.0501333333333336,-2.96
2.52,0.7,PLP,PLP,-1.4,-2.245,-3.1168,-3.04
2.56,0.7,PLP,PLP,-1.4,-2.245,-3.1845333333333334,-3.12
2.6,0.7,PLP,PLP,-1.4,-2.245,-3.2533333333333334,-3.2
2.64,0.7,PLP,PLP,-1.4,-2.245,-3.3232000000000004,-3.2800000000000002
2.68,0.7,PLP,PLP,-1.4,-2.245,-3.394133333333334,-3.3600000000000003
2.72,0.7,PLP,PLP,-1.4,-2.245,-3.466133333333334,-3.4400000000000004
2.76,0.7,PLP,PLP,-1.4,-2.245,-3.5391999999999997,-3.5199999999999996
2.8,0.7,PLP,PLP,-1.4,-2.245,-3.613333333333333,-3.5999999999999996
2.84,0.7,PLP,PLP,-1.4,-2.245,-3.6885333333333334,-3.6799999999999997
2.88,0.7,PLP,PLP,-1.4,-2.245,-3.7647999999999997,-3.76
2.92,0.7,PLP,PLP,-1.4,-2.245,-3.842133333333333,-3.84
2.96,0.7,PLP,PLP,-1.4,-2.245,-3.920533333333333,-3.92
3.0,0.7,degenerate,PLP|FLP,-1.4,-2.245,-4.0,-4.0
3.04,0.7,FLP,FLP,-1.4,-2.245,,-4.08
3.08,0.7,FLP,FLP,-1.4,-2.245,,-4.16
3.12,0.7,FLP,FLP,-1.4,-2.245,,-4.24
3.16,0.7,FLP,FLP,-1.4,-2.245,,-4.32
3.2,0.7,FLP,FLP,-1.4,-2.245,,-4.4
3.24,0.7,FLP,FLP,-1.4,-2.245,,-4.48
3.28,0.7,FLP,FLP,-1.4,-2.245,,-4.56
3.32,0.7,FLP,FLP,-1.4,-2.245,,-4.64
3.36,0.7,FLP,FLP,-1.4,-2.245,,-4.72
3.4,0.7,FLP,FLP,-1.4,-2.245,,-4.8
3.44,0.7,FLP,FLP,-1.4,-2.245,,-4.88
3.48,0.7,FLP,FLP,-1.4,-2.245,,-4.96
3.52,0.7,FLP,FLP,-1.4,-2.245,,-5.04
3.56,0.7,FLP,FLP,-1.4,-2.245,,-5.12
3.6,0.7,FLP,FLP,-1.4,-2.245,,-5.2
3.64,0.7,FLP,FLP,-1.4,-2.245,,-5.28
3.68,0.7,FLP,FLP,-1.4,-2.245,,-5.36
3.72,0.7,FLP,FLP,-1.4,-2.245,,-5.44
3.76,0.7,FLP,FLP,-1.4,-2.245,,-5.52
3.8,0.7,FLP,FLP,-1.4,-2.245,,-5.6
3.84,0.7,FLP,FLP,-1.4,-2.245,,-5.68
3.88,0.7,FLP,FLP,-1.4,-2.245,,-5.76
3.92,0.7,FLP,FLP,-1.4,-2.245,,-5.84
3.96,0.7,FLP,FLP,-1.4,-2.245,,-5.92
4.0,0.7,FLP,FLP,-1.4,-2.245,,-6.0
0.0,0.735,CAF,CAF,-1.47,-2.2701124999999998,-1.0,2.0
0.04,0.735,CAF,CAF,-1.47,-2.2701124999999998,-1.0005333333333333,1.92
0.08,0.735,CAF,CAF,-1.47,-2.2701124999999998,-1.0021333333333333,1.84
0.12,0.735,CAF,CAF,-1.47,-2.2701124999999998,-1.0048,1.76
0.16,0.735,CAF,CAF,-1.47,-2.2701124999999998,-1.0085333333333333,1.68
0.2,0.735,CAF,CAF,-1.47,-2.2701124999999998,-1.0133333333333334,1.6
0.24,0.735,CAF,CAF,-1.47,-2.2701124999999998,-1.0192,1.52
0.28,0.735,CAF,CAF,-1.47,-2.2701124999999998,-1.0261333333333333,1.44
0.32,0.735,CAF,CAF,-1.47,-2.2701124999999998,-1.0341333333333333,1.3599999999999999
0.36,0.735,CAF,CAF,-1.47,-2.2701124999999998,-1.0432,1.28
0.4,0.735,CAF,CAF,-1.47,-2.2701124999999998,-1.0533333333333332,1.2
0.44,0.735,CAF,CAF,-1.47,-2.2701124999999998,-1.0645333333333333,1.12
0.48,0.735,CAF,CAF,-1.47,-2.2701124999999998,-1.0768,1.04
0.52,0.735,CAF,CAF,-1.47,-2.2701124999999998,-1.0901333333333334,0.96
0.56,0.735,CAF,CAF,-1.47,-2.2701124999999998,-1.1045333333333334,0.8799999999999999
0.6,0.735,CAF,CAF,-1.47,-2.2701124999999998,-1.12,0.8
0.64,0.735,CAF,CAF,-1.47,-2.2701124999999998,-1.1365333333333334,0.72
0.68,0.735,CAF,CAF,-1.47,-2.2701124999999998,-1.1541333333333335,0.6399999999999999
0.72,0.735,CAF,CAF,-1.47,-2.2701124999999998,-1.1728,0.56
0.76,0.735,CAF,CAF,-1.47,-2.2701124999999998,-1.1925333333333334,0.48
0.8,0.735,CAF,CAF,-1.47,-2.2701124999999998,-1.2133333333333334,0.3999999999999999
0.84,0.735,CAF,CAF,-1.47,-2.2701124999999998,-1.2351999999999999,0.32000000000000006
0.88,0.735,CAF,CAF,-1.47,-2.2701124999999998,-1.2581333333333333,0.24
0.92,0.735,CAF,CAF,-1.47,-2.2701124999999998,-1.2821333333333333,0.15999999999999992
0.96,0.735,CAF,CAF,-1.47,-2.2701124999999998,-1.3072,0.08000000000000007
1.0,0.735,CAF,CAF,-1.47,-2.2701124999999998,-1.3333333333333333,0.0
1.04,0.735,CAF,CAF,-1.47,-2.2701124999999998,-1.3605333333333334,-0.08000000000000007
1.08,0.735,CAF,CAF,-1.47,-2.2701124999999998,-1.3888,-0.16000000000000014
1.12,0.735,CAF,CAF,-1.47,-2.2701124999999998,-1.4181333333333335,-0.2400000000000002
1.16,0.735,CAF,CAF,-1.47,-2.2701124999999998,-1.4485333333333332,-0.31999999999999984
1.2,0.735,CAF,CAF,-1.47,-2.2701124999999998,-1.48,-0.3999999999999999
1.24,0.735,CAF,CAF,-1.47,-2.2701124999999998,-1.5125333333333333,-0.48
1.28,0.735,CAF,CAF,-1.47,-2.2701124999999998,-1.5461333333333334,-0.56
1.32,0.735,CAF,CAF,-1.47,-2.2701124999999998,-1.5808,-0.6400000000000001
1.36,0.735,CAF,CAF,-1.47,-2.2701124999999998,-1.6165333333333334,-0.7200000000000002
1.4,0.735,CAF,CAF,-1.47,-2.2701124999999998,-1.6533333333333333,-0.7999999999999998
1.44,0.735,CAF,CAF,-1.47,-2.2701124999999998,-1.6911999999999998,-0.8799999999999999
1.48,0.735,CAF,CAF,-1.47,-2.2701124999999998,-1.7301333333333333,-0.96
1.52,0.735,CAF,CAF,-1.47,-2.2701124999999998,-1.7701333333333333,-1.04
1.56,0.735,CAF,CAF,-1.47,-2.2701124999999998,-1.8112,-1.12
1.6,0.735,CAF,CAF,-1.47,-2.2701124999999998,-1.8533333333333335,-1.2000000000000002
1.64,0.735,CAF,CAF,-1.47,-2.2701124999999998,-1.8965333333333332,-1.2799999999999998
1.68,0.735,CAF,CAF,-1.47,-2.2701124999999998,-1.9407999999999999,-1.3599999999999999
1.72,0.735,CAF,CAF,-1.47,-2.2701124999999998,-1.986133333333333,-1.44
1.76,0.735,CAF,CAF,-1.47,-2.2701124999999998,-2.0325333333333333,-1.52
1.8,0.735,CAF,CAF,-1.47,-2.2701124999999998,-2.08,-1.6
1.84,0.735,CAF,CAF,-1.47,-2.2701124999999998,-2.1285333333333334,-1.6800000000000002
1.88,0.735,CAF,CAF,-1.47,-2.2701124999999998,-2.1781333333333333,-1.7599999999999998
1.92,0.735,CAF,CAF,-1.47,-2.2701124999999998,-2.2287999999999997,-1.8399999999999999
1.96,0.735,PLP,PLP,-1.47,-2.2701124999999998,-2.2805333333333335,-1.92
2.0,0.735,PLP,PLP,-1.47,-2.2701124999999998,-2.333333333333333,-2.0
2.04,0.735,PLP,PLP,-1.47,-2.2701124999999998,-2.3872,-2.08
2.08,0.735,PLP,PLP,-1.47,-2.2701124999999998,-2.4421333333333335,-2.16
2.12,0.735,PLP,PLP,-1.47,-2.2701124999999998,-2.4981333333333335,-2.24
2.16,0.735,PLP,PLP,-1.47,-2.2701124999999998,-2.5552,-2.3200000000000003
2.2,0.735,PLP,PLP,-1.47,-2.2701124999999998,-2.6133333333333333,-2.4000000000000004
2.24,0.735,PLP,PLP,-1.47,-2.2701124999999998,-2.672533333333334,-2.4800000000000004
2.28,0.735,PLP,PLP,-1.47,-2.2701124999999998,-2.7328,-2.5599999999999996
2.32,0.735,PLP,PLP,-1.47,-2.2701124999999998,-2.794133333333333,-2.6399999999999997
2.36,0.735,PLP,PLP,-1.47,-2.2701124999999998,-2.856533333333333,-2.7199999999999998
2.4,0.735,PLP,PLP,-1.47,-2.2701124999999998,-2.92,-2.8
2.44,0.735,PLP,PLP,-1.47,-2.2701124999999998,-2.9845333333333333,-2.88
2.48,0.735,PLP,PLP,-1.47,-2.2701124999999998,-3.0501333333333336,-2.96
2.52,0.735,PLP,PLP,-1.47,-2.2701124999999998,-3.1168,-3.04
2.56,0.735,PLP,PLP,-1.47,-2.2701124999999998,-3.1845333333333334,-3.12
2.6,0.735,PLP,PLP,-1.47,-2.2701124999999998,-3.2533333333333334,-3.2
2.64,0.735,PLP,PLP,-1.47,-2.2701124999999998,-3.3232000000000004,-3.2800000000000002
2.68,0.735,PLP,PLP,-1.47,-2.2701124999999998,-3.394133333333334,-3.3600000000000003
2.72,0.735,PLP,PLP,-1.47,-2.2701124999999998,-3.466133333333334,-3.4400000000000004
2.76,0.735,PLP,PLP,-1.47,-2.2701124999999998,-3.5391999999999997,-3.5199999999999996
2.8,0.735,PLP,PLP,-1.47,-2.2701124999999998,-3.613333333333333,-3.5999999999999996
2.84,0.735,PLP,PLP,-1.47,-2.2701124999999998,-3.6885333333333334,-3.6799999999999997
2.88,0.735,PLP,PLP,-1.47,-2.2701124999999998,-3.7647999999999997,-3.76
2.92,0.735,PLP,PLP,-1.47,-2.2701124999999998,-3.842133333333333,-3.84
2.96,0.735,PLP,PLP,-1.47,-2.2701124999999998,-3.920533333333333,-3.92
3.0,0.735,degenerate,PLP|FLP,-1.47,-2.2701124999999998,-4.0,-4.0
3.04,0.735,FLP,FLP,-1.47,-2.2701124999999998,,-4.08
3.08,0.735,FLP,FLP,-1.47,-2.2701124999999998,,-4.16
3.12,0.735,FLP,FLP,-1.47,-2.2701124999999998,,-4.24
3.16,0.735,FLP,FLP,-1.47,-2.2701124999999998,,-4.32
3.2,0.735,FLP,FLP,-1.47,-2.2701124999999998,,-4.4
3.24,0.735,FLP,FLP,-1.47,-2.2701124999999998,,-4.48
3.28,0.735,FLP,FLP,-1.47,-2.2701124999999998,,-4.56
3.32,0.735,FLP,FLP,-1.47,-2.2701124999999998,,-4.64
3.36,0.735,FLP,FLP,-1.47,-2.2701124999999998,,-4.72
3.4,0.735,FLP,FLP,-1.47,-2.2701124999999998,,-4.8
3.44,0.735,FLP,FLP,-1.47,-2.2701124999999998,,-4.88
3.48,0.735,FLP,FLP,-1.47,-2.2701124999999998,,-4.96
3.52,0.735,FLP,FLP,-1.47,-2.2701124999999998,,-5.04
3.56,0.735,FLP,FLP,-1.47,-2.2701124999999998,,-5.12
3.6,0.735,FLP,FLP,-1.47,-2.2701124999999998,,-5.2
3.64,0.735,FLP,FLP,-1.47,-2.2701124999999998,,-5.28
3.68,0.735,FLP,FLP,-1.47,-2.2701124999999998,,-5.36
3.72,0.735,FLP,FLP,-1.47,-2.2701124999999998,,-5.44
3.76,0.735,FLP,FLP,-1.47,-2.2701124999999998,,-5.52
3.8,0.735,FLP,FLP,-1.47,-2.2701124999999998,,-5.6
3.84,0.735,FLP,FLP,-1.47,-2.2701124999999998,,-5.68
3.88,0.735,FLP,FLP,-1.47,-2.2701124999999998,,-5.76
3.92,0.735,FLP,FLP,-1.47,-2.2701124999999998,,-5.84
3.96,0.735,FLP,FLP,-1.47,-2.2701124999999998,,-5.92
4.0,0.735,FLP,FLP,-1.47,-2.2701124999999998,,-6.0
0.0,0.77,CAF,CAF,-1.54,-2.29645,-1.0,2.0
0.04,0.77,CAF,CAF,-1.54,-2.29645,-1.0005333333333333,1.92
0.08,0.77,CAF,CAF,-1.54,-2.29645,-1.0021333333333333,1.84
0.12,0.77,CAF,CAF,-1.54,-2.29645,-1.0048,1.76
0.16,0.77,CAF,CAF,-1.54,-2.29645,-1.0085333333333333,1.68
0.2,0.77,CAF,CAF,-1.54,-2.29645,-1.0133333333333334,1.6
0.24,0.77,CAF,CAF,-1.54,-2.29645,-1.0192,1.52
0.28,0.77,CAF,CAF,-1.54,-2.29645,-1.0261333333333333,1.44
0.32,0.77,CAF,CAF,-1.54,-2.29645,-1.0341333333333333,1.3599999999999999
0.36,0.77,CAF,CAF,-1.54,-2.29645,-1.0432,1.28
0.4,0.77,CAF,CAF,-1.54,-2.29645,-1.0533333333333332,1.2
0.44,0.77,CAF,CAF,-1.54,-2.29645,-1.0645333333333333,1.12
0.48,0.77,CAF,CAF,-1.54,-2.29645,-1.0768,1.04
0.52,0.77,CAF,CAF,-1.54,-2.29645,-1.0901333333333334,0.96
0.56,0.77,CAF,CAF,-1.54,-2.29645,-1.1045333333333334,0.8799999999999999
0.6,0.77,CAF,CAF,-1.54,-2.29645,-1.12,0.8
0.64,0.77,CAF,CAF,-1.54,-2.29645,-1.1365333333333334,0.72
0.68,0.77,CAF,CAF,-1.54,-2.29645,-1.1541333333333335,0.6399999999999999
0.72,0.77,CAF,CAF,-1.54,-2.29645,-1.1728,0.56
0.76,0.77,CAF,CAF,-1.54,-2.29645,-1.1925333333333334,0.48
0.8,0.77,CAF,CAF,-1.54,-2.29645,-1.2133333333333334,0.3999999999999999
0.84,0.77,CAF,CAF,-1.54,-2.29645,-1.2351999999999999,0.32000000000000006
0.88,0.77,CAF,CAF,-1.54,-2.29645,-1.2581333333333333,0.24
0.92,0.77,CAF,CAF,-1.54,-2.29645,-1.2821333333333333,0.15999999999999992
0.96,0.77,CAF,CAF,-1.54,-2.29645,-1.3072,0.08000000000000007
1.0,0.77,CAF,CAF,-1.54,-2.29645,-1.3333333333333333,0.0
1.04,0.77,CAF,CAF,-1.54,-2.29645,-1.3605333333333334,-0.08000000000000007
1.08,0.77,CAF,CAF,-1.54,-2.29645,-1.3888,-0.16000000000000014
1.12,0.77,CAF,CAF,-1.54,-2.29645,-1.4181333333333335,-0.2400000000000002
1.16,0.77,CAF,CAF,-1.54,-2.29645,-1.4485333333333332,-0.31999999999999984
1.2,0.77,CAF,CAF,-1.54,-2.29645,-1.48,-0.3999999999999999
1.24,0.77,CAF,CAF,-1.54,-2.29645,-1.5125333333333333,-0.48
1.28,0.77,CAF,CAF,-1.54,-2.29645,-1.5461333333333334,-0.56
1.32,0.77,CAF,CAF,-1.54,-2.29645,-1.5808,-0.6400000000000001
1.36,0.77,CAF,CAF,-1.54,-2.29645,-1.6165333333333334,-0.7200000000000002
1.4,0.77,CAF,CAF,-1.54,-2.29645,-1.6533333333333333,-0.7999999999999998
1.44,0.77,CAF,CAF,-1.54,-2.29645,-1.6911999999999998,-0.8799999999999999
1.48,0.77,CAF,CAF,-1.54,-2.29645,-1.7301333333333333,-0.96
1.52,0.77,CAF,CAF,-1.54,-2.29645,-1.7701333333333333,-1.04
1.56,0.77,CAF,CAF,-1.54,-2.29645,-1.8112,-1.12
1.6,0.77,CAF,CAF,-1.54,-2.29645,-1.8533333333333335,-1.2000000000000002
1.64,0.77,CAF,CAF,-1.54,-2.29645,-1.8965333333333332,-1.2799999999999998
1.68,0.77,CAF,CAF,-1.54,-2.29645,-1.9407999999999999,-1.3599999999999999
1.72,0.77,CAF,CAF,-1.54,-2.29645,-1.986133333333333,-1.44
1.76,0.77,CAF,CAF,-1.54,-2.29645,-2.0325333333333333,-1.52
1.8,0.77,CAF,CAF,-1.54,-2.29645,-2.08,-1.6
1.84,0.77,CAF,CAF,-1.54,-2.29645,-2.1285333333333334,-1.6800000000000002
1.88,0.77,CAF,CAF,-1.54,-2.29645,-2.1781333333333333,-1.7599999999999998
1.92,0.77,CAF,CAF,-1.54,-2.29645,-2.2287999999999997,-1.8399999999999999
1.96,0.77,CAF,CAF,-1.54,-2.29645,-2.2805333333333335,-1.92
2.0,0.77,PLP,PLP,-1.54,-2.29645,-2.333333333333333,-2.0
2.04,0.77,PLP,PLP,-1.54,-2.29645,-2.3872,-2.08
2.08,0.77,PLP,PLP,-1.54,-2.29645,-2.4421333333333335,-2.16
2.12,0.77,PLP,PLP,-1.54,-2.29645,-2.4981333333333335,-2.24
2.16,0.77,PLP,PLP,-1.54,-2.29645,-2.5552,-2.3200000000000003
2.2,0.77,PLP,PLP,-1.54,-2.29645,-2.6133333333333333,-2.4000000000000004
2.24,0.77,PLP,PLP,-1.54,-2.29645,-2.672533333333334,-2.4800000000000004
2.28,0.77,PLP,PLP,-1.54,-2.29645,-2.7328,-2.5599999999999996
2.32,0.77,PLP,PLP,-1.54,-2.29645,-2.794133333333333,-2.6399999999999997
2.36,0.77,PLP,PLP,-1.54,-2.29645,-2.856533333333333,-2.7199999999999998
2.4,0.77,PLP,PLP,-1.54,-2.29645,-2.92,-2.8
2.44,0.77,PLP,PLP,-1.54,-2.29645,-2.9845333333333333,-2.88
2.48,0.77,PLP,PLP,-1.54,-2.29645,-3.0501333333333336,-2.96
2.52,0.77,PLP,PLP,-1.54,-2.29645,-3.1168,-3.04
2.56,0.77,PLP,PLP,-1.54,-2.29645,-3.1845333333333334,-3.12
2.6,0.77,PLP,PLP,-1.54,-2.29645,-3.2533333333333334,-3.2
2.64,0.77,PLP,PLP,-1.54,-2.29645,-3.3232000000000004,-3.2800000000000002
2.68,0.77,PLP,PLP,-1.54,-2.29645,-3.394133333333334,-3.3600000000000003
2.72,0.77,PLP,PLP,-1.54,-2.29645,-3.466133333333334,-3.4400000000000004
2.76,0.77,PLP,PLP,-1.54,-2.29645,-3.5391999999999997,-3.5199999999999996
2.8,0.77,PLP,PLP,-1.54,-2.29645,-3.613333333333333,-3.5999999999999996
2.84,0.77,PLP,PLP,-1.54,-2.29645,-3.6885333333333334,-3.6799999999999997
2.88,0.77,PLP,PLP,-1.54,-2.29645,-3.7647999999999997,-3.76
2.92,0.77,PLP,PLP,-1.54,-2.29645,-3.842133333333333,-3.84
2.96,0.77,PLP,PLP,-1.54,-2.29645,-3.920533333333333,-3.92
3.0,0.77,degenerate,PLP|FLP,-1.54,-2.29645,-4.0,-4.0
3.04,0.77,FLP,FLP,-1.54,-2.29645,,-4.08
3.08,0.77,FLP,FLP,-1.54,-2.29645,,-4.16
3.12,0.77,FLP,FLP,-1.54,-2.29645,,-4.24
3.16,0.77,FLP,FLP,-1.54,-2.29645,,-4.32
3.2,0.77,FLP,FLP,-1.54,-2.29645,,-4.4
3.24,0.77,FLP,FLP,-1.54,-2.29645,,-4.48
3.28,0.77,FLP,FLP,-1.54,-2.29645,,-4.56
3.32,0.77,FLP,FLP,-1.54,-2.29645,,-4.64
3.36,0.77,FLP,FLP,-1.54,-2.29645,,-4.72
3.4,0.77,FLP,FLP,-1.54,-2.29645,,-4.8
3.44,0.77,FLP,FLP,-1.54,-2.29645,,-4.88
3.48,0.77,FLP,FLP,-1.54,-2.29645,,-4.96
3.52,0.77,FLP,FLP,-1.54,-2.29645,,-5.04
3.56,0.77,FLP,FLP,-1.54,-2.29645,,-5.12
3.6,0.77,FLP,FLP,-1.54,-2.29645,,-5.2
3.64,0.77,FLP,FLP,-1.54,-2.29645,,-5.28
3.68,0.77,FLP,FLP,-1.54,-2.29645,,-5.36
3.72,0.77,FLP,FLP,-1.54,-2.29645,,-5.44
3.76,0.77,FLP,FLP,-1.54,-2.29645,,-5.52
3.8,0.77,FLP,FLP,-1.54,-2.29645,,-5.6
3.84,0.77,FLP,FLP,-1.54,-2.29645,,-5.68
3.88,0.77,FLP,FLP,-1.54,-2.29645,,-5.76
3.92,0.77,FLP,FLP,-1.54,-2.29645,,-5.84
3.96,0.77,FLP,FLP,-1.54,-2.29645,,-5.92
4.0,0.77,FLP,FLP,-1.54,-2.29645,,-6.0
0.0,0.805,CAF,CAF,-1.61,-2.3240125000000003,-1.0,2.0
0.04,0.805,CAF,CAF,-1.61,-2.3240125000000003,-1.0005333333333333,1.92
0.08,0.805,CAF,CAF,-1.61,-2.3240125000000003,-1.0021333333333333,1.84
0.12,0.805,CAF,CAF,-1.61,-2.3240125000000003,-1.0048,1.76
0.16,0.805,CAF,CAF,-1.61,-2.3240125000000003,-1.0085333333333333,1.68
0.2,0.805,CAF,CAF,-1.61,-2.3240125000000003,-1.0133333333333334,1.6
0.24,0.805,CAF,CAF,-1.61,-2.3240125000000003,-1.0192,1.52
0.28,0.805,CAF,CAF,-1.61,-2.3240125000000003,-1.0261333333333333,1.44
0.32,0.805,CAF,CAF,-1.61,-2.3240125000000003,-1.0341333333333333,1.3599999999999999
0.36,0.805,CAF,CAF,-1.61,-2.3240125000000003,-1.0432,1.28
0.4,0.805,CAF,CAF,-1.61,-2.3240125000000003,-1.0533333333333332,1.2
0.44,0.805,CAF,CAF,-1.61,-2.3240125000000003,-1.0645333333333333,1.12
0.48,0.805,CAF,CAF,-1.61,-2.3240125000000003,-1.0768,1.04
0.52,0.805,CAF,CAF,-1.61,-2.3240125000000003,-1.0901333333333334,0.96
0.56,0.805,CAF,CAF,-1.61,-2.3240125000000003,-1.1045333333333334,0.8799999999999999
0.6,0.805,CAF,CAF,-1.61,-2.3240125000000003,-1.12,0.8
0.64,0.805,CAF,CAF,-1.61,-2.3240125000000003,-1.1365333333333334,0.72
0.68,0.805,CAF,CAF,-1.61,-2.3240125000000003,-1.1541333333333335,0.6399999999999999
0.72,0.805,CAF,CAF,-1.61,-2.3240125000000003,-1.1728,0.56
0.76,0.805,CAF,CAF,-1.61,-2.3240125000000003,-1.1925333333333334,0.48
0.8,0.805,CAF,CAF,-1.61,-2.3240125000000003,-1.2133333333333334,0.3999999999999999
0.84,0.805,CAF,CAF,-1.61,-2.3240125000000003,-1.2351999999999999,0.32000000000000006
0.88,0.805,CAF,CAF,-1.61,-2.3240125000000003,-1.2581333333333333,0.24
0.92,0.805,CAF,CAF,-1.61,-2.3240125000000003,-1.2821333333333333,0.15999999999999992
0.96,0.805,CAF,CAF,-1.61,-2.3240125000000003,-1.3072,0.08000000000000007
1.0,0.805,CAF,CAF,-1.61,-2.3240125000000003,-1.3333333333333333,0.0
1.04,0.805,CAF,CAF,-1.61,-2.3240125000000003,-1.3605333333333334,-0.08000000000000007
1.08,0.805,CAF,CAF,-1.61,-2.3240125000000003,-1.3888,-0.16000000000000014
1.12,0.805,CAF,CAF,-1.61,-2.3240125000000003,-1.4181333333333335,-0.2400000000000002
1.16,0.805,CAF,CAF,-1.61,-2.3240125000000003,-1.4485333333333332,-0.31999999999999984
1.2,0.805,CAF,CAF,-1.61,-2.3240125000000003,-1.48,-0.3999999999999999
1.24,0.805,CAF,CAF,-1.61,-2.3240125000000003,-1.5125333333333333,-0.48
1.28,0.805,CAF,CAF,-1.61,-2.3240125000000003,-1.5461333333333334,-0.56
1.32,0.805,CAF,CAF,-1.61,-2.3240125000000003,-1.5808,-0.6400000000000001
1.36,0.805,CAF,CAF,-1.61,-2.3240125000000003,-1.6165333333333334,-0.7200000000000002
1.4,0.805,CAF,CAF,-1.61,-2.3240125000000003,-1.6533333333333333,-0.7999999999999998
1.44,0.805,CAF,CAF,-1.61,-2.3240125000000003,-1.6911999999999998,-0.8799999999999999
1.48,0.805,CAF,CAF,-1.61,-2.3240125000000003,-1.7301333333333333,-0.96
1.52,0.805,CAF,CAF,-1.61,-2.3240125000000003,-1.7701333333333333,-1.04
1.56,0.805,CAF,CAF,-1.61,-2.3240125000000003,-1.8112,-1.12
1.6,0.805,CAF,CAF,-1.61,-2.3240125000000003,-1.8533333333333335,-1.2000000000000002
1.64,0.805,CAF,CAF,-1.61,-2.3240125000000003,-1.8965333333333332,-1.2799999999999998
1.68,0.805,CAF,CAF,-1.61,-2.3240125000000003,-1.9407999999999999,-1.3599999999999999
1.72,0.805,CAF,CAF,-1.61,-2.3240125000000003,-1.986133333333333,-1.44
1.76,0.805,CAF,CAF,-1.61,-2.3240125000000003,-2.0325333333333333,-1.52
1.8,0.805,CAF,CAF,-1.61,-2.3240125000000003,-2.08,-1.6
1.84,0.805,CAF,CAF,-1.61,-2.3240125000000003,-2.1285333333333334,-1.6800000000000002
1.88,0.805,CAF,CAF,-1.61,-2.3240125000000003,-2.1781333333333333,-1.7599999999999998
1.92,0.805,CAF,CAF,-1.61,-2.3240125000000003,-2.2287999999999997,-1.8399999999999999
1.96,0.805,CAF,CAF,-1.61,-2.3240125000000003,-2.2805333333333335,-1.92
2.0,0.805,PLP,PLP,-1.61,-2.3240125000000003,-2.333333333333333,-2.0
2.04,0.805,PLP,PLP,-1.61,-2.3240125000000003,-2.3872,-2.08
2.08,0.805,PLP,PLP,-1.61,-2.3240125000000003,-2.4421333333333335,-2.16
2.12,0.805,PLP,PLP,-1.61,-2.3240125000000003,-2.4981333333333335,-2.24
2.16,0.805,PLP,PLP,-1.61,-2.3240125000000003,-2.5552,-2.3200000000000003
2.2,0.805,PLP,PLP,-1.61,-2.3240125000000003,-2.6133333333333333,-2.4000000000000004
2.24,0.805,PLP,PLP,-1.61,-2.3240125000000003,-2.672533333333334,-2.4800000000000004
2.28,0.805,PLP,PLP,-1.61,-2.3240125000000003,-2.7328,-2.5599999999999996
2.32,0.805,PLP,PLP,-1.61,-2.3240125000000003,-2.794133333333333,-2.6399999999999997
2.36,0.805,PLP,PLP,-1.61,-2.3240125000000003,-2.856533333333333,-2.7199999999999998
2.4,0.805,PLP,PLP,-1.61,-2.3240125000000003,-2.92,-2.8
2.44,0.805,PLP,PLP,-1.61,-2.3240125000000003,-2.9845333333333333,-2.88
2.48,0.805,PLP,PLP,-1.61,-2.3240125000000003,-3.0501333333333336,-2.96
2.52,0.805,PLP,PLP,-1.61,-2.3240125000000003,-3.1168,-3.04
2.56,0.805,PLP,PLP,-1.61,-2.3240125000000003,-3.1845333333333334,-3.12
2.6,0.805,PLP,PLP,-1.61,-2.3240125000000003,-3.2533333333333334,-3.2
2.64,0.805,PLP,PLP,-1.61,-2.3240125000000003,-3.3232000000000004,-3.2800000000000002
2.68,0.805,PLP,PLP,-1.61,-2.3240125000000003,-3.394133333333334,-3.3600000000000003
2.72,0.805,PLP,PLP,-1.61,-2.3240125000000003,-3.466133333333334,-3.4400000000000004
2.76,0.805,PLP,PLP,-1.61,-2.3240125000000003,-3.5391999999999997,-3.5199999999999996
2.8,0.805,PLP,PLP,-1.61,-2.3240125000000003,-3.613333333333333,-3.5999999999999996
2.84,0.805,PLP,PLP,-1.61,-2.3240125000000003,-3.6885333333333334,-3.6799999999999997
2.88,0.805,PLP,PLP,-1.61,-2.3240125000000003,-3.7647999999999997,-3.76
2.92,0.805,PLP,PLP,-1.61,-2.3240125000000003,-3.842133333333333,-3.84
2.96,0.805,PLP,PLP,-1.61,-2.3240125000000003,-3.920533333333333,-3.92
3.0,0.805,degenerate,PLP|FLP,-1.61,-2.3240125000000003,-4.0,-4.0
3.04,0.805,FLP,FLP,-1.61,-2.3240125000000003,,-4.08
3.08,0.805,FLP,FLP,-1.61,-2.3240125000000003,,-4.16
3.12,0.805,FLP,FLP,-1.61,-2.3240125000000003,,-4.24
3.16,0.805,FLP,FLP,-1.61,-2.3240125000000003,,-4.32
3.2,0.805,FLP,FLP,-1.61,-2.3240125000000003,,-4.4
3.24,0.805,FLP,FLP,-1.61,-2.3240125000000003,,-4.48
3.28,0.805,FLP,FLP,-1.61,-2.3240125000000003,,-4.56
3.32,0.805,FLP,FLP,-1.61,-2.3240125000000003,,-4.64
3.36,0.805,FLP,FLP,-1.61,-2.3240125000000003,,-4.72
3.4,0.805,FLP,FLP,-1.61,-2.3240125000000003,,-4.8
3.44,0.805,FLP,FLP,-1.61,-2.3240125000000003,,-4.88
3.48,0.805,FLP,FLP,-1.61,-2.3240125000000003,,-4.96
3.52,0.805,FLP,FLP,-1.61,-2.3240125000000003,,-5.04
3.56,0.805,FLP,FLP,-1.61,-2.3240125000000003,,-5.12
3.6,0.805,FLP,FLP,-1.61,-2.3240125000000003,,-5.2
3.64,0.805,FLP,FLP,-1.61,-2.3240125000000003,,-5.28
3.68,0.805,FLP,FLP,-1.61,-2.3240125000000003,,-5.36
3.72,0.805,FLP,FLP,-1.61,-2.3240125000000003,,-5.44
3.76,0.805,FLP,FLP,-1.61,-2.3240125000000003,,-5.52
3.8,0.805,FLP,FLP,-1.61,-2.3240125000000003,,-5.6
3.84,0.805,FLP,FLP,-1.61,-2.3240125000000003,,-5.68
3.88,0.805,FLP,FLP,-1.61,-2.3240125000000003,,-5.76
3.92,0.805,FLP,FLP,-1.61,-2.3240125000000003,,-5.84
3.96,0.805,FLP,FLP,-1.61,-2.3240125000000003,,-5.92
4.0,0.805,FLP,FLP,-1.61,-2.3240125000000003,,-6.0
0.0,0.84,CAF,CAF,-1.68,-2.3528,-1.0,2.0
0.04,0.84,CAF,CAF,-1.68,-2.3528,-1.0005333333333333,1.92
0.08,0.84,CAF,CAF,-1.68,-2.3528,-1.0021333333333333,1.84
0.12,0.84,CAF,CAF,-1.68,-2.3528,-1.0048,1.76
0.16,0.84,CAF,CAF,-1.68,-2.3528,-1.0085333333333333,1.68
0.2,0.84,CAF,CAF,-1.68,-2.3528,-1.0133333333333334,1.6
0.24,0.84,CAF,CAF,-1.68,-2.3528,-1.0192,1.52
0.28,0.84,CAF,CAF,-1.68,-2.3528,-1.0261333333333333,1.44
0.32,0.84,CAF,CAF,-1.68,-2.3528,-1.0341333333333333,1.3599999999999999
0.36,0.84,CAF,CAF,-1.68,-2.3528,-1.0432,1.28
0.4,0.84,CAF,CAF,-1.68,-2.3528,-1.0533333333333332,1.2
0.44,0.84,CAF,CAF,-1.68,-2.3528,-1.0645333333333333,1.12
0.48,0.84,CAF,CAF,-1.68,-2.3528,-1.0768,1.04
0.52,0.84,CAF,CAF,-1.68,-2.3528,-1.0901333333333334,0.96
0.56,0.84,CAF,CAF,-1.68,-2.3528,-1.1045333333333334,0.8799999999999999
0.6,0.84,CAF,CAF,-1.68,-2.3528,-1.12,0.8
0.64,0.84,CAF,CAF,-1.68,-2.3528,-1.1365333333333334,0.72
0.68,0.84,CAF,CAF,-1.68,-2.3528,-1.1541333333333335,0.6399999999999999
0.72,0.84,CAF,CAF,-1.68,-2.3528,-1.1728,0.56
0.76,0.84,CAF,CAF,-1.68,-2.3528,-1.1925333333333334,0.48
0.8,0.84,CAF,CAF,-1.68,-2.3528,-1.2133333333333334,0.3999999999999999
0.84,0.84,CAF,CAF,-1.68,-2.3528,-1.2351999999999999,0.32000000000000006
0.88,0.84,CAF,CAF,-1.68,-2.3528,-1.2581333333333333,0.24
0.92,0.84,CAF,CAF,-1.68,-2.3528,-1.2821333333333333,0.15999999999999992
0.96,0.84,CAF,CAF,-1.68,-2.3528,-1.3072,0.08000000000000007
1.0,0.84,CAF,CAF,-1.68,-2.3528,-1.3333333333333333,0.0
1.04,0.84,CAF,CAF,-1.68,-2.3528,-1.3605333333333334,-0.08000000000000007
1.08,0.84,CAF,CAF,-1.68,-2.3528,-1.3888,-0.16000000000000014
1.12,0.84,CAF,CAF,-1.68,-2.3528,-1.4181333333333335,-0.2400000000000002
1.16,0.84,CAF,CAF,-1.68,-2.3528,-1.4485333333333332,-0.31999999999999984
1.2,0.84,CAF,CAF,-1.68,-2.3528,-1.48,-0.3999999999999999
1.24,0.84,CAF,CAF,-1.68,-2.3528,-1.5125333333333333,-0.48
1.28,0.84,CAF,CAF,-1.68,-2.3528,-1.5461333333333334,-0.56
1.32,0.84,CAF,CAF,-1.68,-2.3528,-1.5808,-0.6400000000000001
1.36,0.84,CAF,CAF,-1.68,-2.3528,-1.6165333333333334,-0.7200000000000002
1.4,0.84,CAF,CAF,-1.68,-2.3528,-1.6533333333333333,-0.7999999999999998
1.44,0.84,CAF,CAF,-1.68,-2.3528,-1.6911999999999998,-0.8799999999999999
1.48,0.84,CAF,CAF,-1.68,-2.3528,-1.7301333333333333,-0.96
1.52,0.84,CAF,CAF,-1.68,-2.3528,-1.7701333333333333,-1.04
1.56,0.84,CAF,CAF,-1.68,-2.3528,-1.8112,-1.12
1.6,0.84,CAF,CAF,-1.68,-2.3528,-1.8533333333333335,-1.2000000000000002
1.64,0.84,CAF,CAF,-1.68,-2.3528,-1.8965333333333332,-1.2799999999999998
1.68,0.84,CAF,CAF,-1.68,-2.3528,-1.9407999999999999,-1.3599999999999999
1.72,0.84,CAF,CAF,-1.68,-2.3528,-1.986133333333333,-1.44
1.76,0.84,CAF,CAF,-1.68,-2.3528,-2.0325333333333333,-1.52
1.8,0.84,CAF,CAF,-1.68,-2.3528,-2.08,-1.6
1.84,0.84,CAF,CAF,-1.68,-2.3528,-2.1285333333333334,-1.6800000000000002
1.88,0.84,CAF,CAF,-1.68,-2.3528,-2.1781333333333333,-1.7599999999999998
1.92,0.84,CAF,CAF,-1.68,-2.3528,-2.2287999999999997,-1.8399999999999999
1.96,0.84,CAF,CAF,-1.68,-2.3528,-2.2805333333333335,-1.92
2.0,0.84,CAF,CAF,-1.68,-2.3528,-2.333333333333333,-2.0
2.04,0.84,PLP,PLP,-1.68,-2.3528,-2.3872,-2.08
2.08,0.84,PLP,PLP,-1.68,-2.3528,-2.4421333333333335,-2.16
2.12,0.84,PLP,PLP,-1.68,-2.3528,-2.4981333333333335,-2.24
2.16,0.84,PLP,PLP,-1.68,-2.3528,-2.5552,-2.3200000000000003
2.2,0.84,PLP,PLP,-1.68,-2.3528,-2.6133333333333333,-2.4000000000000004
2.24,0.84,PLP,PLP,-1.68,-2.3528,-2.672533333333334,-2.4800000000000004
2.28,0.84,PLP,PLP,-1.68,-2.3528,-2.7328,-2.5599999999999996
2.32,0.84,PLP,PLP,-1.68,-2.3528,-2.794133333333333,-2.6399999999999997
2.36,0.84,PLP,PLP,-1.68,-2.3528,-2.856533333333333,-2.7199999999999998
2.4,0.84,PLP,PLP,-1.68,-2.3528,-2.92,-2.8
2.44,0.84,PLP,PLP,-1.68,-2.3528,-2.9845333333333333,-2.88
2.48,0.84,PLP,PLP,-1.68,-2.3528,-3.0501333333333336,-2.96
2.52,0.84,PLP,PLP,-1.68,-2.3528,-3.1168,-3.04
2.56,0.84,PLP,PLP,-1.68,-2.3528,-3.1845333333333334,-3.12
2.6,0.84,PLP,PLP,-1.68,-2.3528,-3.2533333333333334,-3.2
2.64,0.84,PLP,PLP,-1.68,-2.3528,-3.3232000000000004,-3.2800000000000002
2.68,0.84,PLP,PLP,-1.68,-2.3528,-3.394133333333334,-3.3600000000000003
2.72,0.84,PLP,PLP,-1.68,-2.3528,-3.466133333333334,-3.4400000000000004
2.76,0.84,PLP,PLP,-1.68,-2.3528,-3.5391999999999997,-3.5199999999999996
2.8,0.84,PLP,PLP,-1.68,-2.3528,-3.613333333333333,-3.5999999999999996
2.84,0.84,PLP,PLP,-1.68,-2.3528,-3.6885333333333334,-3.6799999999999997
2.88,0.84,PLP,PLP,-1.68,-2.3528,-3.7647999999999997,-3.76
2.92,0.84,PLP,PLP,-1.68,-2.3528,-3.842133333333333,-3.84
2.96,0.84,PLP,PLP,-1.68,-2.3528,-3.920533333333333,-3.92
3.0,0.84,degenerate,PLP|FLP,-1.68,-2.3528,-4.0,-4.0
3.04,0.84,FLP,FLP,-1.68,-2.3528,,-4.08
3.08,0.84,FLP,FLP,-1.68,-2.3528,,-4.16
3.12,0.84,FLP,FLP,-1.68,-2.3528,,-4.24
3.16,0.84,FLP,FLP,-1.68,-2.3528,,-4.32
3.2,0.84,FLP,FLP,-1.68,-2.3528,,-4.4
3.24,0.84,FLP,FLP,-1.68,-2.3528,,-4.48
3.28,0.84,FLP,FLP,-1.68,-2.3528,,-4.56
3.32,0.84,FLP,FLP,-1.68,-2.3528,,-4.64
3.36,0.84,FLP,FLP,-1.68,-2.3528,,-4.72
3.4,0.84,FLP,FLP,-1.68,-2.3528,,-4.8
3.44,0.84,FLP,FLP,-1.68,-2.3528,,-4.88
3.48,0.84,FLP,FLP,-1.68,-2.3528,,-4.96
3.52,0.84,FLP,FLP,-1.68,-2.3528,,-5.04
3.56,0.84,FLP,FLP,-1.68,-2.3528,,-5.12
3.6,0.84,FLP,FLP,-1.68,-2.3528,,-5.2
3.64,0.84,FLP,FLP,-1.68,-2.3528,,-5.28
3.68,0.84,FLP,FLP,-1.68,-2.3528,,-5.36
3.72,0.84,FLP,FLP,-1.68,-2.3528,,-5.44
3.76,0.84,FLP,FLP,-1.68,-2.3528,,-5.52
3.8,0.84,FLP,FLP,-1.68,-2.3528,,-5.6
3.84,0.84,FLP,FLP,-1.68,-2.3528,,-5.68
3.88,0.84,FLP,FLP,-1.68,-2.3528,,-5.76
3.92,0.84,FLP,FLP,-1.68,-2.3528,,-5.84
3.96,0.84,FLP,FLP,-1.68,-2.3528,,-5.92
4.0,0.84,FLP,FLP,-1.68,-2.3528,,-6.0
0.0,0.875,CAF,CAF,-1.75,-2.3828125,-1.0,2.0
0.04,0.875,CAF,CAF,-1.75,-2.3828125,-1.0005333333333333,1.92
0.08,0.875,CAF,CAF,-1.75,-2.3828125,-1.0021333333333333,1.84
0.12,0.875,CAF,CAF,-1.75,-2.3828125,-1.0048,1.76
0.16,0.875,CAF,CAF,-1.75,-2.3828125,-1.0085333333333333,1.68
0.2,0.875,CAF,CAF,-1.75,-2.3828125,-1.0133333333333334,1.6
0.24,0.875,CAF,CAF,-1.75,-2.3828125,-1.0192,1.52
0.28,0.875,CAF,CAF,-1.75,-2.3828125,-1.0261333333333333,1.44
0.32,0.875,CAF,CAF,-1.75,-2.3828125,-1.0341333333333333,1.3599999999999999
0.36,0.875,CAF,CAF,-1.75,-2.3828125,-1.0432,1.28
0.4,0.875,CAF,CAF,-1.75,-2.3828125,-1.0533333333333332,1.2
0.44,0.875,CAF,CAF,-1.75,-2.3828125,-1.0645333333333333,1.12
0.48,0.875,CAF,CAF,-1.75,-2.3828125,-1.0768,1.04
0.52,0.875,CAF,CAF,-1.75,-2.3828125,-1.0901333333333334,0.96
0.56,0.875,CAF,CAF,-1.75,-2.3828125,-1.1045333333333334,0.8799999999999999
0.6,0.875,CAF,CAF,-1.75,-2.3828125,-1.12,0.8
0.64,0.875,CAF,CAF,-1.75,-2.3828125,-1.1365333333333334,0.72
0.68,0.875,CAF,CAF,-1.75,-2.3828125,-1.1541333333333335,0.6399999999999999
0.72,0.875,CAF,CAF,-1.75,-2.3828125,-1.1728,0.56
0.76,0.875,CAF,CAF,-1.75,-2.3828125,-1.1925333333333334,0.48
0.8,0.875,CAF,CAF,-1.75,-2.3828125,-1.2133333333333334,0.3999999999999999
0.84,0.875,CAF,CAF,-1.75,-2.3828125,-1.2351999999999999,0.32000000000000006
0.88,0.875,CAF,CAF,-1.75,-2.3828125,-1.2581333333333333,0.24
0.92,0.875,CAF,CAF,-1.75,-2.3828125,-1.2821333333333333,0.15999999999999992
0.96,0.875,CAF,CAF,-1.75,-2.3828125,-1.3072,0.08000000000000007
1.0,0.875,CAF,CAF,-1.75,-2.3828125,-1.3333333333333333,0.0
1.04,0.875,CAF,CAF,-1.75,-2.3828125,-1.3605333333333334,-0.08000000000000007
1.08,0.875,CAF,CAF,-1.75,-2.3828125,-1.3888,-0.16000000000000014
1.12,0.875,CAF,CAF,-1.75,-2.3828125,-1.4181333333333335,-0.2400000000000002
1.16,0.875,CAF,CAF,-1.75,-2.3828125,-1.4485333333333332,-0.31999999999999984
1.2,0.875,CAF,CAF,-1.75,-2.3828125,-1.48,-0.3999999999999999
1.24,0.875,CAF,CAF,-1.75,-2.3828125,-1.5125333333333333,-0.48
1.28,0.875,CAF,CAF,-1.75,-2.3828125,-1.5461333333333334,-0.56
1.32,0.875,CAF,CAF,-1.75,-2.3828125,-1.5808,-0.6400000000000001
1.36,0.875,CAF,CAF,-1.75,-2.3828125,-1.6165333333333334,-0.7200000000000002
1.4,0.875,CAF,CAF,-1.75,-2.3828125,-1.6533333333333333,-0.7999999999999998
1.44,0.875,CAF,CAF,-1.75,-2.3828125,-1.6911999999999998,-0.8799999999999999
1.48,0.875,CAF,CAF,-1.75,-2.3828125,-1.7301333333333333,-0.96
1.52,0.875,CAF,CAF,-1.75,-2.3828125,-1.7701333333333333,-1.04
1.56,0.875,CAF,CAF,-1.75,-2.3828125,-1.8112,-1.12
1.6,0.875,CAF,CAF,-1.75,-2.3828125,-1.8533333333333335,-1.2000000000000002
1.64,0.875,CAF,CAF,-1.75,-2.3828125,-1.8965333333333332,-1.2799999999999998
1.68,0.875,CAF,CAF,-1.75,-2.3828125,-1.9407999999999999,-1.3599999999999999
1.72,0.875,CAF,CAF,-1.75,-2.3828125,-1.986133333333333,-1.44
1.76,0.875,CAF,CAF,-1.75,-2.3828125,-2.0325333333333333,-1.52
1.8,0.875,CAF,CAF,-1.75,-2.3828125,-2.08,-1.6
1.84,0.875,CAF,CAF,-1.75,-2.3828125,-2.1285333333333334,-1.6800000000000002
1.88,0.875,CAF,CAF,-1.75,-2.3828125,-2.1781333333333333,-1.7599999999999998
1.92,0.875,CAF,CAF,-1.75,-2.3828125,-2.2287999999999997,-1.8399999999999999
1.96,0.875,CAF,CAF,-1.75,-2.3828125,-2.2805333333333335,-1.92
2.0,0.875,CAF,CAF,-1.75,-2.3828125,-2.333333333333333,-2.0
2.04,0.875,PLP,PLP,-1.75,-2.3828125,-2.3872,-2.08
2.08,0.875,PLP,PLP,-1.75,-2.3828125,-2.4421333333333335,-2.16
2.12,0.875,PLP,PLP,-1.75,-2.3828125,-2.4981333333333335,-2.24
2.16,0.875,PLP,PLP,-1.75,-2.3828125,-2.5552,-2.3200000000000003
2.2,0.875,PLP,PLP,-1.75,-2.3828125,-2.6133333333333333,-2.4000000000000004
2.24,0.875,PLP,PLP,-1.75,-2.3828125,-2.672533333333334,-2.4800000000000004
2.28,0.875,PLP,PLP,-1.75,-2.3828125,-2.7328,-2.5599999999999996
2.32,0.875,PLP,PLP,-1.75,-2.3828125,-2.794133333333333,-2.6399999999999997
2.36,0.875,PLP,PLP,-1.75,-2.3828125,-2.856533333333333,-2.7199999999999998
2.4,0.875,PLP,PLP,-1.75,-2.3828125,-2.92,-2.8
2.44,0.875,PLP,PLP,-1.75,-2.3828125,-2.9845333333333333,-2.88
2.48,0.875,PLP,PLP,-1.75,-2.3828125,-3.0501333333333336,-2.96
2.52,0.875,PLP,PLP,-1.75,-2.3828125,-3.1168,-3.04
2.56,0.875,PLP,PLP,-1.75,-2.3828125,-3.1845333333333334,-3.12
2.6,0.875,PLP,PLP,-1.75,-2.3828125,-3.2533333333333334,-3.2
2.64,0.875,PLP,PLP,-1.75,-2.3828125,-3.3232000000000004,-3.2800000000000002
2.68,0.875,PLP,PLP,-1.75,-2.3828125,-3.394133333333334,-3.3600000000000003
2.72,0.875,PLP,PLP,-1.75,-2.3828125,-3.466133333333334,-3.4400000000000004
2.76,0.875,PLP,PLP,-1.75,-2.3828125,-3.5391999999999997,-3.5199999999999996
2.8,0.875,PLP,PLP,-1.75,-2.3828125,-3.613333333333333,-3.5999999999999996
2.84,0.875,PLP,PLP,-1.75,-2.3828125,-3.6885333333333334,-3.6799999999999997
2.88,0.875,PLP,PLP,-1.75,-2.3828125,-3.7647999999999997,-3.76
2.92,0.875,PLP,PLP,-1.75,-2.3828125,-3.842133333333333,-3.84
2.96,0.875,PLP,PLP,-1.75,-2.3828125,-3.920533333333333,-3.92
3.0,0.875,degenerate,PLP|FLP,-1.75,-2.3828125,-4.0,-4.0
3.04,0.875,FLP,FLP,-1.75,-2.3828125,,-4.08
3.08,0.875,FLP,FLP,-1.75,-2.3828125,,-4.16
3.12,0.875,FLP,FLP,-1.75,-2.3828125,,-4.24
3.16,0.875,FLP,FLP,-1.75,-2.3828125,,-4.32
3.2,0.875,FLP,FLP,-1.75,-2.3828125,,-4.4
3.24,0.875,FLP,FLP,-1.75,-2.3828125,,-4.48
3.28,0.875,FLP,FLP,-1.75,-2.3828125,,-4.56
3.32,0.875,FLP,FLP,-1.75,-2.3828125,,-4.64
3.36,0.875,FLP,FLP,-1.75,-2.3828125,,-4.72
3.4,0.875,FLP,FLP,-1.75,-2.3828125,,-4.8
3.44,0.875,FLP,FLP,-1.75,-2.3828125,,-4.88
3.48,0.875,FLP,FLP,-1.75,-2.3828125,,-4.96
3.52,0.875,FLP,FLP,-1.75,-2.3828125,,-5.04
3.56,0.875,FLP,FLP,-1.75,-2.3828125,,-5.12
3.6,0.875,FLP,FLP,-1.75,-2.3828125,,-5.2
3.64,0.875,FLP,FLP,-1.75,-2.3828125,,-5.28
3.68,0.875,FLP,FLP,-1.75,-2.3828125,,-5.36
3.72,0.875,FLP,FLP,-1.75,-2.3828125,,-5.44
3.76,0.875,FLP,FLP,-1.75,-2.3828125,,-5.52
3.8,0.875,FLP,FLP,-1.75,-2.3828125,,-5.6
3.84,0.875,FLP,FLP,-1.75,-2.3828125,,-5.68
3.88,0.875,FLP,FLP,-1.75,-2.3828125,,-5.76
3.92,0.875,FLP,FLP,-1.75,-2.3828125,,-5.84
3.96,0.875,FLP,FLP,-1.75,-2.3828125,,-5.92
4.0,0.875,FLP,FLP,-1.75,-2.3828125,,-6.0
0.0,0.91,CAF,CAF,-1.82,-2.41405,-1.0,2.0
0.04,0.91,CAF,CAF,-1.82,-2.41405,-1.0005333333333333,1.92
0.08,0.91,CAF,CAF,-1.82,-2.41405,-1.0021333333333333,1.84
0.12,0.91,CAF,CAF,-1.82,-2.41405,-1.0048,1.76
0.16,0.91,CAF,CAF,-1.82,-2.41405,-1.0085333333333333,1.68
0.2,0.91,CAF,CAF,-1.82,-2.41405,-1.0133333333333334,1.6
0.24,0.91,CAF,CAF,-1.82,-2.41405,-1.0192,1.52
0.28,0.91,CAF,CAF,-1.82,-2.41405,-1.0261333333333333,1.44
0.32,0.91,CAF,CAF,-1.82,-2.41405,-1.0341333333333333,1.3599999999999999
0.36,0.91,CAF,CAF,-1.82,-2.41405,-1.0432,1.28
0.4,0.91,CAF,CAF,-1.82,-2.41405,-1.0533333333333332,1.2
0.44,0.91,CAF,CAF,-1.82,-2.41405,-1.0645333333333333,1.12
0.48,0.91,CAF,CAF,-1.82,-2.41405,-1.0768,1.04
0.52,0.91,CAF,CAF,-1.82,-2.41405,-1.0901333333333334,0.96
0.56,0.91,CAF,CAF,-1.82,-2.41405,-1.1045333333333334,0.8799999999999999
0.6,0.91,CAF,CAF,-1.82,-2.41405,-1.12,0.8
0.64,0.91,CAF,CAF,-1.82,-2.41405,-1.1365333333333334,0.72
0.68,0.91,CAF,CAF,-1.82,-2.41405,-1.1541333333333335,0.6399999999999999
0.72,0.91,CAF,CAF,-1.82,-2.41405,-1.1728,0.56
0.76,0.91,CAF,CAF,-1.82,-2.41405,-1.1925333333333334,0.48
0.8,0.91,CAF,CAF,-1.82,-2.41405,-1.2133333333333334,0.3999999999999999
0.84,0.91,CAF,CAF,-1.82,-2.41405,-1.2351999999999999,0.32000000000000006
0.88,0.91,CAF,CAF,-1.82,-2.41405,-1.2581333333333333,0.24
0.92,0.91,CAF,CAF,-1.82,-2.41405,-1.2821333333333333,0.15999999999999992
0.96,0.91,CAF,CAF,-1.82,-2.41405,-1.3072,0.08000000000000007
1.0,0.91,CAF,CAF,-1.82,-2.41405,-1.3333333333333333,0.0
1.04,0.91,CAF,CAF,-1.82,-2.41405,-1.3605333333333334,-0.08000000000000007
1.08,0.91,CAF,CAF,-1.82,-2.41405,-1.3888,-0.16000000000000014
1.12,0.91,CAF,CAF,-1.82,-2.41405,-1.4181333333333335,-0.2400000000000002
1.16,0.91,CAF,CAF,-1.82,-2.41405,-1.4485333333333332,-0.31999999999999984
1.2,0.91,CAF,CAF,-1.82,-2.41405,-1.48,-0.3999999999999999
1.24,0.91,CAF,CAF,-1.82,-2.41405,-1.5125333333333333,-0.48
1.28,0.91,CAF,CAF,-1.82,-2.41405,-1.5461333333333334,-0.56
1.32,0.91,CAF,CAF,-1.82,-2.41405,-1.5808,-0.6400000000000001
1.36,0.91,CAF,CAF,-1.82,-2.41405,-1.6165333333333334,-0.7200000000000002
1.4,0.91,CAF,CAF,-1.82,-2.41405,-1.6533333333333333,-0.7999999999999998
1.44,0.91,CAF,CAF,-1.82,-2.41405,-1.6911999999999998,-0.8799999999999999
1.48,0.91,CAF,CAF,-1.82,-2.41405,-1.7301333333333333,-0.96
1.52,0.91,CAF,CAF,-1.82,-2.41405,-1.7701333333333333,-1.04
1.56,0.91,CAF,CAF,-1.82,-2.41405,-1.8112,-1.12
1.6,0.91,CAF,CAF,-1.82,-2.41405,-1.8533333333333335,-1.2000000000000002
1.64,0.91,CAF,CAF,-1.82,-2.41405,-1.8965333333333332,-1.2799999999999998
1.68,0.91,CAF,CAF,-1.82,-2.41405,-1.9407999999999999,-1.3599999999999999
1.72,0.91,CAF,CAF,-1.82,-2.41405,-1.986133333333333,-1.44
1.76,0.91,CAF,CAF,-1.82,-2.41405,-2.0325333333333333,-1.52
1.8,0.91,CAF,CAF,-1.82,-2.41405,-2.08,-1.6
1.84,0.91,CAF,CAF,-1.82,-2.41405,-2.1285333333333334,-1.6800000000000002
1.88,0.91,CAF,CAF,-1.82,-2.41405,-2.1781333333333333,-1.7599999999999998
1.92,0.91,CAF,CAF,-1.82,-2.41405,-2.2287999999999997,-1.8399999999999999
1.96,0.91,CAF,CAF,-1.82,-2.41405,-2.2805333333333335,-1.92
2.0,0.91,CAF,CAF,-1.82,-2.41405,-2.333333333333333,-2.0
2.04,0.91,CAF,CAF,-1.82,-2.41405,-2.3872,-2.08
2.08,0.91,PLP,PLP,-1.82,-2.41405,-2.4421333333333335,-2.16
2.12,0.91,PLP,PLP,-1.82,-2.41405,-2.4981333333333335,-2.24
2.16,0.91,PLP,PLP,-1.82,-2.41405,-2.5552,-2.3200000000000003
2.2,0.91,PLP,PLP,-1.82,-2.41405,-2.6133333333333333,-2.4000000000000004
2.24,0.91,PLP,PLP,-1.82,-2.41405,-2.672533333333334,-2.4800000000000004
2.28,0.91,PLP,PLP,-1.82,-2.41405,-2.7328,-2.5599999999999996
2.32,0.91,PLP,PLP,-1.82,-2.41405,-2.794133333333333,-2.6399999999999997
2.36,0.91,PLP,PLP,-1.82,-2.41405,-2.856533333333333,-2.7199999999999998
2.4,0.91,PLP,PLP,-1.82,-2.41405,-2.92,-2.8
2.44,0.91,PLP,PLP,-1.82,-2.41405,-2.9845333333333333,-2.88
2.48,0.91,PLP,PLP,-1.82,-2.41405,-3.0501333333333336,-2.96
2.52,0.91,PLP,PLP,-1.82,-2.41405,-3.1168,-3.04
2.56,0.91,PLP,PLP,-1.82,-2.41405,-3.1845333333333334,-3.12
2.6,0.91,PLP,PLP,-1.82,-2.41405,-3.2533333333333334,-3.2
2.64,0.91,PLP,PLP,-1.82,-2.41405,-3.3232000000000004,-3.2800000000000002
2.68,0.91,PLP,PLP,-1.82,-2.41405,-3.394133333333334,-3.3600000000000003
2.72,0.91,PLP,PLP,-1.82,-2.41405,-3.466133333333334,-3.4400000000000004
2.76,0.91,PLP,PLP,-1.82,-2.41405,-3.5391999999999997,-3.5199999999999996
2.8,0.91,PLP,PLP,-1.82,-2.41405,-3.613333333333333,-3.5999999999999996
2.84,0.91,PLP,PLP,-1.82,-2.41405,-3.6885333333333334,-3.6799999999999997
2.88,0.91,PLP,PLP,-1.82,-2.41405,-3.7647999999999997,-3.76
2.92,0.91,PLP,PLP,-1.82,-2.41405,-3.842133333333333,-3.84
2.96,0.91,PLP,PLP,-1.82,-2.41405,-3.920533333333333,-3.92
3.0,0.91,degenerate,PLP|FLP,-1.82,-2.41405,-4.0,-4.0
3.04,0.91,FLP,FLP,-1.82,-2.41405,,-4.08
3.08,0.91,FLP,FLP,-1.82,-2.41405,,-4.16
3.12,0.91,FLP,FLP,-1.82,-2.41405,,-4.24
3.16,0.91,FLP,FLP,-1.82,-2.41405,,-4.32
3.2,0.91,FLP,FLP,-1.82,-2.41405,,-4.4
3.24,0.91,FLP,FLP,-1.82,-2.41405,,-4.48
3.28,0.91,FLP,FLP,-1.82,-2.41405,,-4.56
3.32,0.91,FLP,FLP,-1.82,-2.41405,,-4.64
3.36,0.91,FLP,FLP,-1.82,-2.41405,,-4.72
3.4,0.91,FLP,FLP,-1.82,-2.41405,,-4.8
3.44,0.91,FLP,FLP,-1.82,-2.41405,,-4.88
3.48,0.91,FLP,FLP,-1.82,-2.41405,,-4.96
3.52,0.91,FLP,FLP,-1.82,-2.41405,,-5.04
3.56,0.91,FLP,FLP,-1.82,-2.41405,,-5.12
3.6,0.91,FLP,FLP,-1.82,-2.41405,,-5.2
3.64,0.91,FLP,FLP,-1.82,-2.41405,,-5.28
3.68,0.91,FLP,FLP,-1.82,-2.41405,,-5.36
3.72,0.91,FLP,FLP,-1.82,-2.41405,,-5.44
3.76,0.91,FLP,FLP,-1.82,-2.41405,,-5.52
3.8,0.91,FLP,FLP,-1.82,-2.41405,,-5.6
3.84,0.91,FLP,FLP,-1.82,-2.41405,,-5.68
3.88,0.91,FLP,FLP,-1.82,-2.41405,,-5.76
3.92,0.91,FLP,FLP,-1.82,-2.41405,,-5.84
3.96,0.91,FLP,FLP,-1.82,-2.41405,,-5.92
4.0,0.91,FLP,FLP,-1.82,-2.41405,,-6.0
0.0,0.945,CAF,CAF,-1.89,-2.4465125,-1.0,2.0
0.04,0.945,CAF,CAF,-1.89,-2.4465125,-1.0005333333333333,1.92
0.08,0.945,CAF,CAF,-1.89,-2.4465125,-1.0021333333333333,1.84
0.12,0.945,CAF,CAF,-1.89,-2.4465125,-1.0048,1.76
0.16,0.945,CAF,CAF,-1.89,-2.4465125,-1.0085333333333333,1.68
0.2,0.945,CAF,CAF,-1.89,-2.4465125,-1.0133333333333334,1.6
0.24,0.945,CAF,CAF,-1.89,-2.4465125,-1.0192,1.52
0.28,0.945,CAF,CAF,-1.89,-2.4465125,-1.0261333333333333,1.44
0.32,0.945,CAF,CAF,-1.89,-2.4465125,-1.0341333333333333,1.3599999999999999
0.36,0.945,CAF,CAF,-1.89,-2.4465125,-1.0432,1.28
0.4,0.945,CAF,CAF,-1.89,-2.4465125,-1.0533333333333332,1.2
0.44,0.945,CAF,CAF,-1.89,-2.4465125,-1.0645333333333333,1.12
0.48,0.945,CAF,CAF,-1.89,-2.4465125,-1.0768,1.04
0.52,0.945,CAF,CAF,-1.89,-2.4465125,-1.0901333333333334,0.96
0.56,0.945,CAF,CAF,-1.89,-2.4465125,-1.1045333333333334,0.8799999999999999
0.6,0.945,CAF,CAF,-1.89,-2.4465125,-1.12,0.8
0.64,0.945,CAF,CAF,-1.89,-2.4465125,-1.1365333333333334,0.72
0.68,0.945,CAF,CAF,-1.89,-2.4465125,-1.1541333333333335,0.6399999999999999
0.72,0.945,CAF,CAF,-1.89,-2.4465125,-1.1728,0.56
0.76,0.945,CAF,CAF,-1.89,-2.4465125,-1.1925333333333334,0.48
0.8,0.945,CAF,CAF,-1.89,-2.4465125,-1.2133333333333334,0.3999999999999999
0.84,0.945,CAF,CAF,-1.89,-2.4465125,-1.2351999999999999,0.32000000000000006
0.88,0.945,CAF,CAF,-1.89,-2.4465125,-1.2581333333333333,0.24
0.92,0.945,CAF,CAF,-1.89,-2.4465125,-1.2821333333333333,0.15999999999999992
0.96,0.945,CAF,CAF,-1.89,-2.4465125,-1.3072,0.08000000000000007
1.0,0.945,CAF,CAF,-1.89,-2.4465125,-1.3333333333333333,0.0
1.04,0.945,CAF,CAF,-1.89,-2.4465125,-1.3605333333333334,-0.08000000000000007
1.08,0.945,CAF,CAF,-1.89,-2.4465125,-1.3888,-0.16000000000000014
1.12,0.945,CAF,CAF,-1.89,-2.4465125,-1.4181333333333335,-0.2400000000000002
1.16,0.945,CAF,CAF,-1.89,-2.4465125,-1.4485333333333332,-0.31999999999999984
1.2,0.945,CAF,CAF,-1.89,-2.4465125,-1.48,-0.3999999999999999
1.24,0.945,CAF,CAF,-1.89,-2.4465125,-1.5125333333333333,-0.48
1.28,0.945,CAF,CAF,-1.89,-2.4465125,-1.5461333333333334,-0.56
1.32,0.945,CAF,CAF,-1.89,-2.4465125,-1.5808,-0.6400000000000001
1.36,0.945,CAF,CAF,-1.89,-2.4465125,-1.6165333333333334,-0.7200000000000002
1.4,0.945,CAF,CAF,-1.89,-2.4465125,-1.6533333333333333,-0.7999999999999998
1.44,0.945,CAF,CAF,-1.89,-2.4465125,-1.6911999999999998,-0.8799999999999999
1.48,0.945,CAF,CAF,-1.89,-2.4465125,-1.7301333333333333,-0.96
1.52,0.945,CAF,CAF,-1.89,-2.4465125,-1.7701333333333333,-1.04
1.56,0.945,CAF,CAF,-1.89,-2.4465125,-1.8112,-1.12
1.6,0.945,CAF,CAF,-1.89,-2.4465125,-1.8533333333333335,-1.2000000000000002
1.64,0.945,CAF,CAF,-1.89,-2.4465125,-1.8965333333333332,-1.2799999999999998
1.68,0.945,CAF,CAF,-1.89,-2.4465125,-1.9407999999999999,-1.3599999999999999
1.72,0.945,CAF,CAF,-1.89,-2.4465125,-1.986133333333333,-1.44
1.76,0.945,CAF,CAF,-1.89,-2.4465125,-2.0325333333333333,-1.52
1.8,0.945,CAF,CAF,-1.89,-2.4465125,-2.08,-1.6
1.84,0.945,CAF,CAF,-1.89,-2.4465125,-2.1285333333333334,-1.6800000000000002
1.88,0.945,CAF,CAF,-1.89,-2.4465125,-2.1781333333333333,-1.7599999999999998
1.92,0.945,CAF,CAF,-1.89,-2.4465125,-2.2287999999999997,-1.8399999999999999
1.96,0.945,CAF,CAF,-1.89,-2.4465125,-2.2805333333333335,-1.92
2.0,0.945,CAF,CAF,-1.89,-2.4465125,-2.333333333333333,-2.0
2.04,0.945,CAF,CAF,-1.89,-2.4465125,-2.3872,-2.08
2.08,0.945,CAF,CAF,-1.89,-2.4465125,-2.4421333333333335,-2.16
2.12,0.945,PLP,PLP,-1.89,-2.4465125,-2.4981333333333335,-2.24
2.16,0.945,PLP,PLP,-1.89,-2.4465125,-2.5552,-2.3200000000000003
2.2,0.945,PLP,PLP,-1.89,-2.4465125,-2.6133333333333333,-2.4000000000000004
2.24,0.945,PLP,PLP,-1.89,-2.4465125,-2.672533333333334,-2.4800000000000004
2.28,0.945,PLP,PLP,-1.89,-2.4465125,-2.7328,-2.5599999999999996
2.32,0.945,PLP,PLP,-1.89,-2.4465125,-2.794133333333333,-2.6399999999999997
2.36,0.945,PLP,PLP,-1.89,-2.4465125,-2.856533333333333,-2.7199999999999998
2.4,0.945,PLP,PLP,-1.89,-2.4465125,-2.92,-2.8
2.44,0.945,PLP,PLP,-1.89,-2.4465125,-2.9845333333333333,-2.88
2.48,0.945,PLP,PLP,-1.89,-2.4465125,-3.0501333333333336,-2.96
2.52,0.945,PLP,PLP,-1.89,-2.4465125,-3.1168,-3.04
2.56,0.945,PLP,PLP,-1.89,-2.4465125,-3.1845333333333334,-3.12
2.6,0.945,PLP,PLP,-1.89,-2.4465125,-3.2533333333333334,-3.2
2.64,0.945,PLP,PLP,-1.89,-2.4465125,-3.3232000000000004,-3.2800000000000002
2.68,0.945,PLP,PLP,-1.89,-2.4465125,-3.394133333333334,-3.3600000000000003
2.72,0.945,PLP,PLP,-1.89,-2.4465125,-3.466133333333334,-3.4400000000000004
2.76,0.945,PLP,PLP,-1.89,-2.4465125,-3.5391999999999997,-3.5199999999999996
2.8,0.945,PLP,PLP,-1.89,-2.4465125,-3.613333333333333,-3.5999999999999996
2.84,0.945,PLP,PLP,-1.89,-2.4465125,-3.6885333333333334,-3.6799999999999997
2.88,0.945,PLP,PLP,-1.89,-2.4465125,-3.7647999999999997,-3.76
2.92,0.945,PLP,PLP,-1.89,-2.4465125,-3.842133333333333,-3.84
2.96,0.945,PLP,PLP,-1.89,-2.4465125,-3.920533333333333,-3.92
3.0,0.945,degenerate,PLP|FLP,-1.89,-2.4465125,-4.0,-4.0
3.04,0.945,FLP,FLP,-1.89,-2.4465125,,-4.08
3.08,0.945,FLP,FLP,-1.89,-2.4465125,,-4.16
3.12,0.945,FLP,FLP,-1.89,-2.4465125,,-4.24
3.16,0.945,FLP,FLP,-1.89,-2.4465125,,-4.32
3.2,0.945,FLP,FLP,-1.89,-2.4465125,,-4.4
3.24,0.945,FLP,FLP,-1.89,-2.4465125,,-4.48
3.28,0.945,FLP,FLP,-1.89,-2.4465125,,-4.56
3.32,0.945,FLP,FLP,-1.89,-2.4465125,,-4.64
3.36,0.945,FLP,FLP,-1.89,-2.4465125,,-4.72
3.4,0.945,FLP,FLP,-1.89,-2.4465125,,-4.8
3.44,0.945,FLP,FLP,-1.89,-2.4465125,,-4.88
3.48,0.945,FLP,FLP,-1.89,-2.4465125,,-4.96
3.52,0.945,FLP,FLP,-1.89,-2.4465125,,-5.04
3.56,0.945,FLP,FLP,-1.89,-2.4465125,,-5.12
3.6,0.945,FLP,FLP,-1.89,-2.4465125,,-5.2
3.64,0.945,FLP,FLP,-1.89,-2.4465125,,-5.28
3.68,0.945,FLP,FLP,-1.89,-2.4465125,,-5.36
3.72,0.945,FLP,FLP,-1.89,-2.4465125,,-5.44
3.76,0.945,FLP,FLP,-1.89,-2.4465125,,-5.52
3.8,0.945,FLP,FLP,-1.89,-2.4465125,,-5.6
3.84,0.945,FLP,FLP,-1.89,-2.4465125,,-5.68
3.88,0.945,FLP,FLP,-1.89,-2.4465125,,-5.76
3.92,0.945,FLP,FLP,-1.89,-2.4465125,,-5.84
3.96,0.945,FLP,FLP,-1.89,-2.4465125,,-5.92
4.0,0.945,FLP,FLP,-1.89,-2.4465125,,-6.0
0.0,0.98,CAF,CAF,-1.96,-2.4802,-1.0,2.0
0.04,0.98,CAF,CAF,-1.96,-2.4802,-1.0005333333333333,1.92
0.08,0.98,CAF,CAF,-1.96,-2.4802,-1.0021333333333333,1.84
0.12,0.98,CAF,CAF,-1.96,-2.4802,-1.0048,1.76
0.16,0.98,CAF,CAF,-1.96,-2.4802,-1.0085333333333333,1.68
0.2,0.98,CAF,CAF,-1.96,-2.4802,-1.0133333333333334,1.6
0.24,0.98,CAF,CAF,-1.96,-2.4802,-1.0192,1.52
0.28,0.98,CAF,CAF,-1.96,-2.4802,-1.0261333333333333,1.44
0.32,0.98,CAF,CAF,-1.96,-2.4802,-1.0341333333333333,1.3599999999999999
0.36,0.98,CAF,CAF,-1.96,-2.4802,-1.0432,1.28
0.4,0.98,CAF,CAF,-1.96,-2.4802,-1.0533333333333332,1.2
0.44,0.98,CAF,CAF,-1.96,-2.4802,-1.0645333333333333,1.12
0.48,0.98,CAF,CAF,-1.96,-2.4802,-1.0768,1.04
0.52,0.98,CAF,CAF,-1.96,-2.4802,-1.0901333333333334,0.96
0.56,0.98,CAF,CAF,-1.96,-2.4802,-1.1045333333333334,0.8799999999999999
0.6,0.98,CAF,CAF,-1.96,-2.4802,-1.12,0.8
0.64,0.98,CAF,CAF,-1.96,-2.4802,-1.1365333333333334,0.72
0.68,0.98,CAF,CAF,-1.96,-2.4802,-1.1541333333333335,0.6399999999999999
0.72,0.98,CAF,CAF,-1.96,-2.4802,-1.1728,0.56
0.76,0.98,CAF,CAF,-1.96,-2.4802,-1.1925333333333334,0.48
0.8,0.98,CAF,CAF,-1.96,-2.4802,-1.2133333333333334,0.3999999999999999
0.84,0.98,CAF,CAF,-1.96,-2.4802,-1.2351999999999999,0.32000000000000006
0.88,0.98,CAF,CAF,-1.96,-2.4802,-1.2581333333333333,0.24
0.92,0.98,CAF,CAF,-1.96,-2.4802,-1.2821333333333333,0.15999999999999992
0.96,0.98,CAF,CAF,-1.96,-2.4802,-1.3072,0.08000000000000007
1.0,0.98,CAF,CAF,-1.96,-2.4802,-1.3333333333333333,0.0
1.04,0.98,CAF,CAF,-1.96,-2.4802,-1.3605333333333334,-0.08000000000000007
1.08,0.98,CAF,CAF,-1.96,-2.4802,-1.3888,-0.16000000000000014
1.12,0.98,CAF,CAF,-1.96,-2.4802,-1.4181333333333335,-0.2400000000000002
1.16,0.98,CAF,CAF,-1.96,-2.4802,-1.4485333333333332,-0.31999999999999984
1.2,0.98,CAF,CAF,-1.96,-2.4802,-1.48,-0.3999999999999999
1.24,0.98,CAF,CAF,-1.96,-2.4802,-1.5125333333333333,-0.48
1.28,0.98,CAF,CAF,-1.96,-2.4802,-1.5461333333333334,-0.56
1.32,0.98,CAF,CAF,-1.96,-2.4802,-1.5808,-0.6400000000000001
1.36,0.98,CAF,CAF,-1.96,-2.4802,-1.6165333333333334,-0.7200000000000002
1.4,0.98,CAF,CAF,-1.96,-2.4802,-1.6533333333333333,-0.7999999999999998
1.44,0.98,CAF,CAF,-1.96,-2.4802,-1.6911999999999998,-0.8799999999999999
1.48,0.98,CAF,CAF,-1.96,-2.4802,-1.7301333333333333,-0.96
1.52,0.98,CAF,CAF,-1.96,-2.4802,-1.7701333333333333,-1.04
1.56,0.98,CAF,CAF,-1.96,-2.4802,-1.8112,-1.12
1.6,0.98,CAF,CAF,-1.96,-2.4802,-1.8533333333333335,-1.2000000000000002
1.64,0.98,CAF,CAF,-1.96,-2.4802,-1.8965333333333332,-1.2799999999999998
1.68,0.98,CAF,CAF,-1.96,-2.4802,-1.9407999999999999,-1.3599999999999999
1.72,0.98,CAF,CAF,-1.96,-2.4802,-1.986133333333333,-1.44
1.76,0.98,CAF,CAF,-1.96,-2.4802,-2.0325333333333333,-1.52
1.8,0.98,CAF,CAF,-1.96,-2.4802,-2.08,-1.6
1.84,0.98,CAF,CAF,-1.96,-2.4802,-2.1285333333333334,-1.6800000000000002
1.88,0.98,CAF,CAF,-1.96,-2.4802,-2.1781333333333333,-1.7599999999999998
1.92,0.98,CAF,CAF,-1.96,-2.4802,-2.2287999999999997,-1.8399999999999999
1.96,0.98,CAF,CAF,-1.96,-2.4802,-2.2805333333333335,-1.92
2.0,0.98,CAF,CAF,-1.96,-2.4802,-2.333333333333333,-2.0
2.04,0.98,CAF,CAF,-1.96,-2.4802,-2.3872,-2.08
2.08,0.98,CAF,CAF,-1.96,-2.4802,-2.4421333333333335,-2.16
2.12,0.98,PLP,PLP,-1.96,-2.4802,-2.4981333333333335,-2.24
2.16,0.98,PLP,PLP,-1.96,-2.4802,-2.5552,-2.3200000000000003
2.2,0.98,PLP,PLP,-1.96,-2.4802,-2.6133333333333333,-2.4000000000000004
2.24,0.98,PLP,PLP,-1.96,-2.4802,-2.672533333333334,-2.4800000000000004
2.28,0.98,PLP,PLP,-1.96,-2.4802,-2.7328,-2.5599999999999996
2.32,0.98,PLP,PLP,-1.96,-2.4802,-2.794133333333333,-2.6399999999999997
2.36,0.98,PLP,PLP,-1.96,-2.4802,-2.856533333333333,-2.7199999999999998
2.4,0.98,PLP,PLP,-1.96,-2.4802,-2.92,-2.8
2.44,0.98,PLP,PLP,-1.96,-2.4802,-2.9845333333333333,-2.88
2.48,0.98,PLP,PLP,-1.96,-2.4802,-3.0501333333333336,-2.96
2.52,0.98,PLP,PLP,-1.96,-2.4802,-3.1168,-3.04
2.56,0.98,PLP,PLP,-1.96,-2.4802,-3.1845333333333334,-3.12
2.6,0.98,PLP,PLP,-1.96,-2.4802,-3.2533333333333334,-3.2
2.64,0.98,PLP,PLP,-1.96,-2.4802,-3.3232000000000004,-3.2800000000000002
2.68,0.98,PLP,PLP,-1.96,-2.4802,-3.394133333333334,-3.3600000000000003
2.72,0.98,PLP,PLP,-1.96,-2.4802,-3.466133333333334,-3.4400000000000004
2.76,0.98,PLP,PLP,-1.96,-2.4802,-3.5391999999999997,-3.5199999999999996
2.8,0.98,PLP,PLP,-1.96,-2.4802,-3.613333333333333,-3.5999999999999996
2.84,0.98,PLP,PLP,-1.96,-2.4802,-3.6885333333333334,-3.6799999999999997
2.88,0.98,PLP,PLP,-1.96,-2.4802,-3.7647999999999997,-3.76
2.92,0.98,PLP,PLP,-1.96,-2.4802,-3.842133333333333,-3.84
2.96,0.98,PLP,PLP,-1.96,-2.4802,-3.920533333333333,-3.92
3.0,0.98,degenerate,PLP|FLP,-1.96,-2.4802,-4.0,-4.0
3.04,0.98,FLP,FLP,-1.96,-2.4802,,-4.08
3.08,0.98,FLP,FLP,-1.96,-2.4802,,-4.16
3.12,0.98,FLP,FLP,-1.96,-2.4802,,-4.24
3.16,0.98,FLP,FLP,-1.96,-2.4802,,-4.32
3.2,0.98,FLP,FLP,-1.96,-2.4802,,-4.4
3.24,0.98,FLP,FLP,-1.96,-2.4802,,-4.48
3.28,0.98,FLP,FLP,-1.96,-2.4802,,-4.56
3.32,0.98,FLP,FLP,-1.96,-2.4802,,-4.64
3.36,0.98,FLP,FLP,-1.96,-2.4802,,-4.72
3.4,0.98,FLP,FLP,-1.96,-2.4802,,-4.8
3.44,0.98,FLP,FLP,-1.96,-2.4802,,-4.88
3.48,0.98,FLP,FLP,-1.96,-2.4802,,-4.96
3.52,0.98,FLP,FLP,-1.96,-2.4802,,-5.04
3.56,0.98,FLP,FLP,-1.96,-2.4802,,-5.12
3.6,0.98,FLP,FLP,-1.96,-2.4802,,-5.2
3.64,0.98,FLP,FLP,-1.96,-2.4802,,-5.28
3.68,0.98,FLP,FLP,-1.96,-2.4802,,-5.36
3.72,0.98,FLP,FLP,-1.96,-2.4802,,-5.44
3.76,0.98,FLP,FLP,-1.96,-2.4802,,-5.52
3.8,0.98,FLP,FLP,-1.96,-2.4802,,-5.6
3.84,0.98,FLP,FLP,-1.96,-2.4802,,-5.68
3.88,0.98,FLP,FLP,-1.96,-2.4802,,-5.76
3.92,0.98,FLP,FLP,-1.96,-2.4802,,-5.84
3.96,0.98,FLP,FLP,-1.96,-2.4802,,-5.92
4.0,0.98,FLP,FLP,-1.96,-2.4802,,-6.0
0.0,1.015,CAF,CAF,-2.03,-2.5151125,-1.0,2.0
0.04,1.015,CAF,CAF,-2.03,-2.5151125,-1.0005333333333333,1.92
0.08,1.015,CAF,CAF,-2.03,-2.5151125,-1.0021333333333333,1.84
0.12,1.015,CAF,CAF,-2.03,-2.5151125,-1.0048,1.76
0.16,1.015,CAF,CAF,-2.03,-2.5151125,-1.0085333333333333,1.68
0.2,1.015,CAF,CAF,-2.03,-2.5151125,-1.0133333333333334,1.6
0.24,1.015,CAF,CAF,-2.03,-2.5151125,-1.0192,1.52
0.28,1.015,CAF,CAF,-2.03,-2.5151125,-1.0261333333333333,1.44
0.32,1.015,CAF,CAF,-2.03,-2.5151125,-1.0341333333333333,1.3599999999999999
0.36,1.015,CAF,CAF,-2.03,-2.5151125,-1.0432,1.28
0.4,1.015,CAF,CAF,-2.03,-2.5151125,-1.0533333333333332,1.2
0.44,1.015,CAF,CAF,-2.03,-2.5151125,-1.0645333333333333,1.12
0.48,1.015,CAF,CAF,-2.03,-2.5151125,-1.0768,1.04
0.52,1.015,CAF,CAF,-2.03,-2.5151125,-1.0901333333333334,0.96
0.56,1.015,CAF,CAF,-2.03,-2.5151125,-1.1045333333333334,0.8799999999999999
0.6,1.015,CAF,CAF,-2.03,-2.5151125,-1.12,0.8
0.64,1.015,CAF,CAF,-2.03,-2.5151125,-1.1365333333333334,0.72
0.68,1.015,CAF,CAF,-2.03,-2.5151125,-1.1541333333333335,0.6399999999999999
0.72,1.015,CAF,CAF,-2.03,-2.5151125,-1.1728,0.56
0.76,1.015,CAF,CAF,-2.03,-2.5151125,-1.1925333333333334,0.48
0.8,1.015,CAF,CAF,-2.03,-2.5151125,-1.2133333333333334,0.3999999999999999
0.84,1.015,CAF,CAF,-2.03,-2.5151125,-1.2351999999999999,0.32000000000000006
0.88,1.015,CAF,CAF,-2.03,-2.5151125,-1.2581333333333333,0.24
0.92,1.015,CAF,CAF,-2.03,-2.5151125,-1.2821333333333333,0.15999999999999992
0.96,1.015,CAF,CAF,-2.03,-2.5151125,-1.3072,0.08000000000000007
1.0,1.015,CAF,CAF,-2.03,-2.5151125,-1.3333333333333333,0.0
1.04,1.015,CAF,CAF,-2.03,-2.5151125,-1.3605333333333334,-0.08000000000000007
1.08,1.015,CAF,CAF,-2.03,-2.5151125,-1.3888,-0.16000000000000014
1.12,1.015,CAF,CAF,-2.03,-2.5151125,-1.4181333333333335,-0.2400000000000002
1.16,1.015,CAF,CAF,-2.03,-2.5151125,-1.4485333333333332,-0.31999999999999984
1.2,1.015,CAF,CAF,-2.03,-2.5151125,-1.48,-0.3999999999999999
1.24,1.015,CAF,CAF,-2.03,-2.5151125,-1.5125333333333333,-0.48
1.28,1.015,CAF,CAF,-2.03,-2.5151125,-1.5461333333333334,-0.56
1.32,1.015,CAF,CAF,-2.03,-2.5151125,-1.5808,-0.6400000000000001
1.36,1.015,CAF,CAF,-2.03,-2.5151125,-1.6165333333333334,-0.7200000000000002
1.4,1.015,CAF,CAF,-2.03,-2.5151125,-1.6533333333333333,-0.7999999999999998
1.44,1.015,CAF,CAF,-2.03,-2.5151125,-1.6911999999999998,-0.8799999999999999
1.48,1.015,CAF,CAF,-2.03,-2.5151125,-1.7301333333333333,-0.96
1.52,1.015,CAF,CAF,-2.03,-2.5151125,-1.7701333333333333,-1.04
1.56,1.015,CAF,CAF,-2.03,-2.5151125,-1.8112,-1.12
1.6,1.015,CAF,CAF,-2.03,-2.5151125,-1.8533333333333335,-1.2000000000000002
1.64,1.015,CAF,CAF,-2.03,-2.5151125,-1.8965333333333332,-1.2799999999999998
1.68,1.015,CAF,CAF,-2.03,-2.5151125,-1.9407999999999999,-1.3599999999999999
1.72,1.015,CAF,CAF,-2.03,-2.5151125,-1.986133333333333,-1.44
1.76,1.015,CAF,CAF,-2.03,-2.5151125,-2.0325333333333333,-1.52
1.8,1.015,CAF,CAF,-2.03,-2.5151125,-2.08,-1.6
1.84,1.015,CAF,CAF,-2.03,-2.5151125,-2.1285333333333334,-1.6800000000000002
1.88,1.015,CAF,CAF,-2.03,-2.5151125,-2.1781333333333333,-1.7599999999999998
1.92,1.015,CAF,CAF,-2.03,-2.5151125,-2.2287999999999997,-1.8399999999999999
1.96,1.015,CAF,CAF,-2.03,-2.5151125,-2.2805333333333335,-1.92
2.0,1.015,CAF,CAF,-2.03,-2.5151125,-2.333333333333333,-2.0
2.04,1.015,CAF,CAF,-2.03,-2.5151125,-2.3872,-2.08
2.08,1.015,CAF,CAF,-2.03,-2.5151125,-2.4421333333333335,-2.16
2.12,1.015,CAF,CAF,-2.03,-2.5151125,-2.4981333333333335,-2.24
2.16,1.015,PLP,PLP,-2.03,-2.5151125,-2.5552,-2.3200000000000003
2.2,1.015,PLP,PLP,-2.03,-2.5151125,-2.6133333333333333,-2.4000000000000004
2.24,1.015,PLP,PLP,-2.03,-2.5151125,-2.672533333333334,-2.4800000000000004
2.28,1.015,PLP,PLP,-2.03,-2.5151125,-2.7328,-2.5599999999999996
2.32,1.015,PLP,PLP,-2.03,-2.5151125,-2.794133333333333,-2.6399999999999997
2.36,1.015,PLP,PLP,-2.03,-2.5151125,-2.856533333333333,-2.7199999999999998
2.4,1.015,PLP,PLP,-2.03,-2.5151125,-2.92,-2.8
2.44,1.015,PLP,PLP,-2.03,-2.5151125,-2.9845333333333333,-2.88
2.48,1.015,PLP,PLP,-2.03,-2.5151125,-3.0501333333333336,-2.96
2.52,1.015,PLP,PLP,-2.03,-2.5151125,-3.1168,-3.04
2.56,1.015,PLP,PLP,-2.03,-2.5151125,-3.1845333333333334,-3.12
2.6,1.015,PLP,PLP,-2.03,-2.5151125,-3.2533333333333334,-3.2
2.64,1.015,PLP,PLP,-2.03,-2.5151125,-3.3232000000000004,-3.2800000000000002
2.68,1.015,PLP,PLP,-2.03,-2.5151125,-3.394133333333334,-3.3600000000000003
2.72,1.015,PLP,PLP,-2.03,-2.5151125,-3.466133333333334,-3.4400000000000004
2.76,1.015,PLP,PLP,-2.03,-2.5151125,-3.5391999999999997,-3.5199999999999996
2.8,1.015,PLP,PLP,-2.03,-2.5151125,-3.613333333333333,-3.5999999999999996
2.84,1.015,PLP,PLP,-2.03,-2.5151125,-3.6885333333333334,-3.6799999999999997
2.88,1.015,PLP,PLP,-2.03,-2.5151125,-3.7647999999999997,-3.76
2.92,1.015,PLP,PLP,-2.03,-2.5151125,-3.842133333333333,-3.84
2.96,1.015,PLP,PLP,-2.03,-2.5151125,-3.920533333333333,-3.92
3.0,1.015,degenerate,PLP|FLP,-2.03,-2.5151125,-4.0,-4.0
3.04,1.015,FLP,FLP,-2.03,-2.5151125,,-4.08
3.08,1.015,FLP,FLP,-2.03,-2.5151125,,-4.16
3.12,1.015,FLP,FLP,-2.03,-2.5151125,,-4.24
3.16,1.015,FLP,FLP,-2.03,-2.5151125,,-4.32
3.2,1.015,FLP,FLP,-2.03,-2.5151125,,-4.4
3.24,1.015,FLP,FLP,-2.03,-2.5151125,,-4.48
3.28,1.015,FLP,FLP,-2.03,-2.5151125,,-4.56
3.32,1.015,FLP,FLP,-2.03,-2.5151125,,-4.64
3.36,1.015,FLP,FLP,-2.03,-2.5151125,,-4.72
3.4,1.015,FLP,FLP,-2.03,-2.5151125,,-4.8
3.44,1.015,FLP,FLP,-2.03,-2.5151125,,-4.88
3.48,1.015,FLP,FLP,-2.03,-2.5151125,,-4.96
3.52,1.015,FLP,FLP,-2.03,-2.5151125,,-5.04
3.56,1.015,FLP,FLP,-2.03,-2.5151125,,-5.12
3.6,1.015,FLP,FLP,-2.03,-2.5151125,,-5.2
3.64,1.015,FLP,FLP,-2.03,-2.5151125,,-5.28
3.68,1.015,FLP,FLP,-2.03,-2.5151125,,-5.36
3.72,1.015,FLP,FLP,-2.03,-2.5151125,,-5.44
3.76,1.015,FLP,FLP,-2.03,-2.5151125,,-5.52
3.8,1.015,FLP,FLP,-2.03,-2.5151125,,-5.6
3.84,1.015,FLP,FLP,-2.03,-2.5151125,,-5.68
3.88,1.015,FLP,FLP,-2.03,-2.5151125,,-5.76
3.92,1.015,FLP,FLP,-2.03,-2.5151125,,-5.84
3.96,1.015,FLP,FLP,-2.03,-2.5151125,,-5.92
4.0,1.015,FLP,FLP,-2.03,-2.5151125,,-6.0
0.0,1.05,CAF,CAF,-2.1,-2.55125,-1.0,2.0
0.04,1.05,CAF,CAF,-2.1,-2.55125,-1.0005333333333333,1.92
0.08,1.05,CAF,CAF,-2.1,-2.55125,-1.0021333333333333,1.84
0.12,1.05,CAF,CAF,-2.1,-2.55125,-1.0048,1.76
0.16,1.05,CAF,CAF,-2.1,-2.55125,-1.0085333333333333,1.68
0.2,1.05,CAF,CAF,-2.1,-2.55125,-1.0133333333333334,1.6
0.24,1.05,CAF,CAF,-2.1,-2.55125,-1.0192,1.52
0.28,1.05,CAF,CAF,-2.1,-2.55125,-1.0261333333333333,1.44
0.32,1.05,CAF,CAF,-2.1,-2.55125,-1.0341333333333333,1.3599999999999999
0.36,1.05,CAF,CAF,-2.1,-2.55125,-1.0432,1.28
0.4,1.05,CAF,CAF,-2.1,-2.55125,-1.0533333333333332,1.2
0.44,1.05,CAF,CAF,-2.1,-2.55125,-1.0645333333333333,1.12
0.48,1.05,CAF,CAF,-2.1,-2.55125,-1.0768,1.04
0.52,1.05,CAF,CAF,-2.1,-2.55125,-1.0901333333333334,0.96
0.56,1.05,CAF,CAF,-2.1,-2.55125,-1.1045333333333334,0.8799999999999999
0.6,1.05,CAF,CAF,-2.1,-2.55125,-1.12,0.8
0.64,1.05,CAF,CAF,-2.1,-2.55125,-1.1365333333333334,0.72
0.68,1.05,CAF,CAF,-2.1,-2.55125,-1.1541333333333335,0.6399999999999999
0.72,1.05,CAF,CAF,-2.1,-2.55125,-1.1728,0.56
0.76,1.05,CAF,CAF,-2.1,-2.55125,-1.1925333333333334,0.48
0.8,1.05,CAF,CAF,-2.1,-2.55125,-1.2133333333333334,0.3999999999999999
0.84,1.05,CAF,CAF,-2.1,-2.55125,-1.2351999999999999,0.32000000000000006
0.88,1.05,CAF,CAF,-2.1,-2.55125,-1.2581333333333333,0.24
0.92,1.05,CAF,CAF,-2.1,-2.55125,-1.2821333333333333,0.15999999999999992
0.96,1.05,CAF,CAF,-2.1,-2.55125,-1.3072,0.08000000000000007
1.0,1.05,CAF,CAF,-2.1,-2.55125,-1.3333333333333333,0.0
1.04,1.05,CAF,CAF,-2.1,-2.55125,-1.3605333333333334,-0.08000000000000007
1.08,1.05,CAF,CAF,-2.1,-2.55125,-1.3888,-0.16000000000000014
1.12,1.05,CAF,CAF,-2.1,-2.55125,-1.4181333333333335,-0.2400000000000002
1.16,1.05,CAF,CAF,-2.1,-2.55125,-1.4485333333333332,-0.31999999999999984
1.2,1.05,CAF,CAF,-2.1,-2.55125,-1.48,-0.3999999999999999
1.24,1.05,CAF,CAF,-2.1,-2.55125,-1.5125333333333333,-0.48
1.28,1.05,CAF,CAF,-2.1,-2.55125,-1.5461333333333334,-0.56
1.32,1.05,CAF,CAF,-2.1,-2.55125,-1.5808,-0.6400000000000001
1.36,1.05,CAF,CAF,-2.1,-2.55125,-1.6165333333333334,-0.7200000000000002
1.4,1.05,CAF,CAF,-2.1,-2.55125,-1.6533333333333333,-0.7999999999999998
1.44,1.05,CAF,CAF,-2.1,-2.55125,-1.6911999999999998,-0.8799999999999999
1.48,1.05,CAF,CAF,-2.1,-2.55125,-1.7301333333333333,-0.96
1.52,1.05,CAF,CAF,-2.1,-2.55125,-1.7701333333333333,-1.04
1.56,1.05,CAF,CAF,-2.1,-2.55125,-1.8112,-1.12
1.6,1.05,CAF,CAF,-2.1,-2.55125,-1.8533333333333335,-1.2000000000000002
1.64,1.05,CAF,CAF,-2.1,-2.55125,-1.8965333333333332,-1.2799999999999998
1.68,1.05,CAF,CAF,-2.1,-2.55125,-1.9407999999999999,-1.3599999999999999
1.72,1.05,CAF,CAF,-2.1,-2.55125,-1.986133333333333,-1.44
1.76,1.05,CAF,CAF,-2.1,-2.55125,-2.0325333333333333,-1.52
1.8,1.05,CAF,CAF,-2.1,-2.55125,-2.08,-1.6
1.84,1.05,CAF,CAF,-2.1,-2.55125,-2.1285333333333334,-1.6800000000000002
1.88,1.05,CAF,CAF,-2.1,-2.55125,-2.1781333333333333,-1.7599999999999998
1.92,1.05,CAF,CAF,-2.1,-2.55125,-2.2287999999999997,-1.8399999999999999
1.96,1.05,CAF,CAF,-2.1,-2.55125,-2.2805333333333335,-1.92
2.0,1.05,CAF,CAF,-2.1,-2.55125,-2.333333333333333,-2.0
2.04,1.05,CAF,CAF,-2.1,-2.55125,-2.3872,-2.08
2.08,1.05,CAF,CAF,-2.1,-2.55125,-2.4421333333333335,-2.16
2.12,1.05,CAF,CAF,-2.1,-2.55125,-2.4981333333333335,-2.24
2.16,1.05,PLP,PLP,-2.1,-2.55125,-2.5552,-2.3200000000000003
2.2,1.05,PLP,PLP,-2.1,-2.55125,-2.6133333333333333,-2.4000000000000004
2.24,1.05,PLP,PLP,-2.1,-2.55125,-2.672533333333334,-2.4800000000000004
2.28,1.05,PLP,PLP,-2.1,-2.55125,-2.7328,-2.5599999999999996
2.32,1.05,PLP,PLP,-2.1,-2.55125,-2.794133333333333,-2.6399999999999997
2.36,1.05,PLP,PLP,-2.1,-2.55125,-2.856533333333333,-2.7199999999999998
2.4,1.05,PLP,PLP,-2.1,-2.55125,-2.92,-2.8
2.44,1.05,PLP,PLP,-2.1,-2.55125,-2.9845333333333333,-2.88
2.48,1.05,PLP,PLP,-2.1,-2.55125,-3.0501333333333336,-2.96
2.52,1.05,PLP,PLP,-2.1,-2.55125,-3.1168,-3.04
2.56,1.05,PLP,PLP,-2.1,-2.55125,-3.1845333333333334,-3.12
2.6,1.05,PLP,PLP,-2.1,-2.55125,-3.2533333333333334,-3.2
2.64,1.05,PLP,PLP,-2.1,-2.55125,-3.3232000000000004,-3.2800000000000002
2.68,1.05,PLP,PLP,-2.1,-2.55125,-3.394133333333334,-3.3600000000000003
2.72,1.05,PLP,PLP,-2.1,-2.55125,-3.466133333333334,-3.4400000000000004
2.76,1.05,PLP,PLP,-2.1,-2.55125,-3.5391999999999997,-3.5199999999999996
2.8,1.05,PLP,PLP,-2.1,-2.55125,-3.613333333333333,-3.5999999999999996
2.84,1.05,PLP,PLP,-2.1,-2.55125,-3.6885333333333334,-3.6799999999999997
2.88,1.05,PLP,PLP,-2.1,-2.55125,-3.7647999999999997,-3.76
2.92,1.05,PLP,PLP,-2.1,-2.55125,-3.842133333333333,-3.84
2.96,1.05,PLP,PLP,-2.1,-2.55125,-3.920533333333333,-3.92
3.0,1.05,degenerate,PLP|FLP,-2.1,-2.55125,-4.0,-4.0
3.04,1.05,FLP,FLP,-2.1,-2.55125,,-4.08
3.08,1.05,FLP,FLP,-2.1,-2.55125,,-4.16
3.12,1.05,FLP,FLP,-2.1,-2.55125,,-4.24
3.16,1.05,FLP,FLP,-2.1,-2.55125,,-4.32
3.2,1.05,FLP,FLP,-2.1,-2.55125,,-4.4
3.24,1.05,FLP,FLP,-2.1,-2.55125,,-4.48
3.28,1.05,FLP,FLP,-2.1,-2.55125,,-4.56
3.32,1.05,FLP,FLP,-2.1,-2.55125,,-4.64
3.36,1.05,FLP,FLP,-2.1,-2.55125,,-4.72
3.4,1.05,FLP,FLP,-2.1,-2.55125,,-4.8
3.44,1.05,FLP,FLP,-2.1,-2.55125,,-4.88
3.48,1.05,FLP,FLP,-2.1,-2.55125,,-4.96
3.52,1.05,FLP,FLP,-2.1,-2.55125,,-5.04
3.56,1.05,FLP,FLP,-2.1,-2.55125,,-5.12
3.6,1.05,FLP,FLP,-2.1,-2.55125,,-5.2
3.64,1.05,FLP,FLP,-2.1,-2.55125,,-5.28
3.68,1.05,FLP,FLP,-2.1,-2.55125,,-5.36
3.72,1.05,FLP,FLP,-2.1,-2.55125,,-5.44
3.76,1.05,FLP,FLP,-2.1,-2.55125,,-5.52
3.8,1.05,FLP,FLP,-2.1,-2.55125,,-5.6
3.84,1.05,FLP,FLP,-2.1,-2.55125,,-5.68
3.88,1.05,FLP,FLP,-2.1,-2.55125,,-5.76
3.92,1.05,FLP,FLP,-2.1,-2.55125,,-5.84
3.96,1.05,FLP,FLP,-2.1,-2.55125,,-5.92
4.0,1.05,FLP,FLP,-2.1,-2.55125,,-6.0
0.0,1.085,CAF,CAF,-2.17,-2.5886125,-1.0,2.0
0.04,1.085,CAF,CAF,-2.17,-2.5886125,-1.0005333333333333,1.92
0.08,1.085,CAF,CAF,-2.17,-2.5886125,-1.0021333333333333,1.84
0.12,1.085,CAF,CAF,-2.17,-2.5886125,-1.0048,1.76
0.16,1.085,CAF,CAF,-2.17,-2.5886125,-1.0085333333333333,1.68
0.2,1.085,CAF,CAF,-2.17,-2.5886125,-1.0133333333333334,1.6
0.24,1.085,CAF,CAF,-2.17,-2.5886125,-1.0192,1.52
0.28,1.085,CAF,CAF,-2.17,-2.5886125,-1.0261333333333333,1.44
0.32,1.085,CAF,CAF,-2.17,-2.5886125,-1.0341333333333333,1.3599999999999999
0.36,1.085,CAF,CAF,-2.17,-2.5886125,-1.0432,1.28
0.4,1.085,CAF,CAF,-2.17,-2.5886125,-1.0533333333333332,1.2
0.44,1.085,CAF,CAF,-2.17,-2.5886125,-1.0645333333333333,1.12
0.48,1.085,CAF,CAF,-2.17,-2.5886125,-1.0768,1.04
0.52,1.085,CAF,CAF,-2.17,-2.5886125,-1.0901333333333334,0.96
0.56,1.085,CAF,CAF,-2.17,-2.5886125,-1.1045333333333334,0.8799999999999999
0.6,1.085,CAF,CAF,-2.17,-2.5886125,-1.12,0.8
0.64,1.085,CAF,CAF,-2.17,-2.5886125,-1.1365333333333334,0.72
0.68,1.085,CAF,CAF,-2.17,-2.5886125,-1.1541333333333335,0.6399999999999999
0.72,1.085,CAF,CAF,-2.17,-2.5886125,-1.1728,0.56
0.76,1.085,CAF,CAF,-2.17,-2.5886125,-1.1925333333333334,0.48
0.8,1.085,CAF,CAF,-2.17,-2.5886125,-1.2133333333333334,0.3999999999999999
0.84,1.085,CAF,CAF,-2.17,-2.5886125,-1.2351999999999999,0.32000000000000006
0.88,1.085,CAF,CAF,-2.17,-2.5886125,-1.2581333333333333,0.24
0.92,1.085,CAF,CAF,-2.17,-2.5886125,-1.2821333333333333,0.15999999999999992
0.96,1.085,CAF,CAF,-2.17,-2.5886125,-1.3072,0.08000000000000007
1.0,1.085,CAF,CAF,-2.17,-2.5886125,-1.3333333333333333,0.0
1.04,1.085,CAF,CAF,-2.17,-2.5886125,-1.3605333333333334,-0.08000000000000007
1.08,1.085,CAF,CAF,-2.17,-2.5886125,-1.3888,-0.16000000000000014
1.12,1.085,CAF,CAF,-2.17,-2.5886125,-1.4181333333333335,-0.2400000000000002
1.16,1.085,CAF,CAF,-2.17,-2.5886125,-1.4485333333333332,-0.31999999999999984
1.2,1.085,CAF,CAF,-2.17,-2.5886125,-1.48,-0.3999999999999999
1.24,1.085,CAF,CAF,-2.17,-2.5886125,-1.5125333333333333,-0.48
1.28,1.085,CAF,CAF,-2.17,-2.5886125,-1.5461333333333334,-0.56
1.32,1.085,CAF,CAF,-2.17,-2.5886125,-1.5808,-0.6400000000000001
1.36,1.085,CAF,CAF,-2.17,-2.5886125,-1.6165333333333334,-0.7200000000000002
1.4,1.085,CAF,CAF,-2.17,-2.5886125,-1.6533333333333333,-0.7999999999999998
1.44,1.085,CAF,CAF,-2.17,-2.5886125,-1.6911999999999998,-0.8799999999999999
1.48,1.085,CAF,CAF,-2.17,-2.5886125,-1.7301333333333333,-0.96
1.52,1.085,CAF,CAF,-2.17,-2.5886125,-1.7701333333333333,-1.04
1.56,1.085,CAF,CAF,-2.17,-2.5886125,-1.8112,-1.12
1.6,1.085,CAF,CAF,-2.17,-2.5886125,-1.8533333333333335,-1.2000000000000002
1.64,1.085,CAF,CAF,-2.17,-2.5886125,-1.8965333333333332,-1.2799999999999998
1.68,1.085,CAF,CAF,-2.17,-2.5886125,-1.9407999999999999,-1.3599999999999999
1.72,1.085,CAF,CAF,-2.17,-2.5886125,-1.986133333333333,-1.44
1.76,1.085,CAF,CAF,-2.17,-2.5886125,-2.0325333333333333,-1.52
1.8,1.085,CAF,CAF,-2.17,-2.5886125,-2.08,-1.6
1.84,1.085,CAF,CAF,-2.17,-2.5886125,-2.1285333333333334,-1.6800000000000002
1.88,1.085,CAF,CAF,-2.17,-2.5886125,-2.1781333333333333,-1.7599999999999998
1.92,1.085,CAF,CAF,-2.17,-2.5886125,-2.2287999999999997,-1.8399999999999999
1.96,1.085,CAF,CAF,-2.17,-2.5886125,-2.2805333333333335,-1.92
2.0,1.085,CAF,CAF,-2.17,-2.5886125,-2.333333333333333,-2.0
2.04,1.085,CAF,CAF,-2.17,-2.5886125,-2.3872,-2.08
2.08,1.085,CAF,CAF,-2.17,-2.5886125,-2.4421333333333335,-2.16
2.12,1.085,CAF,CAF,-2.17,-2.5886125,-2.4981333333333335,-2.24
2.16,1.085,CAF,CAF,-2.17,-2.5886125,-2.5552,-2.3200000000000003
2.2,1.085,PLP,PLP,-2.17,-2.5886125,-2.6133333333333333,-2.4000000000000004
2.24,1.085,PLP,PLP,-2.17,-2.5886125,-2.672533333333334,-2.4800000000000004
2.28,1.085,PLP,PLP,-2.17,-2.5886125,-2.7328,-2.5599999999999996
2.32,1.085,PLP,PLP,-2.17,-2.5886125,-2.794133333333333,-2.6399999999999997
2.36,1.085,PLP,PLP,-2.17,-2.5886125,-2.856533333333333,-2.7199999999999998
2.4,1.085,PLP,PLP,-2.17,-2.5886125,-2.92,-2.8
2.44,1.085,PLP,PLP,-2.17,-2.5886125,-2.9845333333333333,-2.88
2.48,1.085,PLP,PLP,-2.17,-2.5886125,-3.0501333333333336,-2.96
2.52,1.085,PLP,PLP,-2.17,-2.5886125,-3.1168,-3.04
2.56,1.085,PLP,PLP,-2.17,-2.5886125,-3.1845333333333334,-3.12
2.6,1.085,PLP,PLP,-2.17,-2.5886125,-3.2533333333333334,-3.2
2.64,1.085,PLP,PLP,-2.17,-2.5886125,-3.3232000000000004,-3.2800000000000002
2.68,1.085,PLP,PLP,-2.17,-2.5886125,-3.394133333333334,-3.3600000000000003
2.72,1.085,PLP,PLP,-2.17,-2.5886125,-3.466133333333334,-3.4400000000000004
2.76,1.085,PLP,PLP,-2.17,-2.5886125,-3.5391999999999997,-3.5199999999999996
2.8,1.085,PLP,PLP,-2.17,-2.5886125,-3.613333333333333,-3.5999999999999996
2.84,1.085,PLP,PLP,-2.17,-2.5886125,-3.6885333333333334,-3.6799999999999997
2.88,1.085,PLP,PLP,-2.17,-2.5886125,-3.7647999999999997,-3.76
2.92,1.085,PLP,PLP,-2.17,-2.5886125,-3.842133333333333,-3.84
2.96,1.085,PLP,PLP,-2.17,-2.5886125,-3.920533333333333,-3.92
3.0,1.085,degenerate,PLP|FLP,-2.17,-2.5886125,-4.0,-4.0
3.04,1.085,FLP,FLP,-2.17,-2.5886125,,-4.08
3.08,1.085,FLP,FLP,-2.17,-2.5886125,,-4.16
3.12,1.085,FLP,FLP,-2.17,-2.5886125,,-4.24
3.16,1.085,FLP,FLP,-2.17,-2.5886125,,-4.32
3.2,1.085,FLP,FLP,-2.17,-2.5886125,,-4.4
3.24,1.085,FLP,FLP,-2.17,-2.5886125,,-4.48
3.28,1.085,FLP,FLP,-2.17,-2.5886125,,-4.56
3.32,1.085,FLP,FLP,-2.17,-2.5886125,,-4.64
3.36,1.085,FLP,FLP,-2.17,-2.5886125,,-4.72
3.4,1.085,FLP,FLP,-2.17,-2.5886125,,-4.8
3.44,1.085,FLP,FLP,-2.17,-2.5886125,,-4.88
3.48,1.085,FLP,FLP,-2.17,-2.5886125,,-4.96
3.52,1.085,FLP,FLP,-2.17,-2.5886125,,-5.04
3.56,1.085,FLP,FLP,-2.17,-2.5886125,,-5.12
3.6,1.085,FLP,FLP,-2.17,-2.5886125,,-5.2
3.64,1.085,FLP,FLP,-2.17,-2.5886125,,-5.28
3.68,1.085,FLP,FLP,-2.17,-2.5886125,,-5.36
3.72,1.085,FLP,FLP,-2.17,-2.5886125,,-5.44
3.76,1.085,FLP,FLP,-2.17,-2.5886125,,-5.52
3.8,1.085,FLP,FLP,-2.17,-2.5886125,,-5.6
3.84,1.085,FLP,FLP,-2.17,-2.5886125,,-5.68
3.88,1.085,FLP,FLP,-2.17,-2.5886125,,-5.76
3.92,1.085,FLP,FLP,-2.17,-2.5886125,,-5.84
3.96,1.085,FLP,FLP,-2.17,-2.5886125,,-5.92
4.0,1.085,FLP,FLP,-2.17,-2.5886125,,-6.0
0.0,1.12,CAF,CAF,-2.24,-2.6272,-1.0,2.0
0.04,1.12,CAF,CAF,-2.24,-2.6272,-1.0005333333333333,1.92
0.08,1.12,CAF,CAF,-2.24,-2.6272,-1.0021333333333333,1.84
0.12,1.12,CAF,CAF,-2.24,-2.6272,-1.0048,1.76
0.16,1.12,CAF,CAF,-2.24,-2.6272,-1.0085333333333333,1.68
0.2,1.12,CAF,CAF,-2.24,-2.6272,-1.0133333333333334,1.6
0.24,1.12,CAF,CAF,-2.24,-2.6272,-1.0192,1.52
0.28,1.12,CAF,CAF,-2.24,-2.6272,-1.0261333333333333,1.44
0.32,1.12,CAF,CAF,-2.24,-2.6272,-1.0341333333333333,1.3599999999999999
0.36,1.12,CAF,CAF,-2.24,-2.6272,-1.0432,1.28
0.4,1.12,CAF,CAF,-2.24,-2.6272,-1.0533333333333332,1.2
0.44,1.12,CAF,CAF,-2.24,-2.6272,-1.0645333333333333,1.12
0.48,1.12,CAF,CAF,-2.24,-2.6272,-1.0768,1.04
0.52,1.12,CAF,CAF,-2.24,-2.6272,-1.0901333333333334,0.96
0.56,1.12,CAF,CAF,-2.24,-2.6272,-1.1045333333333334,0.8799999999999999
0.6,1.12,CAF,CAF,-2.24,-2.6272,-1.12,0.8
0.64,1.12,CAF,CAF,-2.24,-2.6272,-1.1365333333333334,0.72
0.68,1.12,CAF,CAF,-2.24,-2.6272,-1.1541333333333335,0.6399999999999999
0.72,1.12,CAF,CAF,-2.24,-2.6272,-1.1728,0.56
0.76,1.12,CAF,CAF,-2.24,-2.6272,-1.1925333333333334,0.48
0.8,1.12,CAF,CAF,-2.24,-2.6272,-1.2133333333333334,0.3999999999999999
0.84,1.12,CAF,CAF,-2.24,-2.6272,-1.2351999999999999,0.32000000000000006
0.88,1.12,CAF,CAF,-2.24,-2.6272,-1.2581333333333333,0.24
0.92,1.12,CAF,CAF,-2.24,-2.6272,-1.2821333333333333,0.15999999999999992
0.96,1.12,CAF,CAF,-2.24,-2.6272,-1.3072,0.08000000000000007
1.0,1.12,CAF,CAF,-2.24,-2.6272,-1.3333333333333333,0.0
1.04,1.12,CAF,CAF,-2.24,-2.6272,-1.3605333333333334,-0.08000000000000007
1.08,1.12,CAF,CAF,-2.24,-2.6272,-1.3888,-0.16000000000000014
1.12,1.12,CAF,CAF,-2.24,-2.6272,-1.4181333333333335,-0.2400000000000002
1.16,1.12,CAF,CAF,-2.24,-2.6272,-1.4485333333333332,-0.31999999999999984
1.2,1.12,CAF,CAF,-2.24,-2.6272,-1.48,-0.3999999999999999
1.24,1.12,CAF,CAF,-2.24,-2.6272,-1.5125333333333333,-0.48
1.28,1.12,CAF,CAF,-2.24,-2.6272,-1.5461333333333334,-0.56
1.32,1.12,CAF,CAF,-2.24,-2.6272,-1.5808,-0.6400000000000001
1.36,1.12,CAF,CAF,-2.24,-2.6272,-1.6165333333333334,-0.7200000000000002
1.4,1.12,CAF,CAF,-2.24,-2.6272,-1.6533333333333333,-0.7999999999999998
1.44,1.12,CAF,CAF,-2.24,-2.6272,-1.6911999999999998,-0.8799999999999999
1.48,1.12,CAF,CAF,-2.24,-2.6272,-1.7301333333333333,-0.96
1.52,1.12,CAF,CAF,-2.24,-2.6272,-1.7701333333333333,-1.04
1.56,1.12,CAF,CAF,-2.24,-2.6272,-1.8112,-1.12
1.6,1.12,CAF,CAF,-2.24,-2.6272,-1.8533333333333335,-1.2000000000000002
1.64,1.12,CAF,CAF,-2.24,-2.6272,-1.8965333333333332,-1.2799999999999998
1.68,1.12,CAF,CAF,-2.24,-2.6272,-1.9407999999999999,-1.3599999999999999
1.72,1.12,CAF,CAF,-2.24,-2.6272,-1.986133333333333,-1.44
1.76,1.12,CAF,CAF,-2.24,-2.6272,-2.0325333333333333,-1.52
1.8,1.12,CAF,CAF,-2.24,-2.6272,-2.08,-1.6
1.84,1.12,CAF,CAF,-2.24,-2.6272,-2.1285333333333334,-1.6800000000000002
1.88,1.12,CAF,CAF,-2.24,-2.6272,-2.1781333333333333,-1.7599999999999998
1.92,1.12,CAF,CAF,-2.24,-2.6272,-2.2287999999999997,-1.8399999999999999
1.96,1.12,CAF,CAF,-2.24,-2.6272,-2.2805333333333335,-1.92
2.0,1.12,CAF,CAF,-2.24,-2.6272,-2.333333333333333,-2.0
2.04,1.12,CAF,CAF,-2.24,-2.6272,-2.3872,-2.08
2.08,1.12,CAF,CAF,-2.24,-2.6272,-2.4421333333333335,-2.16
2.12,1.12,CAF,CAF,-2.24,-2.6272,-2.4981333333333335,-2.24
2.16,1.12,CAF,CAF,-2.24,-2.6272,-2.5552,-2.3200000000000003
2.2,1.12,CAF,CAF,-2.24,-2.6272,-2.6133333333333333,-2.4000000000000004
2.24,1.12,PLP,PLP,-2.24,-2.6272,-2.672533333333334,-2.4800000000000004
2.28,1.12,PLP,PLP,-2.24,-2.6272,-2.7328,-2.5599999999999996
2.32,1.12,PLP,PLP,-2.24,-2.6272,-2.794133333333333,-2.6399999999999997
2.36,1.12,PLP,PLP,-2.24,-2.6272,-2.856533333333333,-2.7199999999999998
2.4,1.12,PLP,PLP,-2.24,-2.6272,-2.92,-2.8
2.44,1.12,PLP,PLP,-2.24,-2.6272,-2.9845333333333333,-2.88
2.48,1.12,PLP,PLP,-2.24,-2.6272,-3.0501333333333336,-2.96
2.52,1.12,PLP,PLP,-2.24,-2.6272,-3.1168,-3.04
2.56,1.12,PLP,PLP,-2.24,-2.6272,-3.1845333333333334,-3.12
2.6,1.12,PLP,PLP,-2.24,-2.6272,-3.2533333333333334,-3.2
2.64,1.12,PLP,PLP,-2.24,-2.6272,-3.3232000000000004,-3.2800000000000002
2.68,1.12,PLP,PLP,-2.24,-2.6272,-3.394133333333334,-3.3600000000000003
2.72,1.12,PLP,PLP,-2.24,-2.6272,-3.466133333333334,-3.4400000000000004
2.76,1.12,PLP,PLP,-2.24,-2.6272,-3.5391999999999997,-3.5199999999999996
2.8,1.12,PLP,PLP,-2.24,-2.6272,-3.613333333333333,-3.5999999999999996
2.84,1.12,PLP,PLP,-2.24,-2.6272,-3.6885333333333334,-3.6799999999999997
2.88,1.12,PLP,PLP,-2.24,-2.6272,-3.7647999999999997,-3.76
2.92,1.12,PLP,PLP,-2.24,-2.6272,-3.842133333333333,-3.84
2.96,1.12,PLP,PLP,-2.24,-2.6272,-3.920533333333333,-3.92
3.0,1.12,degenerate,PLP|FLP,-2.24,-2.6272,-4.0,-4.0
3.04,1.12,FLP,FLP,-2.24,-2.6272,,-4.08
3.08,1.12,FLP,FLP,-2.24,-2.6272,,-4.16
3.12,1.12,FLP,FLP,-2.24,-2.6272,,-4.24
3.16,1.12,FLP,FLP,-2.24,-2.6272,,-4.32
3.2,1.12,FLP,FLP,-2.24,-2.6272,,-4.4
3.24,1.12,FLP,FLP,-2.24,-2.6272,,-4.48
3.28,1.12,FLP,FLP,-2.24,-2.6272,,-4.56
3.32,1.12,FLP,FLP,-2.24,-2.6272,,-4.64
3.36,1.12,FLP,FLP,-2.24,-2.6272,,-4.72
3.4,1.12,FLP,FLP,-2.24,-2.6272,,-4.8
3.44,1.12,FLP,FLP,-2.24,-2.6272,,-4.88
3.48,1.12,FLP,FLP,-2.24,-2.6272,,-4.96
3.52,1.12,FLP,FLP,-2.24,-2.6272,,-5.04
3.56,1.12,FLP,FLP,-2.24,-2.6272,,-5.12
3.6,1.12,FLP,FLP,-2.24,-2.6272,,-5.2
3.64,1.12,FLP,FLP,-2.24,-2.6272,,-5.28
3.68,1.12,FLP,FLP,-2.24,-2.6272,,-5.36
3.72,1.12,FLP,FLP,-2.24,-2.6272,,-5.44
3.76,1.12,FLP,FLP,-2.24,-2.6272,,-5.52
3.8,1.12,FLP,FLP,-2.24,-2.6272,,-5.6
3.84,1.12,FLP,FLP,-2.24,-2.6272,,-5.68
3.88,1.12,FLP,FLP,-2.24,-2.6272,,-5.76
3.92,1.12,FLP,FLP,-2.24,-2.6272,,-5.84
3.96,1.12,FLP,FLP,-2.24,-2.6272,,-5.92
4.0,1.12,FLP,FLP,-2.24,-2.6272,,-6.0
0.0,1.155,CAF,CAF,-2.31,-2.6670125000000002,-1.0,2.0
0.04,1.155,CAF,CAF,-2.31,-2.6670125000000002,-1.0005333333333333,1.92
0.08,1.155,CAF,CAF,-2.31,-2.6670125000000002,-1.0021333333333333,1.84
0.12,1.155,CAF,CAF,-2.31,-2.6670125000000002,-1.0048,1.76
0.16,1.155,CAF,CAF,-2.31,-2.6670125000000002,-1.0085333333333333,1.68
0.2,1.155,CAF,CAF,-2.31,-2.6670125000000002,-1.0133333333333334,1.6
0.24,1.155,CAF,CAF,-2.31,-2.6670125000000002,-1.0192,1.52
0.28,1.155,CAF,CAF,-2.31,-2.6670125000000002,-1.0261333333333333,1.44
0.32,1.155,CAF,CAF,-2.31,-2.6670125000000002,-1.0341333333333333,1.3599999999999999
0.36,1.155,CAF,CAF,-2.31,-2.6670125000000002,-1.0432,1.28
0.4,1.155,CAF,CAF,-2.31,-2.6670125000000002,-1.0533333333333332,1.2
0.44,1.155,CAF,CAF,-2.31,-2.6670125000000002,-1.0645333333333333,1.12
0.48,1.155,CAF,CAF,-2.31,-2.6670125000000002,-1.0768,1.04
0.52,1.155,CAF,CAF,-2.31,-2.6670125000000002,-1.0901333333333334,0.96
0.56,1.155,CAF,CAF,-2.31,-2.6670125000000002,-1.1045333333333334,0.8799999999999999
0.6,1.155,CAF,CAF,-2.31,-2.6670125000000002,-1.12,0.8
0.64,1.155,CAF,CAF,-2.31,-2.6670125000000002,-1.1365333333333334,0.72
0.68,1.155,CAF,CAF,-2.31,-2.6670125000000002,-1.1541333333333335,0.6399999999999999
0.72,1.155,CAF,CAF,-2.31,-2.6670125000000002,-1.1728,0.56
0.76,1.155,CAF,CAF,-2.31,-2.6670125000000002,-1.1925333333333334,0.48
0.8,1.155,CAF,CAF,-2.31,-2.6670125000000002,-1.2133333333333334,0.3999999999999999
0.84,1.155,CAF,CAF,-2.31,-2.6670125000000002,-1.2351999999999999,0.32000000000000006
0.88,1.155,CAF,CAF,-2.31,-2.6670125000000002,-1.2581333333333333,0.24
0.92,1.155,CAF,CAF,-2.31,-2.6670125000000002,-1.2821333333333333,0.15999999999999992
0.96,1.155,CAF,CAF,-2.31,-2.6670125000000002,-1.3072,0.08000000000000007
1.0,1.155,CAF,CAF,-2.31,-2.6670125000000002,-1.3333333333333333,0.0
1.04,1.155,CAF,CAF,-2.31,-2.6670125000000002,-1.3605333333333334,-0.08000000000000007
1.08,1.155,CAF,CAF,-2.31,-2.6670125000000002,-1.3888,-0.16000000000000014
1.12,1.155,CAF,CAF,-2.31,-2.6670125000000002,-1.4181333333333335,-0.2400000000000002
1.16,1.155,CAF,CAF,-2.31,-2.6670125000000002,-1.4485333333333332,-0.31999999999999984
1.2,1.155,CAF,CAF,-2.31,-2.6670125000000002,-1.48,-0.3999999999999999
1.24,1.155,CAF,CAF,-2.31,-2.6670125000000002,-1.5125333333333333,-0.48
1.28,1.155,CAF,CAF,-2.31,-2.6670125000000002,-1.5461333333333334,-0.56
1.32,1.155,CAF,CAF,-2.31,-2.6670125000000002,-1.5808,-0.6400000000000001
1.36,1.155,CAF,CAF,-2.31,-2.6670125000000002,-1.6165333333333334,-0.7200000000000002
1.4,1.155,CAF,CAF,-2.31,-2.6670125000000002,-1.6533333333333333,-0.7999999999999998
1.44,1.155,CAF,CAF,-2.31,-2.6670125000000002,-1.6911999999999998,-0.8799999999999999
1.48,1.155,CAF,CAF,-2.31,-2.6670125000000002,-1.7301333333333333,-0.96
1.52,1.155,CAF,CAF,-2.31,-2.6670125000000002,-1.7701333333333333,-1.04
1.56,1.155,CAF,CAF,-2.31,-2.6670125000000002,-1.8112,-1.12
1.6,1.155,CAF,CAF,-2.31,-2.6670125000000002,-1.8533333333333335,-1.2000000000000002
1.64,1.155,CAF,CAF,-2.31,-2.6670125000000002,-1.8965333333333332,-1.2799999999999998
1.68,1.155,CAF,CAF,-2.31,-2.6670125000000002,-1.9407999999999999,-1.3599999999999999
1.72,1.155,CAF,CAF,-2.31,-2.6670125000000002,-1.986133333333333,-1.44
1.76,1.155,CAF,CAF,-2.31,-2.6670125000000002,-2.0325333333333333,-1.52
1.8,1.155,CAF,CAF,-2.31,-2.6670125000000002,-2.08,-1.6
1.84,1.155,CAF,CAF,-2.31,-2.6670125000000002,-2.1285333333333334,-1.6800000000000002
1.88,1.155,CAF,CAF,-2.31,-2.6670125000000002,-2.1781333333333333,-1.7599999999999998
1.92,1.155,CAF,CAF,-2.31,-2.6670125000000002,-2.2287999999999997,-1.8399999999999999
1.96,1.155,CAF,CAF,-2.31,-2.6670125000000002,-2.2805333333333335,-1.92
2.0,1.155,CAF,CAF,-2.31,-2.6670125000000002,-2.333333333333333,-2.0
2.04,1.155,CAF,CAF,-2.31,-2.6670125000000002,-2.3872,-2.08
2.08,1.155,CAF,CAF,-2.31,-2.6670125000000002,-2.4421333333333335,-2.16
2.12,1.155,CAF,CAF,-2.31,-2.6670125000000002,-2.4981333333333335,-2.24
2.16,1.155,CAF,CAF,-2.31,-2.6670125000000002,-2.5552,-2.3200000000000003
2.2,1.155,CAF,CAF,-2.31,-2.6670125000000002,-2.6133333333333333,-2.4000000000000004
2.24,1.155,PLP,PLP,-2.31,-2.6670125000000002,-2.672533333333334,-2.4800000000000004
2.28,1.155,PLP,PLP,-2.31,-2.6670125000000002,-2.7328,-2.5599999999999996
2.32,1.155,PLP,PLP,-2.31,-2.6670125000000002,-2.794133333333333,-2.6399999999999997
2.36,1.155,PLP,PLP,-2.31,-2.6670125000000002,-2.856533333333333,-2.7199999999999998
2.4,1.155,PLP,PLP,-2.31,-2.6670125000000002,-2.92,-2.8
2.44,1.155,PLP,PLP,-2.31,-2.6670125000000002,-2.9845333333333333,-2.88
2.48,1.155,PLP,PLP,-2.31,-2.6670125000000002,-3.0501333333333336,-2.96
2.52,1.155,PLP,PLP,-2.31,-2.6670125000000002,-3.1168,-3.04
2.56,1.155,PLP,PLP,-2.31,-2.6670125000000002,-3.1845333333333334,-3.12
2.6,1.155,PLP,PLP,-2.31,-2.6670125000000002,-3.2533333333333334,-3.2
2.64,1.155,PLP,PLP,-2.31,-2.6670125000000002,-3.3232000000000004,-3.2800000000000002
2.68,1.155,PLP,PLP,-2.31,-2.6670125000000002,-3.394133333333334,-3.3600000000000003
2.72,1.155,PLP,PLP,-2.31,-2.6670125000000002,-3.466133333333334,-3.4400000000000004
2.76,1.155,PLP,PLP,-2.31,-2.6670125000000002,-3.5391999999999997,-3.5199999999999996
2.8,1.155,PLP,PLP,-2.31,-2.6670125000000002,-3.613333333333333,-3.5999999999999996
2.84,1.155,PLP,PLP,-2.31,-2.6670125000000002,-3.6885333333333334,-3.6799999999999997
2.88,1.155,PLP,PLP,-2.31,-2.6670125000000002,-3.7647999999999997,-3.76
2.92,1.155,PLP,PLP,-2.31,-2.6670125000000002,-3.842133333333333,-3.84
2.96,1.155,PLP,PLP,-2.31,-2.6670125000000002,-3.920533333333333,-3.92
3.0,1.155,degenerate,PLP|FLP,-2.31,-2.6670125000000002,-4.0,-4.0
3.04,1.155,FLP,FLP,-2.31,-2.6670125000000002,,-4.08
3.08,1.155,FLP,FLP,-2.31,-2.6670125000000002,,-4.16
3.12,1.155,FLP,FLP,-2.31,-2.6670125000000002,,-4.24
3.16,1.155,FLP,FLP,-2.31,-2.6670125000000002,,-4.32
3.2,1.155,FLP,FLP,-2.31,-2.6670125000000002,,-4.4
3.24,1.155,FLP,FLP,-2.31,-2.6670125000000002,,-4.48
3.28,1.155,FLP,FLP,-2.31,-2.6670125000000002,,-4.56
3.32,1.155,FLP,FLP,-2.31,-2.6670125000000002,,-4.64
3.36,1.155,FLP,FLP,-2.31,-2.6670125000000002,,-4.72
3.4,1.155,FLP,FLP,-2.31,-2.6670125000000002,,-4.8
3.44,1.155,FLP,FLP,-2.31,-2.6670125000000002,,-4.88
3.48,1.155,FLP,FLP,-2.31,-2.6670125000000002,,-4.96
3.52,1.155,FLP,FLP,-2.31,-2.6670125000000002,,-5.04
3.56,1.155,FLP,FLP,-2.31,-2.6670125000000002,,-5.12
3.6,1.155,FLP,FLP,-2.31,-2.6670125000000002,,-5.2
3.64,1.155,FLP,FLP,-2.31,-2.6670125000000002,,-5.28
3.68,1.155,FLP,FLP,-2.31,-2.6670125000000002,,-5.36
3.72,1.155,FLP,FLP,-2.31,-2.6670125000000002,,-5.44
3.76,1.155,FLP,FLP,-2.31,-2.6670125000000002,,-5.52
3.8,1.155,FLP,FLP,-2.31,-2.6670125000000002,,-5.6
3.84,1.155,FLP,FLP,-2.31,-2.6670125000000002,,-5.68
3.88,1.155,FLP,FLP,-2.31,-2.6670125000000002,,-5.76
3.92,1.155,FLP,FLP,-2.31,-2.6670125000000002,,-5.84
3.96,1.155,FLP,FLP,-2.31,-2.6670125000000002,,-5.92
4.0,1.155,FLP,FLP,-2.31,-2.6670125000000002,,-6.0
0.0,1.19,CAF,CAF,-2.38,-2.70805,-1.0,2.0
0.04,1.19,CAF,CAF,-2.38,-2.70805,-1.0005333333333333,1.92
0.08,1.19,CAF,CAF,-2.38,-2.70805,-1.0021333333333333,1.84
0.12,1.19,CAF,CAF,-2.38,-2.70805,-1.0048,1.76
0.16,1.19,CAF,CAF,-2.38,-2.70805,-1.0085333333333333,1.68
0.2,1.19,CAF,CAF,-2.38,-2.70805,-1.0133333333333334,1.6
0.24,1.19,CAF,CAF,-2.38,-2.70805,-1.0192,1.52
0.28,1.19,CAF,CAF,-2.38,-2.70805,-1.0261333333333333,1.44
0.32,1.19,CAF,CAF,-2.38,-2.70805,-1.0341333333333333,1.3599999999999999
0.36,1.19,CAF,CAF,-2.38,-2.70805,-1.0432,1.28
0.4,1.19,CAF,CAF,-2.38,-2.70805,-1.0533333333333332,1.2
0.44,1.19,CAF,CAF,-2.38,-2.70805,-1.0645333333333333,1.12
0.48,1.19,CAF,CAF,-2.38,-2.70805,-1.0768,1.04
0.52,1.19,CAF,CAF,-2.38,-2.70805,-1.0901333333333334,0.96
0.56,1.19,CAF,CAF,-2.38,-2.70805,-1.1045333333333334,0.8799999999999999
0.6,1.19,CAF,CAF,-2.38,-2.70805,-1.12,0.8
0.64,1.19,CAF,CAF,-2.38,-2.70805,-1.1365333333333334,0.72
0.68,1.19,CAF,CAF,-2.38,-2.70805,-1.1541333333333335,0.6399999999999999
0.72,1.19,CAF,CAF,-2.38,-2.70805,-1.1728,0.56
0.76,1.19,CAF,CAF,-2.38,-2.70805,-1.1925333333333334,0.48
0.8,1.19,CAF,CAF,-2.38,-2.70805,-1.2133333333333334,0.3999999999999999
0.84,1.19,CAF,CAF,-2.38,-2.70805,-1.2351999999999999,0.32000000000000006
0.88,1.19,CAF,CAF,-2.38,-2.70805,-1.2581333333333333,0.24
0.92,1.19,CAF,CAF,-2.38,-2.70805,-1.2821333333333333,0.15999999999999992
0.96,1.19,CAF,CAF,-2.38,-2.70805,-1.3072,0.08000000000000007
1.0,1.19,CAF,CAF,-2.38,-2.70805,-1.3333333333333333,0.0
1.04,1.19,CAF,CAF,-2.38,-2.70805,-1.3605333333333334,-0.08000000000000007
1.08,1.19,CAF,CAF,-2.38,-2.70805,-1.3888,-0.16000000000000014
1.12,1.19,CAF,CAF,-2.38,-2.70805,-1.4181333333333335,-0.2400000000000002
1.16,1.19,CAF,CAF,-2.38,-2.70805,-1.4485333333333332,-0.31999999999999984
1.2,1.19,CAF,CAF,-2.38,-2.70805,-1.48,-0.3999999999999999
1.24,1.19,CAF,CAF,-2.38,-2.70805,-1.5125333333333333,-0.48
1.28,1.19,CAF,CAF,-2.38,-2.70805,-1.5461333333333334,-0.56
1.32,1.19,CAF,CAF,-2.38,-2.70805,-1.5808,-0.6400000000000001
1.36,1.19,CAF,CAF,-2.38,-2.70805,-1.6165333333333334,-0.7200000000000002
1.4,1.19,CAF,CAF,-2.38,-2.70805,-1.6533333333333333,-0.7999999999999998
1.44,1.19,CAF,CAF,-2.38,-2.70805,-1.6911999999999998,-0.8799999999999999
1.48,1.19,CAF,CAF,-2.38,-2.70805,-1.7301333333333333,-0.96
1.52,1.19,CAF,CAF,-2.38,-2.70805,-1.7701333333333333,-1.04
1.56,1.19,CAF,CAF,-2.38,-2.70805,-1.8112,-1.12
1.6,1.19,CAF,CAF,-2.38,-2.70805,-1.8533333333333335,-1.2000000000000002
1.64,1.19,CAF,CAF,-2.38,-2.70805,-1.8965333333333332,-1.2799999999999998
1.68,1.19,CAF,CAF,-2.38,-2.70805,-1.9407999999999999,-1.3599999999999999
1.72,1.19,CAF,CAF,-2.38,-2.70805,-1.986133333333333,-1.44
1.76,1.19,CAF,CAF,-2.38,-2.70805,-2.0325333333333333,-1.52
1.8,1.19,CAF,CAF,-2.38,-2.70805,-2.08,-1.6
1.84,1.19,CAF,CAF,-2.38,-2.70805,-2.1285333333333334,-1.6800000000000002
1.88,1.19,CAF,CAF,-2.38,-2.70805,-2.1781333333333333,-1.7599999999999998
1.92,1.19,CAF,CAF,-2.38,-2.70805,-2.2287999999999997,-1.8399999999999999
1.96,1.19,CAF,CAF,-2.38,-2.70805,-2.2805333333333335,-1.92
2.0,1.19,CAF,CAF,-2.38,-2.70805,-2.333333333333333,-2.0
2.04,1.19,CAF,CAF,-2.38,-2.70805,-2.3872,-2.08
2.08,1.19,CAF,CAF,-2.38,-2.70805,-2.4421333333333335,-2.16
2.12,1.19,CAF,CAF,-2.38,-2.70805,-2.4981333333333335,-2.24
2.16,1.19,CAF,CAF,-2.38,-2.70805,-2.5552,-2.3200000000000003
2.2,1.19,CAF,CAF,-2.38,-2.70805,-2.6133333333333333,-2.4000000000000004
2.24,1.19,CAF,CAF,-2.38,-2.70805,-2.672533333333334,-2.4800000000000004
2.28,1.19,PLP,PLP,-2.38,-2.70805,-2.7328,-2.5599999999999996
2.32,1.19,PLP,PLP,-2.38,-2.70805,-2.794133333333333,-2.6399999999999997
2.36,1.19,PLP,PLP,-2.38,-2.70805,-2.856533333333333,-2.7199999999999998
2.4,1.19,PLP,PLP,-2.38,-2.70805,-2.92,-2.8
2.44,1.19,PLP,PLP,-2.38,-2.70805,-2.9845333333333333,-2.88
2.48,1.19,PLP,PLP,-2.38,-2.70805,-3.0501333333333336,-2.96
2.52,1.19,PLP,PLP,-2.38,-2.70805,-3.1168,-3.04
2.56,1.19,PLP,PLP,-2.38,-2.70805,-3.1845333333333334,-3.12
2.6,1.19,PLP,PLP,-2.38,-2.70805,-3.2533333333333334,-3.2
2.64,1.19,PLP,PLP,-2.38,-2.70805,-3.3232000000000004,-3.2800000000000002
2.68,1.19,PLP,PLP,-2.38,-2.70805,-3.394133333333334,-3.3600000000000003
2.72,1.19,PLP,PLP,-2.38,-2.70805,-3.466133333333334,-3.4400000000000004
2.76,1.19,PLP,PLP,-2.38,-2.70805,-3.5391999999999997,-3.5199999999999996
2.8,1.19,PLP,PLP,-2.38,-2.70805,-3.613333333333333,-3.5999999999999996
2.84,1.19,PLP,PLP,-2.38,-2.70805,-3.6885333333333334,-3.6799999999999997
2.88,1.19,PLP,PLP,-2.38,-2.70805,-3.7647999999999997,-3.76
2.92,1.19,PLP,PLP,-2.38,-2.70805,-3.842133333333333,-3.84
2.96,1.19,PLP,PLP,-2.38,-2.70805,-3.920533333333333,-3.92
3.0,1.19,degenerate,PLP|FLP,-2.38,-2.70805,-4.0,-4.0
3.04,1.19,FLP,FLP,-2.38,-2.70805,,-4.08
3.08,1.19,FLP,FLP,-2.38,-2.70805,,-4.16
3.12,1.19,FLP,FLP,-2.38,-2.70805,,-4.24
3.16,1.19,FLP,FLP,-2.38,-2.70805,,-4.32
3.2,1.19,FLP,FLP,-2.38,-2.70805,,-4.4
3.24,1.19,FLP,FLP,-2.38,-2.70805,,-4.48
3.28,1.19,FLP,FLP,-2.38,-2.70805,,-4.56
3.32,1.19,FLP,FLP,-2.38,-2.70805,,-4.64
3.36,1.19,FLP,FLP,-2.38,-2.70805,,-4.72
3.4,1.19,FLP,FLP,-2.38,-2.70805,,-4.8
3.44,1.19,FLP,FLP,-2.38,-2.70805,,-4.88
3.48,1.19,FLP,FLP,-2.38,-2.70805,,-4.96
3.52,1.19,FLP,FLP,-2.38,-2.70805,,-5.04
3.56,1.19,FLP,FLP,-2.38,-2.70805,,-5.12
3.6,1.19,FLP,FLP,-2.38,-2.70805,,-5.2
3.64,1.19,FLP,FLP,-2.38,-2.70805,,-5.28
3.68,1.19,FLP,FLP,-2.38,-2.70805,,-5.36
3.72,1.19,FLP,FLP,-2.38,-2.70805,,-5.44
3.76,1.19,FLP,FLP,-2.38,-2.70805,,-5.52
3.8,1.19,FLP,FLP,-2.38,-2.70805,,-5.6
3.84,1.19,FLP,FLP,-2.38,-2.70805,,-5.68
3.88,1.19,FLP,FLP,-2.38,-2.70805,,-5.76
3.92,1.19,FLP,FLP,-2.38,-2.70805,,-5.84
3.96,1.19,FLP,FLP,-2.38,-2.70805,,-5.92
4.0,1.19,FLP,FLP,-2.38,-2.70805,,-6.0
0.0,1.225,CAF,CAF,-2.45,-2.7503125,-1.0,2.0
0.04,1.225,CAF,CAF,-2.45,-2.7503125,-1.0005333333333333,1.92
0.08,1.225,CAF,CAF,-2.45,-2.7503125,-1.0021333333333333,1.84
0.12,1.225,CAF,CAF,-2.45,-2.7503125,-1.0048,1.76
0.16,1.225,CAF,CAF,-2.45,-2.7503125,-1.0085333333333333,1.68
0.2,1.225,CAF,CAF,-2.45,-2.7503125,-1.0133333333333334,1.6
0.24,1.225,CAF,CAF,-2.45,-2.7503125,-1.0192,1.52
0.28,1.225,CAF,CAF,-2.45,-2.7503125,-1.0261333333333333,1.44
0.32,1.225,CAF,CAF,-2.45,-2.7503125,-1.0341333333333333,1.3599999999999999
0.36,1.225,CAF,CAF,-2.45,-2.7503125,-1.0432,1.28
0.4,1.225,CAF,CAF,-2.45,-2.7503125,-1.0533333333333332,1.2
0.44,1.225,CAF,CAF,-2.45,-2.7503125,-1.0645333333333333,1.12
0.48,1.225,CAF,CAF,-2.45,-2.7503125,-1.0768,1.04
0.52,1.225,CAF,CAF,-2.45,-2.7503125,-1.0901333333333334,0.96
0.56,1.225,CAF,CAF,-2.45,-2.7503125,-1.1045333333333334,0.8799999999999999
0.6,1.225,CAF,CAF,-2.45,-2.7503125,-1.12,0.8
0.64,1.225,CAF,CAF,-2.45,-2.7503125,-1.1365333333333334,0.72
0.68,1.225,CAF,CAF,-2.45,-2.7503125,-1.1541333333333335,0.6399999999999999
0.72,1.225,CAF,CAF,-2.45,-2.7503125,-1.1728,0.56
0.76,1.225,CAF,CAF,-2.45,-2.7503125,-1.1925333333333334,0.48
0.8,1.225,CAF,CAF,-2.45,-2.7503125,-1.2133333333333334,0.3999999999999999
0.84,1.225,CAF,CAF,-2.45,-2.7503125,-1.2351999999999999,0.32000000000000006
0.88,1.225,CAF,CAF,-2.45,-2.7503125,-1.2581333333333333,0.24
0.92,1.225,CAF,CAF,-2.45,-2.7503125,-1.2821333333333333,0.15999999999999992
0.96,1.225,CAF,CAF,-2.45,-2.7503125,-1.3072,0.08000000000000007
1.0,1.225,CAF,CAF,-2.45,-2.7503125,-1.3333333333333333,0.0
1.04,1.225,CAF,CAF,-2.45,-2.7503125,-1.3605333333333334,-0.08000000000000007
1.08,1.225,CAF,CAF,-2.45,-2.7503125,-1.3888,-0.16000000000000014
1.12,1.225,CAF,CAF,-2.45,-2.7503125,-1.4181333333333335,-0.2400000000000002
1.16,1.225,CAF,CAF,-2.45,-2.7503125,-1.4485333333333332,-0.31999999999999984
1.2,1.225,CAF,CAF,-2.45,-2.7503125,-1.48,-0.3999999999999999
1.24,1.225,CAF,CAF,-2.45,-2.7503125,-1.5125333333333333,-0.48
1.28,1.225,CAF,CAF,-2.45,-2.7503125,-1.5461333333333334,-0.56
1.32,1.225,CAF,CAF,-2.45,-2.7503125,-1.5808,-0.6400000000000001
1.36,1.225,CAF,CAF,-2.45,-2.7503125,-1.6165333333333334,-0.7200000000000002
1.4,1.225,CAF,CAF,-2.45,-2.7503125,-1.6533333333333333,-0.7999999999999998
1.44,1.225,CAF,CAF,-2.45,-2.7503125,-1.6911999999999998,-0.8799999999999999
1.48,1.225,CAF,CAF,-2.45,-2.7503125,-1.7301333333333333,-0.96
1.52,1.225,CAF,CAF,-2.45,-2.7503125,-1.7701333333333333,-1.04
1.56,1.225,CAF,CAF,-2.45,-2.7503125,-1.8112,-1.12
1.6,1.225,CAF,CAF,-2.45,-2.7503125,-1.8533333333333335,-1.2000000000000002
1.64,1.225,CAF,CAF,-2.45,-2.7503125,-1.8965333333333332,-1.2799999999999998
1.68,1.225,CAF,CAF,-2.45,-2.7503125,-1.9407999999999999,-1.3599999999999999
1.72,1.225,CAF,CAF,-2.45,-2.7503125,-1.986133333333333,-1.44
1.76,1.225,CAF,CAF,-2.45,-2.7503125,-2.0325333333333333,-1.52
1.8,1.225,CAF,CAF,-2.45,-2.7503125,-2.08,-1.6
1.84,1.225,CAF,CAF,-2.45,-2.7503125,-2.1285333333333334,-1.6800000000000002
1.88,1.225,CAF,CAF,-2.45,-2.7503125,-2.1781333333333333,-1.7599999999999998
1.92,1.225,CAF,CAF,-2.45,-2.7503125,-2.2287999999999997,-1.8399999999999999
1.96,1.225,CAF,CAF,-2.45,-2.7503125,-2.2805333333333335,-1.92
2.0,1.225,CAF,CAF,-2.45,-2.7503125,-2.333333333333333,-2.0
2.04,1.225,CAF,CAF,-2.45,-2.7503125,-2.3872,-2.08
2.08,1.225,CAF,CAF,-2.45,-2.7503125,-2.4421333333333335,-2.16
2.12,1.225,CAF,CAF,-2.45,-2.7503125,-2.4981333333333335,-2.24
2.16,1.225,CAF,CAF,-2.45,-2.7503125,-2.5552,-2.3200000000000003
2.2,1.225,CAF,CAF,-2.45,-2.7503125,-2.6133333333333333,-2.4000000000000004
2.24,1.225,CAF,CAF,-2.45,-2.7503125,-2.672533333333334,-2.4800000000000004
2.28,1.225,CAF,CAF,-2.45,-2.7503125,-2.7328,-2.5599999999999996
2.32,1.225,PLP,PLP,-2.45,-2.7503125,-2.794133333333333,-2.6399999999999997
2.36,1.225,PLP,PLP,-2.45,-2.7503125,-2.856533333333333,-2.7199999999999998
2.4,1.225,PLP,PLP,-2.45,-2.7503125,-2.92,-2.8
2.44,1.225,PLP,PLP,-2.45,-2.7503125,-2.9845333333333333,-2.88
2.48,1.225,PLP,PLP,-2.45,-2.7503125,-3.0501333333333336,-2.96
2.52,1.225,PLP,PLP,-2.45,-2.7503125,-3.1168,-3.04
2.56,1.225,PLP,PLP,-2.45,-2.7503125,-3.1845333333333334,-3.12
2.6,1.225,PLP,PLP,-2.45,-2.7503125,-3.2533333333333334,-3.2
2.64,1.225,PLP,PLP,-2.45,-2.7503125,-3.3232000000000004,-3.2800000000000002
2.68,1.225,PLP,PLP,-2.45,-2.7503125,-3.394133333333334,-3.3600000000000003
2.72,1.225,PLP,PLP,-2.45,-2.7503125,-3.466133333333334,-3.4400000000000004
2.76,1.225,PLP,PLP,-2.45,-2.7503125,-3.5391999999999997,-3.5199999999999996
2.8,1.225,PLP,PLP,-2.45,-2.7503125,-3.613333333333333,-3.5999999999999996
2.84,1.225,PLP,PLP,-2.45,-2.7503125,-3.6885333333333334,-3.6799999999999997
2.88,1.225,PLP,PLP,-2.45,-2.7503125,-3.7647999999999997,-3.76
2.92,1.225,PLP,PLP,-2.45,-2.7503125,-3.842133333333333,-3.84
2.96,1.225,PLP,PLP,-2.45,-2.7503125,-3.920533333333333,-3.92
3.0,1.225,degenerate,PLP|FLP,-2.45,-2.7503125,-4.0,-4.0
3.04,1.225,FLP,FLP,-2.45,-2.7503125,,-4.08
3.08,1.225,FLP,FLP,-2.45,-2.7503125,,-4.16
3.12,1.225,FLP,FLP,-2.45,-2.7503125,,-4.24
3.16,1.225,FLP,FLP,-2.45,-2.7503125,,-4.32
3.2,1.225,FLP,FLP,-2.45,-2.7503125,,-4.4
3.24,1.225,FLP,FLP,-2.45,-2.7503125,,-4.48
3.28,1.225,FLP,FLP,-2.45,-2.7503125,,-4.56
3.32,1.225,FLP,FLP,-2.45,-2.7503125,,-4.64
3.36,1.225,FLP,FLP,-2.45,-2.7503125,,-4.72
3.4,1.225,FLP,FLP,-2.45,-2.7503125,,-4.8
3.44,1.225,FLP,FLP,-2.45,-2.7503125,,-4.88
3.48,1.225,FLP,FLP,-2.45,-2.7503125,,-4.96
3.52,1.225,FLP,FLP,-2.45,-2.7503125,,-5.04
3.56,1.225,FLP,FLP,-2.45,-2.7503125,,-5.12
3.6,1.225,FLP,FLP,-2.45,-2.7503125,,-5.2
3.64,1.225,FLP,FLP,-2.45,-2.7503125,,-5.28
3.68,1.225,FLP,FLP,-2.45,-2.7503125,,-5.36
3.72,1.225,FLP,FLP,-2.45,-2.7503125,,-5.44
3.76,1.225,FLP,FLP,-2.45,-2.7503125,,-5.52
3.8,1.225,FLP,FLP,-2.45,-2.7503125,,-5.6
3.84,1.225,FLP,FLP,-2.45,-2.7503125,,-5.68
3.88,1.225,FLP,FLP,-2.45,-2.7503125,,-5.76
3.92,1.225,FLP,FLP,-2.45,-2.7503125,,-5.84
3.96,1.225,FLP,FLP,-2.45,-2.7503125,,-5.92
4.0,1.225,FLP,FLP,-2.45,-2.7503125,,-6.0
0.0,1.26,CAF,CAF,-2.52,-2.7938,-1.0,2.0
0.04,1.26,CAF,CAF,-2.52,-2.7938,-1.0005333333333333,1.92
0.08,1.26,CAF,CAF,-2.52,-2.7938,-1.0021333333333333,1.84
0.12,1.26,CAF,CAF,-2.52,-2.7938,-1.0048,1.76
0.16,1.26,CAF,CAF,-2.52,-2.7938,-1.0085333333333333,1.68
0.2,1.26,CAF,CAF,-2.52,-2.7938,-1.0133333333333334,1.6
0.24,1.26,CAF,CAF,-2.52,-2.7938,-1.0192,1.52
0.28,1.26,CAF,CAF,-2.52,-2.7938,-1.0261333333333333,1.44
0.32,1.26,CAF,CAF,-2.52,-2.7938,-1.0341333333333333,1.3599999999999999
0.36,1.26,CAF,CAF,-2.52,-2.7938,-1.0432,1.28
0.4,1.26,CAF,CAF,-2.52,-2.7938,-1.0533333333333332,1.2
0.44,1.26,CAF,CAF,-2.52,-2.7938,-1.0645333333333333,1.12
0.48,1.26,CAF,CAF,-2.52,-2.7938,-1.0768,1.04
0.52,1.26,CAF,CAF,-2.52,-2.7938,-1.0901333333333334,0.96
0.56,1.26,CAF,CAF,-2.52,-2.7938,-1.1045333333333334,0.8799999999999999
0.6,1.26,CAF,CAF,-2.52,-2.7938,-1.12,0.8
0.64,1.26,CAF,CAF,-2.52,-2.7938,-1.1365333333333334,0.72
0.68,1.26,CAF,CAF,-2.52,-2.7938,-1.1541333333333335,0.6399999999999999
0.72,1.26,CAF,CAF,-2.52,-2.7938,-1.1728,0.56
0.76,1.26,CAF,CAF,-2.52,-2.7938,-1.1925333333333334,0.48
0.8,1.26,CAF,CAF,-2.52,-2.7938,-1.2133333333333334,0.3999999999999999
0.84,1.26,CAF,CAF,-2.52,-2.7938,-1.2351999999999999,0.32000000000000006
0.88,1.26,CAF,CAF,-2.52,-2.7938,-1.2581333333333333,0.24
0.92,1.26,CAF,CAF,-2.52,-2.7938,-1.2821333333333333,0.15999999999999992
0.96,1.26,CAF,CAF,-2.52,-2.7938,-1.3072,0.08000000000000007
1.0,1.26,CAF,CAF,-2.52,-2.7938,-1.3333333333333333,0.0
1.04,1.26,CAF,CAF,-2.52,-2.7938,-1.3605333333333334,-0.08000000000000007
1.08,1.26,CAF,CAF,-2.52,-2.7938,-1.3888,-0.16000000000000014
1.12,1.26,CAF,CAF,-2.52,-2.7938,-1.4181333333333335,-0.2400000000000002
1.16,1.26,CAF,CAF,-2.52,-2.7938,-1.4485333333333332,-0.31999999999999984
1.2,1.26,CAF,CAF,-2.52,-2.7938,-1.48,-0.3999999999999999
1.24,1.26,CAF,CAF,-2.52,-2.7938,-1.5125333333333333,-0.48
1.28,1.26,CAF,CAF,-2.52,-2.7938,-1.5461333333333334,-0.56
1.32,1.26,CAF,CAF,-2.52,-2.7938,-1.5808,-0.6400000000000001
1.36,1.26,CAF,CAF,-2.52,-2.7938,-1.6165333333333334,-0.7200000000000002
1.4,1.26,CAF,CAF,-2.52,-2.7938,-1.6533333333333333,-0.7999999999999998
1.44,1.26,CAF,CAF,-2.52,-2.7938,-1.6911999999999998,-0.8799999999999999
1.48,1.26,CAF,CAF,-2.52,-2.7938,-1.7301333333333333,-0.96
1.52,1.26,CAF,CAF,-2.52,-2.7938,-1.7701333333333333,-1.04
1.56,1.26,CAF,CAF,-2.52,-2.7938,-1.8112,-1.12
1.6,1.26,CAF,CAF,-2.52,-2.7938,-1.8533333333333335,-1.2000000000000002
1.64,1.26,CAF,CAF,-2.52,-2.7938,-1.8965333333333332,-1.2799999999999998
1.68,1.26,CAF,CAF,-2.52,-2.7938,-1.9407999999999999,-1.3599999999999999
1.72,1.26,CAF,CAF,-2.52,-2.7938,-1.986133333333333,-1.44
1.76,1.26,CAF,CAF,-2.52,-2.7938,-2.0325333333333333,-1.52
1.8,1.26,CAF,CAF,-2.52,-2.7938,-2.08,-1.6
1.84,1.26,CAF,CAF,-2.52,-2.7938,-2.1285333333333334,-1.6800000000000002
1.88,1.26,CAF,CAF,-2.52,-2.7938,-2.1781333333333333,-1.7599999999999998
1.92,1.26,CAF,CAF,-2.52,-2.7938,-2.2287999999999997,-1.8399999999999999
1.96,1.26,CAF,CAF,-2.52,-2.7938,-2.2805333333333335,-1.92
2.0,1.26,CAF,CAF,-2.52,-2.7938,-2.333333333333333,-2.0
2.04,1.26,CAF,CAF,-2.52,-2.7938,-2.3872,-2.08
2.08,1.26,CAF,CAF,-2.52,-2.7938,-2.4421333333333335,-2.16
2.12,1.26,CAF,CAF,-2.52,-2.7938,-2.4981333333333335,-2.24
2.16,1.26,CAF,CAF,-2.52,-2.7938,-2.5552,-2.3200000000000003
2.2,1.26,CAF,CAF,-2.52,-2.7938,-2.6133333333333333,-2.4000000000000004
2.24,1.26,CAF,CAF,-2.52,-2.7938,-2.672533333333334,-2.4800000000000004
2.28,1.26,CAF,CAF,-2.52,-2.7938,-2.7328,-2.5599999999999996
2.32,1.26,PLP,PLP,-2.52,-2.7938,-2.794133333333333,-2.6399999999999997
2.36,1.26,PLP,PLP,-2.52,-2.7938,-2.856533333333333,-2.7199999999999998
2.4,1.26,PLP,PLP,-2.52,-2.7938,-2.92,-2.8
2.44,1.26,PLP,PLP,-2.52,-2.7938,-2.9845333333333333,-2.88
2.48,1.26,PLP,PLP,-2.52,-2.7938,-3.0501333333333336,-2.96
2.52,1.26,PLP,PLP,-2.52,-2.7938,-3.1168,-3.04
2.56,1.26,PLP,PLP,-2.52,-2.7938,-3.1845333333333334,-3.12
2.6,1.26,PLP,PLP,-2.52,-2.7938,-3.2533333333333334,-3.2
2.64,1.26,PLP,PLP,-2.52,-2.7938,-3.3232000000000004,-3.2800000000000002
2.68,1.26,PLP,PLP,-2.52,-2.7938,-3.394133333333334,-3.3600000000000003
2.72,1.26,PLP,PLP,-2.52,-2.7938,-3.466133333333334,-3.4400000000000004
2.76,1.26,PLP,PLP,-2.52,-2.7938,-3.5391999999999997,-3.5199999999999996
2.8,1.26,PLP,PLP,-2.52,-2.7938,-3.613333333333333,-3.5999999999999996
2.84,1.26,PLP,PLP,-2.52,-2.7938,-3.6885333333333334,-3.6799999999999997
2.88,1.26,PLP,PLP,-2.52,-2.7938,-3.7647999999999997,-3.76
2.92,1.26,PLP,PLP,-2.52,-2.7938,-3.842133333333333,-3.84
2.96,1.26,PLP,PLP,-2.52,-2.7938,-3.920533333333333,-3.92
3.0,1.26,degenerate,PLP|FLP,-2.52,-2.7938,-4.0,-4.0
3.04,1.26,FLP,FLP,-2.52,-2.7938,,-4.08
3.08,1.26,FLP,FLP,-2.52,-2.7938,,-4.16
3.12,1.26,FLP,FLP,-2.52,-2.7938,,-4.24
3.16,1.26,FLP,FLP,-2.52,-2.7938,,-4.32
3.2,1.26,FLP,FLP,-2.52,-2.7938,,-4.4
3.24,1.26,FLP,FLP,-2.52,-2.7938,,-4.48
3.28,1.26,FLP,FLP,-2.52,-2.7938,,-4.56
3.32,1.26,FLP,FLP,-2.52,-2.7938,,-4.64
3.36,1.26,FLP,FLP,-2.52,-2.7938,,-4.72
3.4,1.26,FLP,FLP,-2.52,-2.7938,,-4.8
3.44,1.26,FLP,FLP,-2.52,-2.7938,,-4.88
3.48,1.26,FLP,FLP,-2.52,-2.7938,,-4.96
3.52,1.26,FLP,FLP,-2.52,-2.7938,,-5.04
3.56,1.26,FLP,FLP,-2.52,-2.7938,,-5.12
3.6,1.26,FLP,FLP,-2.52,-2.7938,,-5.2
3.64,1.26,FLP,FLP,-2.52,-2.7938,,-5.28
3.68,1.26,FLP,FLP,-2.52,-2.7938,,-5.36
3.72,1.26,FLP,FLP,-2.52,-2.7938,,-5.44
3.76,1.26,FLP,FLP,-2.52,-2.7938,,-5.52
3.8,1.26,FLP,FLP,-2.52,-2.7938,,-5.6
3.84,1.26,FLP,FLP,-2.52,-2.7938,,-5.68
3.88,1.26,FLP,FLP,-2.52,-2.7938,,-5.76
3.92,1.26,FLP,FLP,-2.52,-2.7938,,-5.84
3.96,1.26,FLP,FLP,-2.52,-2.7938,,-5.92
4.0,1.26,FLP,FLP,-2.52,-2.7938,,-6.0
0.0,1.295,CAF,CAF,-2.59,-2.8385124999999998,-1.0,2.0
0.04,1.295,CAF,CAF,-2.59,-2.8385124999999998,-1.0005333333333333,1.92
0.08,1.295,CAF,CAF,-2.59,-2.8385124999999998,-1.0021333333333333,1.84
0.12,1.295,CAF,CAF,-2.59,-2.8385124999999998,-1.0048,1.76
0.16,1.295,CAF,CAF,-2.59,-2.8385124999999998,-1.0085333333333333,1.68
0.2,1.295,CAF,CAF,-2.59,-2.8385124999999998,-1.0133333333333334,1.6
0.24,1.295,CAF,CAF,-2.59,-2.8385124999999998,-1.0192,1.52
0.28,1.295,CAF,CAF,-2.59,-2.8385124999999998,-1.0261333333333333,1.44
0.32,1.295,CAF,CAF,-2.59,-2.8385124999999998,-1.0341333333333333,1.3599999999999999
0.36,1.295,CAF,CAF,-2.59,-2.8385124999999998,-1.0432,1.28
0.4,1.295,CAF,CAF,-2.59,-2.8385124999999998,-1.0533333333333332,1.2
0.44,1.295,CAF,CAF,-2.59,-2.8385124999999998,-1.0645333333333333,1.12
0.48,1.295,CAF,CAF,-2.59,-2.8385124999999998,-1.0768,1.04
0.52,1.295,CAF,CAF,-2.59,-2.8385124999999998,-1.0901333333333334,0.96
0.56,1.295,CAF,CAF,-2.59,-2.8385124999999998,-1.1045333333333334,0.8799999999999999
0.6,1.295,CAF,CAF,-2.59,-2.8385124999999998,-1.12,0.8
0.64,1.295,CAF,CAF,-2.59,-2.8385124999999998,-1.1365333333333334,0.72
0.68,1.295,CAF,CAF,-2.59,-2.8385124999999998,-1.1541333333333335,0.6399999999999999
0.72,1.295,CAF,CAF,-2.59,-2.8385124999999998,-1.1728,0.56
0.76,1.295,CAF,CAF,-2.59,-2.8385124999999998,-1.1925333333333334,0.48
0.8,1.295,CAF,CAF,-2.59,-2.8385124999999998,-1.2133333333333334,0.3999999999999999
0.84,1.295,CAF,CAF,-2.59,-2.8385124999999998,-1.2351999999999999,0.32000000000000006
0.88,1.295,CAF,CAF,-2.59,-2.8385124999999998,-1.2581333333333333,0.24
0.92,1.295,CAF,CAF,-2.59,-2.8385124999999998,-1.2821333333333333,0.15999999999999992
0.96,1.295,CAF,CAF,-2.59,-2.8385124999999998,-1.3072,0.08000000000000007
1.0,1.295,CAF,CAF,-2.59,-2.8385124999999998,-1.3333333333333333,0.0
1.04,1.295,CAF,CAF,-2.59,-2.8385124999999998,-1.3605333333333334,-0.08000000000000007
1.08,1.295,CAF,CAF,-2.59,-2.8385124999999998,-1.3888,-0.16000000000000014
1.12,1.295,CAF,CAF,-2.59,-2.8385124999999998,-1.4181333333333335,-0.2400000000000002
1.16,1.295,CAF,CAF,-2.59,-2.8385124999999998,-1.4485333333333332,-0.31999999999999984
1.2,1.295,CAF,CAF,-2.59,-2.8385124999999998,-1.48,-0.3999999999999999
1.24,1.295,CAF,CAF,-2.59,-2.8385124999999998,-1.5125333333333333,-0.48
1.28,1.295,CAF,CAF,-2.59,-2.8385124999999998,-1.5461333333333334,-0.56
1.32,1.295,CAF,CAF,-2.59,-2.8385124999999998,-1.5808,-0.6400000000000001
1.36,1.295,CAF,CAF,-2.59,-2.8385124999999998,-1.6165333333333334,-0.7200000000000002
1.4,1.295,CAF,CAF,-2.59,-2.8385124999999998,-1.6533333333333333,-0.7999999999999998
1.44,1.295,CAF,CAF,-2.59,-2.8385124999999998,-1.6911999999999998,-0.8799999999999999
1.48,1.295,CAF,CAF,-2.59,-2.8385124999999998,-1.7301333333333333,-0.96
1.52,1.295,CAF,CAF,-2.59,-2.8385124999999998,-1.7701333333333333,-1.04
1.56,1.295,CAF,CAF,-2.59,-2.8385124999999998,-1.8112,-1.12
1.6,1.295,CAF,CAF,-2.59,-2.8385124999999998,-1.8533333333333335,-1.2000000000000002
1.64,1.295,CAF,CAF,-2.59,-2.8385124999999998,-1.8965333333333332,-1.2799999999999998
1.68,1.295,CAF,CAF,-2.59,-2.8385124999999998,-1.9407999999999999,-1.3599999999999999
1.72,1.295,CAF,CAF,-2.59,-2.8385124999999998,-1.986133333333333,-1.44
1.76,1.295,CAF,CAF,-2.59,-2.8385124999999998,-2.0325333333333333,-1.52
1.8,1.295,CAF,CAF,-2.59,-2.8385124999999998,-2.08,-1.6
1.84,1.295,CAF,CAF,-2.59,-2.8385124999999998,-2.1285333333333334,-1.6800000000000002
1.88,1.295,CAF,CAF,-2.59,-2.8385124999999998,-2.1781333333333333,-1.7599999999999998
1.92,1.295,CAF,CAF,-2.59,-2.8385124999999998,-2.2287999999999997,-1.8399999999999999
1.96,1.295,CAF,CAF,-2.59,-2.8385124999999998,-2.2805333333333335,-1.92
2.0,1.295,CAF,CAF,-2.59,-2.8385124999999998,-2.333333333333333,-2.0
2.04,1.295,CAF,CAF,-2.59,-2.8385124999999998,-2.3872,-2.08
2.08,1.295,CAF,CAF,-2.59,-2.8385124999999998,-2.4421333333333335,-2.16
2.12,1.295,CAF,CAF,-2.59,-2.8385124999999998,-2.4981333333333335,-2.24
2.16,1.295,CAF,CAF,-2.59,-2.8385124999999998,-2.5552,-2.3200000000000003
2.2,1.295,CAF,CAF,-2.59,-2.8385124999999998,-2.6133333333333333,-2.4000000000000004
2.24,1.295,CAF,CAF,-2.59,-2.8385124999999998,-2.672533333333334,-2.4800000000000004
2.28,1.295,CAF,CAF,-2.59,-2.8385124999999998,-2.7328,-2.5599999999999996
2.32,1.295,CAF,CAF,-2.59,-2.8385124999999998,-2.794133333333333,-2.6399999999999997
2.36,1.295,PLP,PLP,-2.59,-2.8385124999999998,-2.856533333333333,-2.7199999999999998
2.4,1.295,PLP,PLP,-2.59,-2.8385124999999998,-2.92,-2.8
2.44,1.295,PLP,PLP,-2.59,-2.8385124999999998,-2.9845333333333333,-2.88
2.48,1.295,PLP,PLP,-2.59,-2.8385124999999998,-3.0501333333333336,-2.96
2.52,1.295,PLP,PLP,-2.59,-2.8385124999999998,-3.1168,-3.04
2.56,1.295,PLP,PLP,-2.59,-2.8385124999999998,-3.1845333333333334,-3.12
2.6,1.295,PLP,PLP,-2.59,-2.8385124999999998,-3.2533333333333334,-3.2
2.64,1.295,PLP,PLP,-2.59,-2.8385124999999998,-3.3232000000000004,-3.2800000000000002
2.68,1.295,PLP,PLP,-2.59,-2.8385124999999998,-3.394133333333334,-3.3600000000000003
2.72,1.295,PLP,PLP,-2.59,-2.8385124999999998,-3.466133333333334,-3.4400000000000004
2.76,1.295,PLP,PLP,-2.59,-2.8385124999999998,-3.5391999999999997,-3.5199999999999996
2.8,1.295,PLP,PLP,-2.59,-2.8385124999999998,-3.613333333333333,-3.5999999999999996
2.84,1.295,PLP,PLP,-2.59,-2.8385124999999998,-3.6885333333333334,-3.6799999999999997
2.88,1.295,PLP,PLP,-2.59,-2.8385124999999998,-3.7647999999999997,-3.76
2.92,1.295,PLP,PLP,-2.59,-2.8385124999999998,-3.842133333333333,-3.84
2.96,1.295,PLP,PLP,-2.59,-2.8385124999999998,-3.920533333333333,-3.92
3.0,1.295,degenerate,PLP|FLP,-2.59,-2.8385124999999998,-4.0,-4.0
3.04,1.295,FLP,FLP,-2.59,-2.8385124999999998,,-4.08
3.08,1.295,FLP,FLP,-2.59,-2.8385124999999998,,-4.16
3.12,1.295,FLP,FLP,-2.59,-2.8385124999999998,,-4.24
3.16,1.295,FLP,FLP,-2.59,-2.8385124999999998,,-4.32
3.2,1.295,FLP,FLP,-2.59,-2.8385124999999998,,-4.4
3.24,1.295,FLP,FLP,-2.59,-2.8385124999999998,,-4.48
3.28,1.295,FLP,FLP,-2.59,-2.8385124999999998,,-4.56
3.32,1.295,FLP,FLP,-2.59,-2.8385124999999998,,-4.64
3.36,1.295,FLP,FLP,-2.59,-2.8385124999999998,,-4.72
3.4,1.295,FLP,FLP,-2.59,-2.8385124999999998,,-4.8
3.44,1.295,FLP,FLP,-2.59,-2.8385124999999998,,-4.88
3.48,1.295,FLP,FLP,-2.59,-2.8385124999999998,,-4.96
3.52,1.295,FLP,FLP,-2.59,-2.8385124999999998,,-5.04
3.56,1.295,FLP,FLP,-2.59,-2.8385124999999998,,-5.12
3.6,1.295,FLP,FLP,-2.59,-2.8385124999999998,,-5.2
3.64,1.295,FLP,FLP,-2.59,-2.8385124999999998,,-5.28
3.68,1.295,FLP,FLP,-2.59,-2.8385124999999998,,-5.36
3.72,1.295,FLP,FLP,-2.59,-2.8385124999999998,,-5.44
3.76,1.295,FLP,FLP,-2.59,-2.8385124999999998,,-5.52
3.8,1.295,FLP,FLP,-2.59,-2.8385124999999998,,-5.6
3.84,1.295,FLP,FLP,-2.59,-2.8385124999999998,,-5.68
3.88,1.295,FLP,FLP,-2.59,-2.8385124999999998,,-5.76
3.92,1.295,FLP,FLP,-2.59,-2.8385124999999998,,-5.84
3.96,1.295,FLP,FLP,-2.59,-2.8385124999999998,,-5.92
4.0,1.295,FLP,FLP,-2.59,-2.8385124999999998,,-6.0
0.0,1.33,CAF,CAF,-2.66,-2.88445,-1.0,2.0
0.04,1.33,CAF,CAF,-2.66,-2.88445,-1.0005333333333333,1.92
0.08,1.33,CAF,CAF,-2.66,-2.88445,-1.0021333333333333,1.84
0.12,1.33,CAF,CAF,-2.66,-2.88445,-1.0048,1.76
0.16,1.33,CAF,CAF,-2.66,-2.88445,-1.0085333333333333,1.68
0.2,1.33,CAF,CAF,-2.66,-2.88445,-1.0133333333333334,1.6
0.24,1.33,CAF,CAF,-2.66,-2.88445,-1.0192,1.52
0.28,1.33,CAF,CAF,-2.66,-2.88445,-1.0261333333333333,1.44
0.32,1.33,CAF,CAF,-2.66,-2.88445,-1.0341333333333333,1.3599999999999999
0.36,1.33,CAF,CAF,-2.66,-2.88445,-1.0432,1.28
0.4,1.33,CAF,CAF,-2.66,-2.88445,-1.0533333333333332,1.2
0.44,1.33,CAF,CAF,-2.66,-2.88445,-1.0645333333333333,1.12
0.48,1.33,CAF,CAF,-2.66,-2.88445,-1.0768,1.04
0.52,1.33,CAF,CAF,-2.66,-2.88445,-1.0901333333333334,0.96
0.56,1.33,CAF,CAF,-2.66,-2.88445,-1.1045333333333334,0.8799999999999999
0.6,1.33,CAF,CAF,-2.66,-2.88445,-1.12,0.8
0.64,1.33,CAF,CAF,-2.66,-2.88445,-1.1365333333333334,0.72
0.68,1.33,CAF,CAF,-2.66,-2.88445,-1.1541333333333335,0.6399999999999999
0.72,1.33,CAF,CAF,-2.66,-2.88445,-1.1728,0.56
0.76,1.33,CAF,CAF,-2.66,-2.88445,-1.1925333333333334,0.48
0.8,1.33,CAF,CAF,-2.66,-2.88445,-1.2133333333333334,0.3999999999999999
0.84,1.33,CAF,CAF,-2.66,-2.88445,-1.2351999999999999,0.32000000000000006
0.88,1.33,CAF,CAF,-2.66,-2.88445,-1.2581333333333333,0.24
0.92,1.33,CAF,CAF,-2.66,-2.88445,-1.2821333333333333,0.15999999999999992
0.96,1.33,CAF,CAF,-2.66,-2.88445,-1.3072,0.08000000000000007
1.0,1.33,CAF,CAF,-2.66,-2.88445,-1.3333333333333333,0.0
1.04,1.33,CAF,CAF,-2.66,-2.88445,-1.3605333333333334,-0.08000000000000007
1.08,1.33,CAF,CAF,-2.66,-2.88445,-1.3888,-0.16000000000000014
1.12,1.33,CAF,CAF,-2.66,-2.88445,-1.4181333333333335,-0.2400000000000002
1.16,1.33,CAF,CAF,-2.66,-2.88445,-1.4485333333333332,-0.31999999999999984
1.2,1.33,CAF,CAF,-2.66,-2.88445,-1.48,-0.3999999999999999
1.24,1.33,CAF,CAF,-2.66,-2.88445,-1.5125333333333333,-0.48
1.28,1.33,CAF,CAF,-2.66,-2.88445,-1.5461333333333334,-0.56
1.32,1.33,CAF,CAF,-2.66,-2.88445,-1.5808,-0.6400000000000001
1.36,1.33,CAF,CAF,-2.66,-2.88445,-1.6165333333333334,-0.7200000000000002
1.4,1.33,CAF,CAF,-2.66,-2.88445,-1.6533333333333333,-0.7999999999999998
1.44,1.33,CAF,CAF,-2.66,-2.88445,-1.6911999999999998,-0.8799999999999999
1.48,1.33,CAF,CAF,-2.66,-2.88445,-1.7301333333333333,-0.96
1.52,1.33,CAF,CAF,-2.66,-2.88445,-1.7701333333333333,-1.04
1.56,1.33,CAF,CAF,-2.66,-2.88445,-1.8112,-1.12
1.6,1.33,CAF,CAF,-2.66,-2.88445,-1.8533333333333335,-1.2000000000000002
1.64,1.33,CAF,CAF,-2.66,-2.88445,-1.8965333333333332,-1.2799999999999998
1.68,1.33,CAF,CAF,-2.66,-2.88445,-1.9407999999999999,-1.3599999999999999
1.72,1.33,CAF,CAF,-2.66,-2.88445,-1.986133333333333,-1.44
1.76,1.33,CAF,CAF,-2.66,-2.88445,-2.0325333333333333,-1.52
1.8,1.33,CAF,CAF,-2.66,-2.88445,-2.08,-1.6
1.84,1.33,CAF,CAF,-2.66,-2.88445,-2.1285333333333334,-1.6800000000000002
1.88,1.33,CAF,CAF,-2.66,-2.88445,-2.1781333333333333,-1.7599999999999998
1.92,1.33,CAF,CAF,-2.66,-2.88445,-2.2287999999999997,-1.8399999999999999
1.96,1.33,CAF,CAF,-2.66,-2.88445,-2.2805333333333335,-1.92
2.0,1.33,CAF,CAF,-2.66,-2.88445,-2.333333333333333,-2.0
2.04,1.33,CAF,CAF,-2.66,-2.88445,-2.3872,-2.08
2.08,1.33,CAF,CAF,-2.66,-2.88445,-2.4421333333333335,-2.16
2.12,1.33,CAF,CAF,-2.66,-2.88445,-2.4981333333333335,-2.24
2.16,1.33,CAF,CAF,-2.66,-2.88445,-2.5552,-2.3200000000000003
2.2,1.33,CAF,CAF,-2.66,-2.88445,-2.6133333333333333,-2.4000000000000004
2.24,1.33,CAF,CAF,-2.66,-2.88445,-2.672533333333334,-2.4800000000000004
2.28,1.33,CAF,CAF,-2.66,-2.88445,-2.7328,-2.5599999999999996
2.32,1.33,CAF,CAF,-2.66,-2.88445,-2.794133333333333,-2.6399999999999997
2.36,1.33,CAF,CAF,-2.66,-2.88445,-2.856533333333333,-2.7199999999999998
2.4,1.33,PLP,PLP,-2.66,-2.88445,-2.92,-2.8
2.44,1.33,PLP,PLP,-2.66,-2.88445,-2.9845333333333333,-2.88
2.48,1.33,PLP,PLP,-2.66,-2.88445,-3.0501333333333336,-2.96
2.52,1.33,PLP,PLP,-2.66,-2.88445,-3.1168,-3.04
2.56,1.33,PLP,PLP,-2.66,-2.88445,-3.1845333333333334,-3.12
2.6,1.33,PLP,PLP,-2.66,-2.88445,-3.2533333333333334,-3.2
2.64,1.33,PLP,PLP,-2.66,-2.88445,-3.3232000000000004,-3.2800000000000002
2.68,1.33,PLP,PLP,-2.66,-2.88445,-3.394133333333334,-3.3600000000000003
2.72,1.33,PLP,PLP,-2.66,-2.88445,-3.466133333333334,-3.4400000000000004
2.76,1.33,PLP,PLP,-2.66,-2.88445,-3.5391999999999997,-3.5199999999999996
2.8,1.33,PLP,PLP,-2.66,-2.88445,-3.613333333333333,-3.5999999999999996
2.84,1.33,PLP,PLP,-2.66,-2.88445,-3.6885333333333334,-3.6799999999999997
2.88,1.33,PLP,PLP,-2.66,-2.88445,-3.7647999999999997,-3.76
2.92,1.33,PLP,PLP,-2.66,-2.88445,-3.842133333333333,-3.84
2.96,1.33,PLP,PLP,-2.66,-2.88445,-3.920533333333333,-3.92
3.0,1.33,degenerate,PLP|FLP,-2.66,-2.88445,-4.0,-4.0
3.04,1.33,FLP,FLP,-2.66,-2.88445,,-4.08
3.08,1.33,FLP,FLP,-2.66,-2.88445,,-4.16
3.12,1.33,FLP,FLP,-2.66,-2.88445,,-4.24
3.16,1.33,FLP,FLP,-2.66,-2.88445,,-4.32
3.2,1.33,FLP,FLP,-2.66,-2.88445,,-4.4
3.24,1.33,FLP,FLP,-2.66,-2.88445,,-4.48
3.28,1.33,FLP,FLP,-2.66,-2.88445,,-4.56
3.32,1.33,FLP,FLP,-2.66,-2.88445,,-4.64
3.36,1.33,FLP,FLP,-2.66,-2.88445,,-4.72
3.4,1.33,FLP,FLP,-2.66,-2.88445,,-4.8
3.44,1.33,FLP,FLP,-2.66,-2.88445,,-4.88
3.48,1.33,FLP,FLP,-2.66,-2.88445,,-4.96
3.52,1.33,FLP,FLP,-2.66,-2.88445,,-5.04
3.56,1.33,FLP,FLP,-2.66,-2.88445,,-5.12
3.6,1.33,FLP,FLP,-2.66,-2.88445,,-5.2
3.64,1.33,FLP,FLP,-2.66,-2.88445,,-5.28
3.68,1.33,FLP,FLP,-2.66,-2.88445,,-5.36
3.72,1.33,FLP,FLP,-2.66,-2.88445,,-5.44
3.76,1.33,FLP,FLP,-2.66,-2.88445,,-5.52
3.8,1.33,FLP,FLP,-2.66,-2.88445,,-5.6
3.84,1.33,FLP,FLP,-2.66,-2.88445,,-5.68
3.88,1.33,FLP,FLP,-2.66,-2.88445,,-5.76
3.92,1.33,FLP,FLP,-2.66,-2.88445,,-5.84
3.96,1.33,FLP,FLP,-2.66,-2.88445,,-5.92
4.0,1.33,FLP,FLP,-2.66,-2.88445,,-6.0
0.0,1.365,CAF,CAF,-2.73,-2.9316125,-1.0,2.0
0.04,1.365,CAF,CAF,-2.73,-2.9316125,-1.0005333333333333,1.92
0.08,1.365,CAF,CAF,-2.73,-2.9316125,-1.0021333333333333,1.84
0.12,1.365,CAF,CAF,-2.73,-2.9316125,-1.0048,1.76
0.16,1.365,CAF,CAF,-2.73,-2.9316125,-1.0085333333333333,1.68
0.2,1.365,CAF,CAF,-2.73,-2.9316125,-1.0133333333333334,1.6
0.24,1.365,CAF,CAF,-2.73,-2.9316125,-1.0192,1.52
0.28,1.365,CAF,CAF,-2.73,-2.9316125,-1.0261333333333333,1.44
0.32,1.365,CAF,CAF,-2.73,-2.9316125,-1.0341333333333333,1.3599999999999999
0.36,1.365,CAF,CAF,-2.73,-2.9316125,-1.0432,1.28
0.4,1.365,CAF,CAF,-2.73,-2.9316125,-1.0533333333333332,1.2
0.44,1.365,CAF,CAF,-2.73,-2.9316125,-1.0645333333333333,1.12
0.48,1.365,CAF,CAF,-2.73,-2.9316125,-1.0768,1.04
0.52,1.365,CAF,CAF,-2.73,-2.9316125,-1.0901333333333334,0.96
0.56,1.365,CAF,CAF,-2.73,-2.9316125,-1.1045333333333334,0.8799999999999999
0.6,1.365,CAF,CAF,-2.73,-2.9316125,-1.12,0.8
0.64,1.365,CAF,CAF,-2.73,-2.9316125,-1.1365333333333334,0.72
0.68,1.365,CAF,CAF,-2.73,-2.9316125,-1.1541333333333335,0.6399999999999999
0.72,1.365,CAF,CAF,-2.73,-2.9316125,-1.1728,0.56
0.76,1.365,CAF,CAF,-2.73,-2.9316125,-1.1925333333333334,0.48
0.8,1.365,CAF,CAF,-2.73,-2.9316125,-1.2133333333333334,0.3999999999999999
0.84,1.365,CAF,CAF,-2.73,-2.9316125,-1.2351999999999999,0.32000000000000006
0.88,1.365,CAF,CAF,-2.73,-2.9316125,-1.2581333333333333,0.24
0.92,1.365,CAF,CAF,-2.73,-2.9316125,-1.2821333333333333,0.15999999999999992
0.96,1.365,CAF,CAF,-2.73,-2.9316125,-1.3072,0.08000000000000007
1.0,1.365,CAF,CAF,-2.73,-2.9316125,-1.3333333333333333,0.0
1.04,1.365,CAF,CAF,-2.73,-2.9316125,-1.3605333333333334,-0.08000000000000007
1.08,1.365,CAF,CAF,-2.73,-2.9316125,-1.3888,-0.16000000000000014
1.12,1.365,CAF,CAF,-2.73,-2.9316125,-1.4181333333333335,-0.2400000000000002
1.16,1.365,CAF,CAF,-2.73,-2.9316125,-1.4485333333333332,-0.31999999999999984
1.2,1.365,CAF,CAF,-2.73,-2.9316125,-1.48,-0.3999999999999999
1.24,1.365,CAF,CAF,-2.73,-2.9316125,-1.5125333333333333,-0.48
1.28,1.365,CAF,CAF,-2.73,-2.9316125,-1.5461333333333334,-0.56
1.32,1.365,CAF,CAF,-2.73,-2.9316125,-1.5808,-0.6400000000000001
1.36,1.365,CAF,CAF,-2.73,-2.9316125,-1.6165333333333334,-0.7200000000000002
1.4,1.365,CAF,CAF,-2.73,-2.9316125,-1.6533333333333333,-0.7999999999999998
1.44,1.365,CAF,CAF,-2.73,-2.9316125,-1.6911999999999998,-0.8799999999999999
1.48,1.365,CAF,CAF,-2.73,-2.9316125,-1.7301333333333333,-0.96
1.52,1.365,CAF,CAF,-2.73,-2.9316125,-1.7701333333333333,-1.04
1.56,1.365,CAF,CAF,-2.73,-2.9316125,-1.8112,-1.12
1.6,1.365,CAF,CAF,-2.73,-2.9316125,-1.8533333333333335,-1.2000000000000002
1.64,1.365,CAF,CAF,-2.73,-2.9316125,-1.8965333333333332,-1.2799999999999998
1.68,1.365,CAF,CAF,-2.73,-2.9316125,-1.9407999999999999,-1.3599999999999999
1.72,1.365,CAF,CAF,-2.73,-2.9316125,-1.986133333333333,-1.44
1.76,1.365,CAF,CAF,-2.73,-2.9316125,-2.0325333333333333,-1.52
1.8,1.365,CAF,CAF,-2.73,-2.9316125,-2.08,-1.6
1.84,1.365,CAF,CAF,-2.73,-2.9316125,-2.1285333333333334,-1.6800000000000002
1.88,1.365,CAF,CAF,-2.73,-2.9316125,-2.1781333333333333,-1.7599999999999998
1.92,1.365,CAF,CAF,-2.73,-2.9316125,-2.2287999999999997,-1.8399999999999999
1.96,1.365,CAF,CAF,-2.73,-2.9316125,-2.2805333333333335,-1.92
2.0,1.365,CAF,CAF,-2.73,-2.9316125,-2.333333333333333,-2.0
2.04,1.365,CAF,CAF,-2.73,-2.9316125,-2.3872,-2.08
2.08,1.365,CAF,CAF,-2.73,-2.9316125,-2.4421333333333335,-2.16
2.12,1.365,CAF,CAF,-2.73,-2.9316125,-2.4981333333333335,-2.24
2.16,1.365,CAF,CAF,-2.73,-2.9316125,-2.5552,-2.3200000000000003
2.2,1.365,CAF,CAF,-2.73,-2.9316125,-2.6133333333333333,-2.4000000000000004
2.24,1.365,CAF,CAF,-2.73,-2.9316125,-2.672533333333334,-2.4800000000000004
2.28,1.365,CAF,CAF,-2.73,-2.9316125,-2.7328,-2.5599999999999996
2.32,1.365,CAF,CAF,-2.73,-2.9316125,-2.794133333333333,-2.6399999999999997
2.36,1.365,CAF,CAF,-2.73,-2.9316125,-2.856533333333333,-2.7199999999999998
2.4,1.365,CAF,CAF,-2.73,-2.9316125,-2.92,-2.8
2.44,1.365,PLP,PLP,-2.73,-2.9316125,-2.9845333333333333,-2.88
2.48,1.365,PLP,PLP,-2.73,-2.9316125,-3.0501333333333336,-2.96
2.52,1.365,PLP,PLP,-2.73,-2.9316125,-3.1168,-3.04
2.56,1.365,PLP,PLP,-2.73,-2.9316125,-3.1845333333333334,-3.12
2.6,1.365,PLP,PLP,-2.73,-2.9316125,-3.2533333333333334,-3.2
2.64,1.365,PLP,PLP,-2.73,-2.9316125,-3.3232000000000004,-3.2800000000000002
2.68,1.365,PLP,PLP,-2.73,-2.9316125,-3.394133333333334,-3.3600000000000003
2.72,1.365,PLP,PLP,-2.73,-2.9316125,-3.466133333333334,-3.4400000000000004
2.76,1.365,PLP,PLP,-2.73,-2.9316125,-3.5391999999999997,-3.5199999999999996
2.8,1.365,PLP,PLP,-2.73,-2.9316125,-3.613333333333333,-3.5999999999999996
2.84,1.365,PLP,PLP,-2.73,-2.9316125,-3.6885333333333334,-3.6799999999999997
2.88,1.365,PLP,PLP,-2.73,-2.9316125,-3.7647999999999997,-3.76
2.92,1.365,PLP,PLP,-2.73,-2.9316125,-3.842133333333333,-3.84
2.96,1.365,PLP,PLP,-2.73,-2.9316125,-3.920533333333333,-3.92
3.0,1.365,degenerate,PLP|FLP,-2.73,-2.9316125,-4.0,-4.0
3.04,1.365,FLP,FLP,-2.73,-2.9316125,,-4.08
3.08,1.365,FLP,FLP,-2.73,-2.9316125,,-4.16
3.12,1.365,FLP,FLP,-2.73,-2.9316125,,-4.24
3.16,1.365,FLP,FLP,-2.73,-2.9316125,,-4.32
3.2,1.365,FLP,FLP,-2.73,-2.9316125,,-4.4
3.24,1.365,FLP,FLP,-2.73,-2.9316125,,-4.48
3.28,1.365,FLP,FLP,-2.73,-2.9316125,,-4.56
3.32,1.365,FLP,FLP,-2.73,-2.9316125,,-4.64
3.36,1.365,FLP,FLP,-2.73,-2.9316125,,-4.72
3.4,1.365,FLP,FLP,-2.73,-2.9316125,,-4.8
3.44,1.365,FLP,FLP,-2.73,-2.9316125,,-4.88
3.48,1.365,FLP,FLP,-2.73,-2.9316125,,-4.96
3.52,1.365,FLP,FLP,-2.73,-2.9316125,,-5.04
3.56,1.365,FLP,FLP,-2.73,-2.9316125,,-5.12
3.6,1.365,FLP,FLP,-2.73,-2.9316125,,-5.2
3.64,1.365,FLP,FLP,-2.73,-2.9316125,,-5.28
3.68,1.365,FLP,FLP,-2.73,-2.9316125,,-5.36
3.72,1.365,FLP,FLP,-2.73,-2.9316125,,-5.44
3.76,1.365,FLP,FLP,-2.73,-2.9316125,,-5.52
3.8,1.365,FLP,FLP,-2.73,-2.9316125,,-5.6
3.84,1.365,FLP,FLP,-2.73,-2.9316125,,-5.68
3.88,1.365,FLP,FLP,-2.73,-2.9316125,,-5.76
3.92,1.365,FLP,FLP,-2.73,-2.9316125,,-5.84
3.96,1.365,FLP,FLP,-2.73,-2.9316125,,-5.92
4.0,1.365,FLP,FLP,-2.73,-2.9316125,,-6.0
0.0,1.4,CAF,CAF,-2.8,-2.98,-1.0,2.0
0.04,1.4,CAF,CAF,-2.8,-2.98,-1.0005333333333333,1.92
0.08,1.4,CAF,CAF,-2.8,-2.98,-1.0021333333333333,1.84
0.12,1.4,CAF,CAF,-2.8,-2.98,-1.0048,1.76
0.16,1.4,CAF,CAF,-2.8,-2.98,-1.0085333333333333,1.68
0.2,1.4,CAF,CAF,-2.8,-2.98,-1.0133333333333334,1.6
0.24,1.4,CAF,CAF,-2.8,-2.98,-1.0192,1.52
0.28,1.4,CAF,CAF,-2.8,-2.98,-1.0261333333333333,1.44
0.32,1.4,CAF,CAF,-2.8,-2.98,-1.0341333333333333,1.3599999999999999
0.36,1.4,CAF,CAF,-2.8,-2.98,-1.0432,1.28
0.4,1.4,CAF,CAF,-2.8,-2.98,-1.0533333333333332,1.2
0.44,1.4,CAF,CAF,-2.8,-2.98,-1.0645333333333333,1.12
0.48,1.4,CAF,CAF,-2.8,-2.98,-1.0768,1.04
0.52,1.4,CAF,CAF,-2.8,-2.98,-1.0901333333333334,0.96
0.56,1.4,CAF,CAF,-2.8,-2.98,-1.1045333333333334,0.8799999999999999
0.6,1.4,CAF,CAF,-2.8,-2.98,-1.12,0.8
0.64,1.4,CAF,CAF,-2.8,-2.98,-1.1365333333333334,0.72
0.68,1.4,CAF,CAF,-2.8,-2.98,-1.1541333333333335,0.6399999999999999
0.72,1.4,CAF,CAF,-2.8,-2.98,-1.1728,0.56
0.76,1.4,CAF,CAF,-2.8,-2.98,-1.1925333333333334,0.48
0.8,1.4,CAF,CAF,-2.8,-2.98,-1.2133333333333334,0.3999999999999999
0.84,1.4,CAF,CAF,-2.8,-2.98,-1.2351999999999999,0.32000000000000006
0.88,1.4,CAF,CAF,-2.8,-2.98,-1.2581333333333333,0.24
0.92,1.4,CAF,CAF,-2.8,-2.98,-1.2821333333333333,0.15999999999999992
0.96,1.4,CAF,CAF,-2.8,-2.98,-1.3072,0.08000000000000007
1.0,1.4,CAF,CAF,-2.8,-2.98,-1.3333333333333333,0.0
1.04,1.4,CAF,CAF,-2.8,-2.98,-1.3605333333333334,-0.08000000000000007
1.08,1.4,CAF,CAF,-2.8,-2.98,-1.3888,-0.16000000000000014
1.12,1.4,CAF,CAF,-2.8,-2.98,-1.4181333333333335,-0.2400000000000002
1.16,1.4,CAF,CAF,-2.8,-2.98,-1.4485333333333332,-0.31999999999999984
1.2,1.4,CAF,CAF,-2.8,-2.98,-1.48,-0.3999999999999999
1.24,1.4,CAF,CAF,-2.8,-2.98,-1.5125333333333333,-0.48
1.28,1.4,CAF,CAF,-2.8,-2.98,-1.5461333333333334,-0.56
1.32,1.4,CAF,CAF,-2.8,-2.98,-1.5808,-0.6400000000000001
1.36,1.4,CAF,CAF,-2.8,-2.98,-1.6165333333333334,-0.7200000000000002
1.4,1.4,CAF,CAF,-2.8,-2.98,-1.6533333333333333,-0.7999999999999998
1.44,1.4,CAF,CAF,-2.8,-2.98,-1.6911999999999998,-0.8799999999999999
1.48,1.4,CAF,CAF,-2.8,-2.98,-1.7301333333333333,-0.96
1.52,1.4,CAF,CAF,-2.8,-2.98,-1.7701333333333333,-1.04
1.56,1.4,CAF,CAF,-2.8,-2.98,-1.8112,-1.12
1.6,1.4,CAF,CAF,-2.8,-2.98,-1.8533333333333335,-1.2000000000000002
1.64,1.4,CAF,CAF,-2.8,-2.98,-1.8965333333333332,-1.2799999999999998
1.68,1.4,CAF,CAF,-2.8,-2.98,-1.9407999999999999,-1.3599999999999999
1.72,1.4,CAF,CAF,-2.8,-2.98,-1.986133333333333,-1.44
1.76,1.4,CAF,CAF,-2.8,-2.98,-2.0325333333333333,-1.52
1.8,1.4,CAF,CAF,-2.8,-2.98,-2.08,-1.6
1.84,1.4,CAF,CAF,-2.8,-2.98,-2.1285333333333334,-1.6800000000000002
1.88,1.4,CAF,CAF,-2.8,-2.98,-2.1781333333333333,-1.7599999999999998
1.92,1.4,CAF,CAF,-2.8,-2.98,-2.2287999999999997,-1.8399999999999999
1.96,1.4,CAF,CAF,-2.8,-2.98,-2.2805333333333335,-1.92
2.0,1.4,CAF,CAF,-2.8,-2.98,-2.333333333333333,-2.0
2.04,1.4,CAF,CAF,-2.8,-2.98,-2.3872,-2.08
2.08,1.4,CAF,CAF,-2.8,-2.98,-2.4421333333333335,-2.16
2.12,1.4,CAF,CAF,-2.8,-2.98,-2.4981333333333335,-2.24
2.16,1.4,CAF,CAF,-2.8,-2.98,-2.5552,-2.3200000000000003
2.2,1.4,CAF,CAF,-2.8,-2.98,-2.6133333333333333,-2.4000000000000004
2.24,1.4,CAF,CAF,-2.8,-2.98,-2.672533333333334,-2.4800000000000004
2.28,1.4,CAF,CAF,-2.8,-2.98,-2.7328,-2.5599999999999996
2.32,1.4,CAF,CAF,-2.8,-2.98,-2.794133333333333,-2.6399999999999997
2.36,1.4,CAF,CAF,-2.8,-2.98,-2.856533333333333,-2.7199999999999998
2.4,1.4,CAF,CAF,-2.8,-2.98,-2.92,-2.8
2.44,1.4,PLP,PLP,-2.8,-2.98,-2.9845333333333333,-2.88
2.48,1.4,PLP,PLP,-2.8,-2.98,-3.0501333333333336,-2.96
2.52,1.4,PLP,PLP,-2.8,-2.98,-3.1168,-3.04
2.56,1.4,PLP,PLP,-2.8,-2.98,-3.1845333333333334,-3.12
2.6,1.4,PLP,PLP,-2.8,-2.98,-3.2533333333333334,-3.2
2.64,1.4,PLP,PLP,-2.8,-2.98,-3.3232000000000004,-3.2800000000000002
2.68,1.4,PLP,PLP,-2.8,-2.98,-3.394133333333334,-3.3600000000000003
2.72,1.4,PLP,PLP,-2.8,-2.98,-3.466133333333334,-3.4400000000000004
2.76,1.4,PLP,PLP,-2.8,-2.98,-3.5391999999999997,-3.5199999999999996
2.8,1.4,PLP,PLP,-2.8,-2.98,-3.613333333333333,-3.5999999999999996
2.84,1.4,PLP,PLP,-2.8,-2.98,-3.6885333333333334,-3.6799999999999997
2.88,1.4,PLP,PLP,-2.8,-2.98,-3.7647999999999997,-3.76
2.92,1.4,PLP,PLP,-2.8,-2.98,-3.842133333333333,-3.84
2.96,1.4,PLP,PLP,-2.8,-2.98,-3.920533333333333,-3.92
3.0,1.4,degenerate,PLP|FLP,-2.8,-2.98,-4.0,-4.0
3.04,1.4,FLP,FLP,-2.8,-2.98,,-4.08
3.08,1.4,FLP,FLP,-2.8,-2.98,,-4.16
3.12,1.4,FLP,FLP,-2.8,-2.98,,-4.24
3.16,1.4,FLP,FLP,-2.8,-2.98,,-4.32
3.2,1.4,FLP,FLP,-2.8,-2.98,,-4.4
3.24,1.4,FLP,FLP,-2.8,-2.98,,-4.48
3.28,1.4,FLP,FLP,-2.8,-2.98,,-4.56
3.32,1.4,FLP,FLP,-2.8,-2.98,,-4.64
3.36,1.4,FLP,FLP,-2.8,-2.98,,-4.72
3.4,1.4,FLP,FLP,-2.8,-2.98,,-4.8
3.44,1.4,FLP,FLP,-2.8,-2.98,,-4.88
3.48,1.4,FLP,FLP,-2.8,-2.98,,-4.96
3.52,1.4,FLP,FLP,-2.8,-2.98,,-5.04
3.56,1.4,FLP,FLP,-2.8,-2.98,,-5.12
3.6,1.4,FLP,FLP,-2.8,-2.98,,-5.2
3.64,1.4,FLP,FLP,-2.8,-2.98,,-5.28
3.68,1.4,FLP,FLP,-2.8,-2.98,,-5.36
3.72,1.4,FLP,FLP,-2.8,-2.98,,-5.44
3.76,1.4,FLP,FLP,-2.8,-2.98,,-5.52
3.8,1.4,FLP,FLP,-2.8,-2.98,,-5.6
3.84,1.4,FLP,FLP,-2.8,-2.98,,-5.68
3.88,1.4,FLP,FLP,-2.8,-2.98,,-5.76
3.92,1.4,FLP,FLP,-2.8,-2.98,,-5.84
3.96,1.4,FLP,FLP,-2.8,-2.98,,-5.92
4.0,1.4,FLP,FLP,-2.8,-2.98,,-6.0
0.0,1.435,CAF,CAF,-2.87,-3.0296125,-1.0,2.0
0.04,1.435,CAF,CAF,-2.87,-3.0296125,-1.0005333333333333,1.92
0.08,1.435,CAF,CAF,-2.87,-3.0296125,-1.0021333333333333,1.84
0.12,1.435,CAF,CAF,-2.87,-3.0296125,-1.0048,1.76
0.16,1.435,CAF,CAF,-2.87,-3.0296125,-1.0085333333333333,1.68
0.2,1.435,CAF,CAF,-2.87,-3.0296125,-1.0133333333333334,1.6
0.24,1.435,CAF,CAF,-2.87,-3.0296125,-1.0192,1.52
0.28,1.435,CAF,CAF,-2.87,-3.0296125,-1.0261333333333333,1.44
0.32,1.435,CAF,CAF,-2.87,-3.0296125,-1.0341333333333333,1.3599999999999999
0.36,1.435,CAF,CAF,-2.87,-3.0296125,-1.0432,1.28
0.4,1.435,CAF,CAF,-2.87,-3.0296125,-1.0533333333333332,1.2
0.44,1.435,CAF,CAF,-2.87,-3.0296125,-1.0645333333333333,1.12
0.48,1.435,CAF,CAF,-2.87,-3.0296125,-1.0768,1.04
0.52,1.435,CAF,CAF,-2.87,-3.0296125,-1.0901333333333334,0.96
0.56,1.435,CAF,CAF,-2.87,-3.0296125,-1.1045333333333334,0.8799999999999999
0.6,1.435,CAF,CAF,-2.87,-3.0296125,-1.12,0.8
0.64,1.435,CAF,CAF,-2.87,-3.0296125,-1.1365333333333334,0.72
0.68,1.435,CAF,CAF,-2.87,-3.0296125,-1.1541333333333335,0.6399999999999999
0.72,1.435,CAF,CAF,-2.87,-3.0296125,-1.1728,0.56
0.76,1.435,CAF,CAF,-2.87,-3.0296125,-1.1925333333333334,0.48
0.8,1.435,CAF,CAF,-2.87,-3.0296125,-1.2133333333333334,0.3999999999999999
0.84,1.435,CAF,CAF,-2.87,-3.0296125,-1.2351999999999999,0.32000000000000006
0.88,1.435,CAF,CAF,-2.87,-3.0296125,-1.2581333333333333,0.24
0.92,1.435,CAF,CAF,-2.87,-3.0296125,-1.2821333333333333,0.15999999999999992
0.96,1.435,CAF,CAF,-2.87,-3.0296125,-1.3072,0.08000000000000007
1.0,1.435,CAF,CAF,-2.87,-3.0296125,-1.3333333333333333,0.0
1.04,1.435,CAF,CAF,-2.87,-3.0296125,-1.3605333333333334,-0.08000000000000007
1.08,1.435,CAF,CAF,-2.87,-3.0296125,-1.3888,-0.16000000000000014
1.12,1.435,CAF,CAF,-2.87,-3.0296125,-1.4181333333333335,-0.2400000000000002
1.16,1.435,CAF,CAF,-2.87,-3.0296125,-1.4485333333333332,-0.31999999999999984
1.2,1.435,CAF,CAF,-2.87,-3.0296125,-1.48,-0.3999999999999999
1.24,1.435,CAF,CAF,-2.87,-3.0296125,-1.5125333333333333,-0.48
1.28,1.435,CAF,CAF,-2.87,-3.0296125,-1.5461333333333334,-0.56
1.32,1.435,CAF,CAF,-2.87,-3.0296125,-1.5808,-0.6400000000000001
1.36,1.435,CAF,CAF,-2.87,-3.0296125,-1.6165333333333334,-0.7200000000000002
1.4,1.435,CAF,CAF,-2.87,-3.0296125,-1.6533333333333333,-0.7999999999999998
1.44,1.435,CAF,CAF,-2.87,-3.0296125,-1.6911999999999998,-0.8799999999999999
1.48,1.435,CAF,CAF,-2.87,-3.0296125,-1.7301333333333333,-0.96
1.52,1.435,CAF,CAF,-2.87,-3.0296125,-1.7701333333333333,-1.04
1.56,1.435,CAF,CAF,-2.87,-3.0296125,-1.8112,-1.12
1.6,1.435,CAF,CAF,-2.87,-3.0296125,-1.8533333333333335,-1.2000000000000002
1.64,1.435,CAF,CAF,-2.87,-3.0296125,-1.8965333333333332,-1.2799999999999998
1.68,1.435,CAF,CAF,-2.87,-3.0296125,-1.9407999999999999,-1.3599999999999999
1.72,1.435,CAF,CAF,-2.87,-3.0296125,-1.986133333333333,-1.44
1.76,1.435,CAF,CAF,-2.87,-3.0296125,-2.0325333333333333,-1.52
1.8,1.435,CAF,CAF,-2.87,-3.0296125,-2.08,-1.6
1.84,1.435,CAF,CAF,-2.87,-3.0296125,-2.1285333333333334,-1.6800000000000002
1.88,1.435,CAF,CAF,-2.87,-3.0296125,-2.1781333333333333,-1.7599999999999998
1.92,1.435,CAF,CAF,-2.87,-3.0296125,-2.2287999999999997,-1.8399999999999999
1.96,1.435,CAF,CAF,-2.87,-3.0296125,-2.2805333333333335,-1.92
2.0,1.435,CAF,CAF,-2.87,-3.0296125,-2.333333333333333,-2.0
2.04,1.435,CAF,CAF,-2.87,-3.0296125,-2.3872,-2.08
2.08,1.435,CAF,CAF,-2.87,-3.0296125,-2.4421333333333335,-2.16
2.12,1.435,CAF,CAF,-2.87,-3.0296125,-2.4981333333333335,-2.24
2.16,1.435,CAF,CAF,-2.87,-3.0296125,-2.5552,-2.3200000000000003
2.2,1.435,CAF,CAF,-2.87,-3.0296125,-2.6133333333333333,-2.4000000000000004
2.24,1.435,CAF,CAF,-2.87,-3.0296125,-2.672533333333334,-2.4800000000000004
2.28,1.435,CAF,CAF,-2.87,-3.0296125,-2.7328,-2.5599999999999996
2.32,1.435,CAF,CAF,-2.87,-3.0296125,-2.794133333333333,-2.6399999999999997
2.36,1.435,CAF,CAF,-2.87,-3.0296125,-2.856533333333333,-2.7199999999999998
2.4,1.435,CAF,CAF,-2.87,-3.0296125,-2.92,-2.8
2.44,1.435,CAF,CAF,-2.87,-3.0296125,-2.9845333333333333,-2.88
2.48,1.435,PLP,PLP,-2.87,-3.0296125,-3.0501333333333336,-2.96
2.52,1.435,PLP,PLP,-2.87,-3.0296125,-3.1168,-3.04
2.56,1.435,PLP,PLP,-2.87,-3.0296125,-3.1845333333333334,-3.12
2.6,1.435,PLP,PLP,-2.87,-3.0296125,-3.2533333333333334,-3.2
2.64,1.435,PLP,PLP,-2.87,-3.0296125,-3.3232000000000004,-3.2800000000000002
2.68,1.435,PLP,PLP,-2.87,-3.0296125,-3.394133333333334,-3.3600000000000003
2.72,1.435,PLP,PLP,-2.87,-3.0296125,-3.466133333333334,-3.4400000000000004
2.76,1.435,PLP,PLP,-2.87,-3.0296125,-3.5391999999999997,-3.5199999999999996
2.8,1.435,PLP,PLP,-2.87,-3.0296125,-3.613333333333333,-3.5999999999999996
2.84,1.435,PLP,PLP,-2.87,-3.0296125,-3.6885333333333334,-3.6799999999999997
2.88,1.435,PLP,PLP,-2.87,-3.0296125,-3.7647999999999997,-3.76
2.92,1.435,PLP,PLP,-2.87,-3.0296125,-3.842133333333333,-3.84
2.96,1.435,PLP,PLP,-2.87,-3.0296125,-3.920533333333333,-3.92
3.0,1.435,degenerate,PLP|FLP,-2.87,-3.0296125,-4.0,-4.0
3.04,1.435,FLP,FLP,-2.87,-3.0296125,,-4.08
3.08,1.435,FLP,FLP,-2.87,-3.0296125,,-4.16
3.12,1.435,FLP,FLP,-2.87,-3.0296125,,-4.24
3.16,1.435,FLP,FLP,-2.87,-3.0296125,,-4.32
3.2,1.435,FLP,FLP,-2.87,-3.0296125,,-4.4
3.24,1.435,FLP,FLP,-2.87,-3.0296125,,-4.48
3.28,1.435,FLP,FLP,-2.87,-3.0296125,,-4.56
3.32,1.435,FLP,FLP,-2.87,-3.0296125,,-4.64
3.36,1.435,FLP,FLP,-2.87,-3.0296125,,-4.72
3.4,1.435,FLP,FLP,-2.87,-3.0296125,,-4.8
3.44,1.435,FLP,FLP,-2.87,-3.0296125,,-4.88
3.48,1.435,FLP,FLP,-2.87,-3.0296125,,-4.96
3.52,1.435,FLP,FLP,-2.87,-3.0296125,,-5.04
3.56,1.435,FLP,FLP,-2.87,-3.0296125,,-5.12
3.6,1.435,FLP,FLP,-2.87,-3.0296125,,-5.2
3.64,1.435,FLP,FLP,-2.87,-3.0296125,,-5.28
3.68,1.435,FLP,FLP,-2.87,-3.0296125,,-5.36
3.72,1.435,FLP,FLP,-2.87,-3.0296125,,-5.44
3.76,1.435,FLP,FLP,-2.87,-3.0296125,,-5.52
3.8,1.435,FLP,FLP,-2.87,-3.0296125,,-5.6
3.84,1.435,FLP,FLP,-2.87,-3.0296125,,-5.68
3.88,1.435,FLP,FLP,-2.87,-3.0296125,,-5.76
3.92,1.435,FLP,FLP,-2.87,-3.0296125,,-5.84
3.96,1.435,FLP,FLP,-2.87,-3.0296125,,-5.92
4.0,1.435,FLP,FLP,-2.87,-3.0296125,,-6.0
0.0,1.47,CAF,CAF,-2.94,-3.08045,-1.0,2.0
0.04,1.47,CAF,CAF,-2.94,-3.08045,-1.0005333333333333,1.92
0.08,1.47,CAF,CAF,-2.94,-3.08045,-1.0021333333333333,1.84
0.12,1.47,CAF,CAF,-2.94,-3.08045,-1.0048,1.76
0.16,1.47,CAF,CAF,-2.94,-3.08045,-1.0085333333333333,1.68
0.2,1.47,CAF,CAF,-2.94,-3.08045,-1.0133333333333334,1.6
0.24,1.47,CAF,CAF,-2.94,-3.08045,-1.0192,1.52
0.28,1.47,CAF,CAF,-2.94,-3.08045,-1.0261333333333333,1.44
0.32,1.47,CAF,CAF,-2.94,-3.08045,-1.0341333333333333,1.3599999999999999
0.36,1.47,CAF,CAF,-2.94,-3.08045,-1.0432,1.28
0.4,1.47,CAF,CAF,-2.94,-3.08045,-1.0533333333333332,1.2
0.44,1.47,CAF,CAF,-2.94,-3.08045,-1.0645333333333333,1.12
0.48,1.47,CAF,CAF,-2.94,-3.08045,-1.0768,1.04
0.52,1.47,CAF,CAF,-2.94,-3.08045,-1.0901333333333334,0.96
0.56,1.47,CAF,CAF,-2.94,-3.08045,-1.1045333333333334,0.8799999999999999
0.6,1.47,CAF,CAF,-2.94,-3.08045,-1.12,0.8
0.64,1.47,CAF,CAF,-2.94,-3.08045,-1.1365333333333334,0.72
0.68,1.47,CAF,CAF,-2.94,-3.08045,-1.1541333333333335,0.6399999999999999
0.72,1.47,CAF,CAF,-2.94,-3.08045,-1.1728,0.56
0.76,1.47,CAF,CAF,-2.94,-3.08045,-1.1925333333333334,0.48
0.8,1.47,CAF,CAF,-2.94,-3.08045,-1.2133333333333334,0.3999999999999999
0.84,1.47,CAF,CAF,-2.94,-3.08045,-1.2351999999999999,0.32000000000000006
0.88,1.47,CAF,CAF,-2.94,-3.08045,-1.2581333333333333,0.24
0.92,1.47,CAF,CAF,-2.94,-3.08045,-1.2821333333333333,0.15999999999999992
0.96,1.47,CAF,CAF,-2.94,-3.08045,-1.3072,0.08000000000000007
1.0,1.47,CAF,CAF,-2.94,-3.08045,-1.3333333333333333,0.0
1.04,1.47,CAF,CAF,-2.94,-3.08045,-1.3605333333333334,-0.08000000000000007
1.08,1.47,CAF,CAF,-2.94,-3.08045,-1.3888,-0.16000000000000014
1.12,1.47,CAF,CAF,-2.94,-3.08045,-1.4181333333333335,-0.2400000000000002
1.16,1.47,CAF,CAF,-2.94,-3.08045,-1.4485333333333332,-0.31999999999999984
1.2,1.47,CAF,CAF,-2.94,-3.08045,-1.48,-0.3999999999999999
1.24,1.47,CAF,CAF,-2.94,-3.08045,-1.5125333333333333,-0.48
1.28,1.47,CAF,CAF,-2.94,-3.08045,-1.5461333333333334,-0.56
1.32,1.47,CAF,CAF,-2.94,-3.08045,-1.5808,-0.6400000000000001
1.36,1.47,CAF,CAF,-2.94,-3.08045,-1.6165333333333334,-0.7200000000000002
1.4,1.47,CAF,CAF,-2.94,-3.08045,-1.6533333333333333,-0.7999999999999998
1.44,1.47,CAF,CAF,-2.94,-3.08045,-1.6911999999999998,-0.8799999999999999
1.48,1.47,CAF,CAF,-2.94,-3.08045,-1.7301333333333333,-0.96
1.52,1.47,CAF,CAF,-2.94,-3.08045,-1.7701333333333333,-1.04
1.56,1.47,CAF,CAF,-2.94,-3.08045,-1.8112,-1.12
1.6,1.47,CAF,CAF,-2.94,-3.08045,-1.8533333333333335,-1.2000000000000002
1.64,1.47,CAF,CAF,-2.94,-3.08045,-1.8965333333333332,-1.2799999999999998
1.68,1.47,CAF,CAF,-2.94,-3.08045,-1.9407999999999999,-1.3599999999999999
1.72,1.47,CAF,CAF,-2.94,-3.08045,-1.986133333333333,-1.44
1.76,1.47,CAF,CAF,-2.94,-3.08045,-2.0325333333333333,-1.52
1.8,1.47,CAF,CAF,-2.94,-3.08045,-2.08,-1.6
1.84,1.47,CAF,CAF,-2.94,-3.08045,-2.1285333333333334,-1.6800000000000002
1.88,1.47,CAF,CAF,-2.94,-3.08045,-2.1781333333333333,-1.7599999999999998
1.92,1.47,CAF,CAF,-2.94,-3.08045,-2.2287999999999997,-1.8399999999999999
1.96,1.47,CAF,CAF,-2.94,-3.08045,-2.2805333333333335,-1.92
2.0,1.47,CAF,CAF,-2.94,-3.08045,-2.333333333333333,-2.0
2.04,1.47,CAF,CAF,-2.94,-3.08045,-2.3872,-2.08
2.08,1.47,CAF,CAF,-2.94,-3.08045,-2.4421333333333335,-2.16
2.12,1.47,CAF,CAF,-2.94,-3.08045,-2.4981333333333335,-2.24
2.16,1.47,CAF,CAF,-2.94,-3.08045,-2.5552,-2.3200000000000003
2.2,1.47,CAF,CAF,-2.94,-3.08045,-2.6133333333333333,-2.4000000000000004
2.24,1.47,CAF,CAF,-2.94,-3.08045,-2.672533333333334,-2.4800000000000004
2.28,1.47,CAF,CAF,-2.94,-3.08045,-2.7328,-2.5599999999999996
2.32,1.47,CAF,CAF,-2.94,-3.08045,-2.794133333333333,-2.6399999999999997
2.36,1.47,CAF,CAF,-2.94,-3.08045,-2.856533333333333,-2.7199999999999998
2.4,1.47,CAF,CAF,-2.94,-3.08045,-2.92,-2.8
2.44,1.47,CAF,CAF,-2.94,-3.08045,-2.9845333333333333,-2.88
2.48,1.47,CAF,CAF,-2.94,-3.08045,-3.0501333333333336,-2.96
2.52,1.47,PLP,PLP,-2.94,-3.08045,-3.1168,-3.04
2.56,1.47,PLP,PLP,-2.94,-3.08045,-3.1845333333333334,-3.12
2.6,1.47,PLP,PLP,-2.94,-3.08045,-3.2533333333333334,-3.2
2.64,1.47,PLP,PLP,-2.94,-3.08045,-3.3232000000000004,-3.2800000000000002
2.68,1.47,PLP,PLP,-2.94,-3.08045,-3.394133333333334,-3.3600000000000003
2.72,1.47,PLP,PLP,-2.94,-3.08045,-3.466133333333334,-3.4400000000000004
2.76,1.47,PLP,PLP,-2.94,-3.08045,-3.5391999999999997,-3.5199999999999996
2.8,1.47,PLP,PLP,-2.94,-3.08045,-3.613333333333333,-3.5999999999999996
2.84,1.47,PLP,PLP,-2.94,-3.08045,-3.6885333333333334,-3.6799999999999997
2.88,1.47,PLP,PLP,-2.94,-3.08045,-3.7647999999999997,-3.76
2.92,1.47,PLP,PLP,-2.94,-3.08045,-3.842133333333333,-3.84
2.96,1.47,PLP,PLP,-2.94,-3.08045,-3.920533333333333,-3.92
3.0,1.47,degenerate,PLP|FLP,-2.94,-3.08045,-4.0,-4.0
3.04,1.47,FLP,FLP,-2.94,-3.08045,,-4.08
3.08,1.47,FLP,FLP,-2.94,-3.08045,,-4.16
3.12,1.47,FLP,FLP,-2.94,-3.08045,,-4.24
3.16,1.47,FLP,FLP,-2.94,-3.08045,,-4.32
3.2,1.47,FLP,FLP,-2.94,-3.08045,,-4.4
3.24,1.47,FLP,FLP,-2.94,-3.08045,,-4.48
3.28,1.47,FLP,FLP,-2.94,-3.08045,,-4.56
3.32,1.47,FLP,FLP,-2.94,-3.08045,,-4.64
3.36,1.47,FLP,FLP,-2.94,-3.08045,,-4.72
3.4,1.47,FLP,FLP,-2.94,-3.08045,,-4.8
3.44,1.47,FLP,FLP,-2.94,-3.08045,,-4.88
3.48,1.47,FLP,FLP,-2.94,-3.08045,,-4.96
3.52,1.47,FLP,FLP,-2.94,-3.08045,,-5.04
3.56,1.47,FLP,FLP,-2.94,-3.08045,,-5.12
3.6,1.47,FLP,FLP,-2.94,-3.08045,,-5.2
3.64,1.47,FLP,FLP,-2.94,-3.08045,,-5.28
3.68,1.47,FLP,FLP,-2.94,-3.08045,,-5.36
3.72,1.47,FLP,FLP,-2.94,-3.08045,,-5.44
3.76,1.47,FLP,FLP,-2.94,-3.08045,,-5.52
3.8,1.47,FLP,FLP,-2.94,-3.08045,,-5.6
3.84,1.47,FLP,FLP,-2.94,-3.08045,,-5.68
3.88,1.47,FLP,FLP,-2.94,-3.08045,,-5.76
3.92,1.47,FLP,FLP,-2.94,-3.08045,,-5.84
3.96,1.47,FLP,FLP,-2.94,-3.08045,,-5.92
4.0,1.47,FLP,FLP,-2.94,-3.08045,,-6.0
0.0,1.505,CAF,CAF,-3.01,-3.1325125,-1.0,2.0
0.04,1.505,CAF,CAF,-3.01,-3.1325125,-1.0005333333333333,1.92
0.08,1.505,CAF,CAF,-3.01,-3.1325125,-1.0021333333333333,1.84
0.12,1.505,CAF,CAF,-3.01,-3.1325125,-1.0048,1.76
0.16,1.505,CAF,CAF,-3.01,-3.1325125,-1.0085333333333333,1.68
0.2,1.505,CAF,CAF,-3.01,-3.1325125,-1.0133333333333334,1.6
0.24,1.505,CAF,CAF,-3.01,-3.1325125,-1.0192,1.52
0.28,1.505,CAF,CAF,-3.01,-3.1325125,-1.0261333333333333,1.44
0.32,1.505,CAF,CAF,-3.01,-3.1325125,-1.0341333333333333,1.3599999999999999
0.36,1.505,CAF,CAF,-3.01,-3.1325125,-1.0432,1.28
0.4,1.505,CAF,CAF,-3.01,-3.1325125,-1.0533333333333332,1.2
0.44,1.505,CAF,CAF,-3.01,-3.1325125,-1.0645333333333333,1.12
0.48,1.505,CAF,CAF,-3.01,-3.1325125,-1.0768,1.04
0.52,1.505,CAF,CAF,-3.01,-3.1325125,-1.0901333333333334,0.96
0.56,1.505,CAF,CAF,-3.01,-3.1325125,-1.1045333333333334,0.8799999999999999
0.6,1.505,CAF,CAF,-3.01,-3.1325125,-1.12,0.8
0.64,1.505,CAF,CAF,-3.01,-3.1325125,-1.1365333333333334,0.72
0.68,1.505,CAF,CAF,-3.01,-3.1325125,-1.1541333333333335,0.6399999999999999
0.72,1.505,CAF,CAF,-3.01,-3.1325125,-1.1728,0.56
0.76,1.505,CAF,CAF,-3.01,-3.1325125,-1.1925333333333334,0.48
0.8,1.505,CAF,CAF,-3.01,-3.1325125,-1.2133333333333334,0.3999999999999999
0.84,1.505,CAF,CAF,-3.01,-3.1325125,-1.2351999999999999,0.32000000000000006
0.88,1.505,CAF,CAF,-3.01,-3.1325125,-1.2581333333333333,0.24
0.92,1.505,CAF,CAF,-3.01,-3.1325125,-1.2821333333333333,0.15999999999999992
0.96,1.505,CAF,CAF,-3.01,-3.1325125,-1.3072,0.08000000000000007
1.0,1.505,CAF,CAF,-3.01,-3.1325125,-1.3333333333333333,0.0
1.04,1.505,CAF,CAF,-3.01,-3.1325125,-1.3605333333333334,-0.08000000000000007
1.08,1.505,CAF,CAF,-3.01,-3.1325125,-1.3888,-0.16000000000000014
1.12,1.505,CAF,CAF,-3.01,-3.1325125,-1.4181333333333335,-0.2400000000000002
1.16,1.505,CAF,CAF,-3.01,-3.1325125,-1.4485333333333332,-0.31999999999999984
1.2,1.505,CAF,CAF,-3.01,-3.1325125,-1.48,-0.3999999999999999
1.24,1.505,CAF,CAF,-3.01,-3.1325125,-1.5125333333333333,-0.48
1.28,1.505,CAF,CAF,-3.01,-3.1325125,-1.5461333333333334,-0.56
1.32,1.505,CAF,CAF,-3.01,-3.1325125,-1.5808,-0.6400000000000001
1.36,1.505,CAF,CAF,-3.01,-3.1325125,-1.6165333333333334,-0.7200000000000002
1.4,1.505,CAF,CAF,-3.01,-3.1325125,-1.6533333333333333,-0.7999999999999998
1.44,1.505,CAF,CAF,-3.01,-3.1325125,-1.6911999999999998,-0.8799999999999999
1.48,1.505,CAF,CAF,-3.01,-3.1325125,-1.7301333333333333,-0.96
1.52,1.505,CAF,CAF,-3.01,-3.1325125,-1.7701333333333333,-1.04
1.56,1.505,CAF,CAF,-3.01,-3.1325125,-1.8112,-1.12
1.6,1.505,CAF,CAF,-3.01,-3.1325125,-1.8533333333333335,-1.2000000000000002
1.64,1.505,CAF,CAF,-3.01,-3.1325125,-1.8965333333333332,-1.2799999999999998
1.68,1.505,CAF,CAF,-3.01,-3.1325125,-1.9407999999999999,-1.3599999999999999
1.72,1.505,CAF,CAF,-3.01,-3.1325125,-1.986133333333333,-1.44
1.76,1.505,CAF,CAF,-3.01,-3.1325125,-2.0325333333333333,-1.52
1.8,1.505,CAF,CAF,-3.01,-3.1325125,-2.08,-1.6
1.84,1.505,CAF,CAF,-3.01,-3.1325125,-2.1285333333333334,-1.6800000000000002
1.88,1.505,CAF,CAF,-3.01,-3.1325125,-2.1781333333333333,-1.7599999999999998
1.92,1.505,CAF,CAF,-3.01,-3.1325125,-2.2287999999999997,-1.8399999999999999
1.96,1.505,CAF,CAF,-3.01,-3.1325125,-2.2805333333333335,-1.92
2.0,1.505,CAF,CAF,-3.01,-3.1325125,-2.333333333333333,-2.0
2.04,1.505,CAF,CAF,-3.01,-3.1325125,-2.3872,-2.08
2.08,1.505,CAF,CAF,-3.01,-3.1325125,-2.4421333333333335,-2.16
2.12,1.505,CAF,CAF,-3.01,-3.1325125,-2.4981333333333335,-2.24
2.16,1.505,CAF,CAF,-3.01,-3.1325125,-2.5552,-2.3200000000000003
2.2,1.505,CAF,CAF,-3.01,-3.1325125,-2.6133333333333333,-2.4000000000000004
2.24,1.505,CAF,CAF,-3.01,-3.1325125,-2.672533333333334,-2.4800000000000004
2.28,1.505,CAF,CAF,-3.01,-3.1325125,-2.7328,-2.5599999999999996
2.32,1.505,CAF,CAF,-3.01,-3.1325125,-2.794133333333333,-2.6399999999999997
2.36,1.505,CAF,CAF,-3.01,-3.1325125,-2.856533333333333,-2.7199999999999998
2.4,1.505,CAF,CAF,-3.01,-3.1325125,-2.92,-2.8
2.44,1.505,CAF,CAF,-3.01,-3.1325125,-2.9845333333333333,-2.88
2.48,1.505,CAF,CAF,-3.01,-3.1325125,-3.0501333333333336,-2.96
2.52,1.505,CAF,CAF,-3.01,-3.1325125,-3.1168,-3.04
2.56,1.505,PLP,PLP,-3.01,-3.1325125,-3.1845333333333334,-3.12
2.6,1.505,PLP,PLP,-3.01,-3.1325125,-3.2533333333333334,-3.2
2.64,1.505,PLP,PLP,-3.01,-3.1325125,-3.3232000000000004,-3.2800000000000002
2.68,1.505,PLP,PLP,-3.01,-3.1325125,-3.394133333333334,-3.3600000000000003
2.72,1.505,PLP,PLP,-3.01,-3.1325125,-3.466133333333334,-3.4400000000000004
2.76,1.505,PLP,PLP,-3.01,-3.1325125,-3.5391999999999997,-3.5199999999999996
2.8,1.505,PLP,PLP,-3.01,-3.1325125,-3.613333333333333,-3.5999999999999996
2.84,1.505,PLP,PLP,-3.01,-3.1325125,-3.6885333333333334,-3.6799999999999997
2.88,1.505,PLP,PLP,-3.01,-3.1325125,-3.7647999999999997,-3.76
2.92,1.505,PLP,PLP,-3.01,-3.1325125,-3.842133333333333,-3.84
2.96,1.505,PLP,PLP,-3.01,-3.1325125,-3.920533333333333,-3.92
3.0,1.505,degenerate,PLP|FLP,-3.01,-3.1325125,-4.0,-4.0
3.04,1.505,FLP,FLP,-3.01,-3.1325125,,-4.08
3.08,1.505,FLP,FLP,-3.01,-3.1325125,,-4.16
3.12,1.505,FLP,FLP,-3.01,-3.1325125,,-4.24
3.16,1.505,FLP,FLP,-3.01,-3.1325125,,-4.32
3.2,1.505,FLP,FLP,-3.01,-3.1325125,,-4.4
3.24,1.505,FLP,FLP,-3.01,-3.1325125,,-4.48
3.28,1.505,FLP,FLP,-3.01,-3.1325125,,-4.56
3.32,1.505,FLP,FLP,-3.01,-3.1325125,,-4.64
3.36,1.505,FLP,FLP,-3.01,-3.1325125,,-4.72
3.4,1.505,FLP,FLP,-3.01,-3.1325125,,-4.8
3.44,1.505,FLP,FLP,-3.01,-3.1325125,,-4.88
3.48,1.505,FLP,FLP,-3.01,-3.1325125,,-4.96
3.52,1.505,FLP,FLP,-3.01,-3.1325125,,-5.04
3.56,1.505,FLP,FLP,-3.01,-3.1325125,,-5.12
3.6,1.505,FLP,FLP,-3.01,-3.1325125,,-5.2
3.64,1.505,FLP,FLP,-3.01,-3.1325125,,-5.28
3.68,1.505,FLP,FLP,-3.01,-3.1325125,,-5.36
3.72,1.505,FLP,FLP,-3.01,-3.1325125,,-5.44
3.76,1.505,FLP,FLP,-3.01,-3.1325125,,-5.52
3.8,1.505,FLP,FLP,-3.01,-3.1325125,,-5.6
3.84,1.505,FLP,FLP,-3.01,-3.1325125,,-5.68
3.88,1.505,FLP,FLP,-3.01,-3.1325125,,-5.76
3.92,1.505,FLP,FLP,-3.01,-3.1325125,,-5.84
3.96,1.505,FLP,FLP,-3.01,-3.1325125,,-5.92
4.0,1.505,FLP,FLP,-3.01,-3.1325125,,-6.0
0.0,1.54,CAF,CAF,-3.08,-3.1858,-1.0,2.0
0.04,1.54,CAF,CAF,-3.08,-3.1858,-1.0005333333333333,1.92
0.08,1.54,CAF,CAF,-3.08,-3.1858,-1.0021333333333333,1.84
0.12,1.54,CAF,CAF,-3.08,-3.1858,-1.0048,1.76
0.16,1.54,CAF,CAF,-3.08,-3.1858,-1.0085333333333333,1.68
0.2,1.54,CAF,CAF,-3.08,-3.1858,-1.0133333333333334,1.6
0.24,1.54,CAF,CAF,-3.08,-3.1858,-1.0192,1.52
0.28,1.54,CAF,CAF,-3.08,-3.1858,-1.0261333333333333,1.44
0.32,1.54,CAF,CAF,-3.08,-3.1858,-1.0341333333333333,1.3599999999999999
0.36,1.54,CAF,CAF,-3.08,-3.1858,-1.0432,1.28
0.4,1.54,CAF,CAF,-3.08,-3.1858,-1.0533333333333332,1.2
0.44,1.54,CAF,CAF,-3.08,-3.1858,-1.0645333333333333,1.12
0.48,1.54,CAF,CAF,-3.08,-3.1858,-1.0768,1.04
0.52,1.54,CAF,CAF,-3.08,-3.1858,-1.0901333333333334,0.96
0.56,1.54,CAF,CAF,-3.08,-3.1858,-1.1045333333333334,0.8799999999999999
0.6,1.54,CAF,CAF,-3.08,-3.1858,-1.12,0.8
0.64,1.54,CAF,CAF,-3.08,-3.1858,-1.1365333333333334,0.72
0.68,1.54,CAF,CAF,-3.08,-3.1858,-1.1541333333333335,0.6399999999999999
0.72,1.54,CAF,CAF,-3.08,-3.1858,-1.1728,0.56
0.76,1.54,CAF,CAF,-3.08,-3.1858,-1.1925333333333334,0.48
0.8,1.54,CAF,CAF,-3.08,-3.1858,-1.2133333333333334,0.3999999999999999
0.84,1.54,CAF,CAF,-3.08,-3.1858,-1.2351999999999999,0.32000000000000006
0.88,1.54,CAF,CAF,-3.08,-3.1858,-1.2581333333333333,0.24
0.92,1.54,CAF,CAF,-3.08,-3.1858,-1.2821333333333333,0.15999999999999992
0.96,1.54,CAF,CAF,-3.08,-3.1858,-1.3072,0.08000000000000007
1.0,1.54,CAF,CAF,-3.08,-3.1858,-1.3333333333333333,0.0
1.04,1.54,CAF,CAF,-3.08,-3.1858,-1.3605333333333334,-0.08000000000000007
1.08,1.54,CAF,CAF,-3.08,-3.1858,-1.3888,-0.16000000000000014
1.12,1.54,CAF,CAF,-3.08,-3.1858,-1.4181333333333335,-0.2400000000000002
1.16,1.54,CAF,CAF,-3.08,-3.1858,-1.4485333333333332,-0.31999999999999984
1.2,1.54,CAF,CAF,-3.08,-3.1858,-1.48,-0.3999999999999999
1.24,1.54,CAF,CAF,-3.08,-3.1858,-1.5125333333333333,-0.48
1.28,1.54,CAF,CAF,-3.08,-3.1858,-1.5461333333333334,-0.56
1.32,1.54,CAF,CAF,-3.08,-3.1858,-1.5808,-0.6400000000000001
1.36,1.54,CAF,CAF,-3.08,-3.1858,-1.6165333333333334,-0.7200000000000002
1.4,1.54,CAF,CAF,-3.08,-3.1858,-1.6533333333333333,-0.7999999999999998
1.44,1.54,CAF,CAF,-3.08,-3.1858,-1.6911999999999998,-0.8799999999999999
1.48,1.54,CAF,CAF,-3.08,-3.1858,-1.7301333333333333,-0.96
1.52,1.54,CAF,CAF,-3.08,-3.1858,-1.7701333333333333,-1.04
1.56,1.54,CAF,CAF,-3.08,-3.1858,-1.8112,-1.12
1.6,1.54,CAF,CAF,-3.08,-3.1858,-1.8533333333333335,-1.2000000000000002
1.64,1.54,CAF,CAF,-3.08,-3.1858,-1.8965333333333332,-1.2799999999999998
1.68,1.54,CAF,CAF,-3.08,-3.1858,-1.9407999999999999,-1.3599999999999999
1.72,1.54,CAF,CAF,-3.08,-3.1858,-1.986133333333333,-1.44
1.76,1.54,CAF,CAF,-3.08,-3.1858,-2.0325333333333333,-1.52
1.8,1.54,CAF,CAF,-3.08,-3.1858,-2.08,-1.6
1.84,1.54,CAF,CAF,-3.08,-3.1858,-2.1285333333333334,-1.6800000000000002
1.88,1.54,CAF,CAF,-3.08,-3.1858,-2.1781333333333333,-1.7599999999999998
1.92,1.54,CAF,CAF,-3.08,-3.1858,-2.2287999999999997,-1.8399999999999999
1.96,1.54,CAF,CAF,-3.08,-3.1858,-2.2805333333333335,-1.92
2.0,1.54,CAF,CAF,-3.08,-3.1858,-2.333333333333333,-2.0
2.04,1.54,CAF,CAF,-3.08,-3.1858,-2.3872,-2.08
2.08,1.54,CAF,CAF,-3.08,-3.1858,-2.4421333333333335,-2.16
2.12,1.54,CAF,CAF,-3.08,-3.1858,-2.4981333333333335,-2.24
2.16,1.54,CAF,CAF,-3.08,-3.1858,-2.5552,-2.3200000000000003
2.2,1.54,CAF,CAF,-3.08,-3.1858,-2.6133333333333333,-2.4000000000000004
2.24,1.54,CAF,CAF,-3.08,-3.1858,-2.672533333333334,-2.4800000000000004
2.28,1.54,CAF,CAF,-3.08,-3.1858,-2.7328,-2.5599999999999996
2.32,1.54,CAF,CAF,-3.08,-3.1858,-2.794133333333333,-2.6399999999999997
2.36,1.54,CAF,CAF,-3.08,-3.1858,-2.856533333333333,-2.7199999999999998
2.4,1.54,CAF,CAF,-3.08,-3.1858,-2.92,-2.8
2.44,1.54,CAF,CAF,-3.08,-3.1858,-2.9845333333333333,-2.88
2.48,1.54,CAF,CAF,-3.08,-3.1858,-3.0501333333333336,-2.96
2.52,1.54,CAF,CAF,-3.08,-3.1858,-3.1168,-3.04
2.56,1.54,CAF,CAF,-3.08,-3.1858,-3.1845333333333334,-3.12
2.6,1.54,PLP,PLP,-3.08,-3.1858,-3.2533333333333334,-3.2
2.64,1.54,PLP,PLP,-3.08,-3.1858,-3.3232000000000004,-3.2800000000000002
2.68,1.54,PLP,PLP,-3.08,-3.1858,-3.394133333333334,-3.3600000000000003
2.72,1.54,PLP,PLP,-3.08,-3.1858,-3.466133333333334,-3.4400000000000004
2.76,1.54,PLP,PLP,-3.08,-3.1858,-3.5391999999999997,-3.5199999999999996
2.8,1.54,PLP,PLP,-3.08,-3.1858,-3.613333333333333,-3.5999999999999996
2.84,1.54,PLP,PLP,-3.08,-3.1858,-3.6885333333333334,-3.6799999999999997
2.88,1.54,PLP,PLP,-3.08,-3.1858,-3.7647999999999997,-3.76
2.92,1.54,PLP,PLP,-3.08,-3.1858,-3.842133333333333,-3.84
2.96,1.54,PLP,PLP,-3.08,-3.1858,-3.920533333333333,-3.92
3.0,1.54,degenerate,PLP|FLP,-3.08,-3.1858,-4.0,-4.0
3.04,1.54,FLP,FLP,-3.08,-3.1858,,-4.08
3.08,1.54,FLP,FLP,-3.08,-3.1858,,-4.16
3.12,1.54,FLP,FLP,-3.08,-3.1858,,-4.24
3.16,1.54,FLP,FLP,-3.08,-3.1858,,-4.32
3.2,1.54,FLP,FLP,-3.08,-3.1858,,-4.4
3.24,1.54,FLP,FLP,-3.08,-3.1858,,-4.48
3.28,1.54,FLP,FLP,-3.08,-3.1858,,-4.56
3.32,1.54,FLP,FLP,-3.08,-3.1858,,-4.64
3.36,1.54,FLP,FLP,-3.08,-3.1858,,-4.72
3.4,1.54,FLP,FLP,-3.08,-3.1858,,-4.8
3.44,1.54,FLP,FLP,-3.08,-3.1858,,-4.88
3.48,1.54,FLP,FLP,-3.08,-3.1858,,-4.96
3.52,1.54,FLP,FLP,-3.08,-3.1858,,-5.04
3.56,1.54,FLP,FLP,-3.08,-3.1858,,-5.12
3.6,1.54,FLP,FLP,-3.08,-3.1858,,-5.2
3.64,1.54,FLP,FLP,-3.08,-3.1858,,-5.28
3.68,1.54,FLP,FLP,-3.08,-3.1858,,-5.36
3.72,1.54,FLP,FLP,-3.08,-3.1858,,-5.44
3.76,1.54,FLP,FLP,-3.08,-3.1858,,-5.52
3.8,1.54,FLP,FLP,-3.08,-3.1858,,-5.6
3.84,1.54,FLP,FLP,-3.08,-3.1858,,-5.68
3.88,1.54,FLP,FLP,-3.08,-3.1858,,-5.76
3.92,1.54,FLP,FLP,-3.08,-3.1858,,-5.84
3.96,1.54,FLP,FLP,-3.08,-3.1858,,-5.92
4.0,1.54,FLP,FLP,-3.08,-3.1858,,-6.0
0.0,1.575,CAF,CAF,-3.15,-3.2403125,-1.0,2.0
0.04,1.575,CAF,CAF,-3.15,-3.2403125,-1.0005333333333333,1.92
0.08,1.575,CAF,CAF,-3.15,-3.2403125,-1.0021333333333333,1.84
0.12,1.575,CAF,CAF,-3.15,-3.2403125,-1.0048,1.76
0.16,1.575,CAF,CAF,-3.15,-3.2403125,-1.0085333333333333,1.68
0.2,1.575,CAF,CAF,-3.15,-3.2403125,-1.0133333333333334,1.6
0.24,1.575,CAF,CAF,-3.15,-3.2403125,-1.0192,1.52
0.28,1.575,CAF,CAF,-3.15,-3.2403125,-1.0261333333333333,1.44
0.32,1.575,CAF,CAF,-3.15,-3.2403125,-1.0341333333333333,1.3599999999999999
0.36,1.575,CAF,CAF,-3.15,-3.2403125,-1.0432,1.28
0.4,1.575,CAF,CAF,-3.15,-3.2403125,-1.0533333333333332,1.2
0.44,1.575,CAF,CAF,-3.15,-3.2403125,-1.0645333333333333,1.12
0.48,1.575,CAF,CAF,-3.15,-3.2403125,-1.0768,1.04
0.52,1.575,CAF,CAF,-3.15,-3.2403125,-1.0901333333333334,0.96
0.56,1.575,CAF,CAF,-3.15,-3.2403125,-1.1045333333333334,0.8799999999999999
0.6,1.575,CAF,CAF,-3.15,-3.2403125,-1.12,0.8
0.64,1.575,CAF,CAF,-3.15,-3.2403125,-1.1365333333333334,0.72
0.68,1.575,CAF,CAF,-3.15,-3.2403125,-1.1541333333333335,0.6399999999999999
0.72,1.575,CAF,CAF,-3.15,-3.2403125,-1.1728,0.56
0.76,1.575,CAF,CAF,-3.15,-3.2403125,-1.1925333333333334,0.48
0.8,1.575,CAF,CAF,-3.15,-3.2403125,-1.2133333333333334,0.3999999999999999
0.84,1.575,CAF,CAF,-3.15,-3.2403125,-1.2351999999999999,0.32000000000000006
0.88,1.575,CAF,CAF,-3.15,-3.2403125,-1.2581333333333333,0.24
0.92,1.575,CAF,CAF,-3.15,-3.2403125,-1.2821333333333333,0.15999999999999992
0.96,1.575,CAF,CAF,-3.15,-3.2403125,-1.3072,0.08000000000000007
1.0,1.575,CAF,CAF,-3.15,-3.2403125,-1.3333333333333333,0.0
1.04,1.575,CAF,CAF,-3.15,-3.2403125,-1.3605333333333334,-0.08000000000000007
1.08,1.575,CAF,CAF,-3.15,-3.2403125,-1.3888,-0.16000000000000014
1.12,1.575,CAF,CAF,-3.15,-3.2403125,-1.4181333333333335,-0.2400000000000002
1.16,1.575,CAF,CAF,-3.15,-3.2403125,-1.4485333333333332,-0.31999999999999984
1.2,1.575,CAF,CAF,-3.15,-3.2403125,-1.48,-0.3999999999999999
1.24,1.575,CAF,CAF,-3.15,-3.2403125,-1.5125333333333333,-0.48
1.28,1.575,CAF,CAF,-3.15,-3.2403125,-1.5461333333333334,-0.56
1.32,1.575,CAF,CAF,-3.15,-3.2403125,-1.5808,-0.6400000000000001
1.36,1.575,CAF,CAF,-3.15,-3.2403125,-1.6165333333333334,-0.7200000000000002
1.4,1.575,CAF,CAF,-3.15,-3.2403125,-1.6533333333333333,-0.7999999999999998
1.44,1.575,CAF,CAF,-3.15,-3.2403125,-1.6911999999999998,-0.8799999999999999
1.48,1.575,CAF,CAF,-3.15,-3.2403125,-1.7301333333333333,-0.96
1.52,1.575,CAF,CAF,-3.15,-3.2403125,-1.7701333333333333,-1.04
1.56,1.575,CAF,CAF,-3.15,-3.2403125,-1.8112,-1.12
1.6,1.575,CAF,CAF,-3.15,-3.2403125,-1.8533333333333335,-1.2000000000000002
1.64,1.575,CAF,CAF,-3.15,-3.2403125,-1.8965333333333332,-1.2799999999999998
1.68,1.575,CAF,CAF,-3.15,-3.2403125,-1.9407999999999999,-1.3599999999999999
1.72,1.575,CAF,CAF,-3.15,-3.2403125,-1.986133333333333,-1.44
1.76,1.575,CAF,CAF,-3.15,-3.2403125,-2.0325333333333333,-1.52
1.8,1.575,CAF,CAF,-3.15,-3.2403125,-2.08,-1.6
1.84,1.575,CAF,CAF,-3.15,-3.2403125,-2.1285333333333334,-1.6800000000000002
1.88,1.575,CAF,CAF,-3.15,-3.2403125,-2.1781333333333333,-1.7599999999999998
1.92,1.575,CAF,CAF,-3.15,-3.2403125,-2.2287999999999997,-1.8399999999999999
1.96,1.575,CAF,CAF,-3.15,-3.2403125,-2.2805333333333335,-1.92
2.0,1.575,CAF,CAF,-3.15,-3.2403125,-2.333333333333333,-2.0
2.04,1.575,CAF,CAF,-3.15,-3.2403125,-2.3872,-2.08
2.08,1.575,CAF,CAF,-3.15,-3.2403125,-2.4421333333333335,-2.16
2.12,1.575,CAF,CAF,-3.15,-3.2403125,-2.4981333333333335,-2.24
2.16,1.575,CAF,CAF,-3.15,-3.2403125,-2.5552,-2.3200000000000003
2.2,1.575,CAF,CAF,-3.15,-3.2403125,-2.6133333333333333,-2.4000000000000004
2.24,1.575,CAF,CAF,-3.15,-3.2403125,-2.672533333333334,-2.4800000000000004
2.28,1.575,CAF,CAF,-3.15,-3.2403125,-2.7328,-2.5599999999999996
2.32,1.575,CAF,CAF,-3.15,-3.2403125,-2.794133333333333,-2.6399999999999997
2.36,1.575,CAF,CAF,-3.15,-3.2403125,-2.856533333333333,-2.7199999999999998
2.4,1.575,CAF,CAF,-3.15,-3.2403125,-2.92,-2.8
2.44,1.575,CAF,CAF,-3.15,-3.2403125,-2.9845333333333333,-2.88
2.48,1.575,CAF,CAF,-3.15,-3.2403125,-3.0501333333333336,-2.96
2.52,1.575,CAF,CAF,-3.15,-3.2403125,-3.1168,-3.04
2.56,1.575,CAF,CAF,-3.15,-3.2403125,-3.1845333333333334,-3.12
2.6,1.575,PLP,PLP,-3.15,-3.2403125,-3.2533333333333334,-3.2
2.64,1.575,PLP,PLP,-3.15,-3.2403125,-3.3232000000000004,-3.2800000000000002
2.68,1.575,PLP,PLP,-3.15,-3.2403125,-3.394133333333334,-3.3600000000000003
2.72,1.575,PLP,PLP,-3.15,-3.2403125,-3.466133333333334,-3.4400000000000004
2.76,1.575,PLP,PLP,-3.15,-3.2403125,-3.5391999999999997,-3.5199999999999996
2.8,1.575,PLP,PLP,-3.15,-3.2403125,-3.613333333333333,-3.5999999999999996
2.84,1.575,PLP,PLP,-3.15,-3.2403125,-3.6885333333333334,-3.6799999999999997
2.88,1.575,PLP,PLP,-3.15,-3.2403125,-3.7647999999999997,-3.76
2.92,1.575,PLP,PLP,-3.15,-3.2403125,-3.842133333333333,-3.84
2.96,1.575,PLP,PLP,-3.15,-3.2403125,-3.920533333333333,-3.92
3.0,1.575,degenerate,PLP|FLP,-3.15,-3.2403125,-4.0,-4.0
3.04,1.575,FLP,FLP,-3.15,-3.2403125,,-4.08
3.08,1.575,FLP,FLP,-3.15,-3.2403125,,-4.16
3.12,1.575,FLP,FLP,-3.15,-3.2403125,,-4.24
3.16,1.575,FLP,FLP,-3.15,-3.2403125,,-4.32
3.2,1.575,FLP,FLP,-3.15,-3.2403125,,-4.4
3.24,1.575,FLP,FLP,-3.15,-3.2403125,,-4.48
3.28,1.575,FLP,FLP,-3.15,-3.2403125,,-4.56
3.32,1.575,FLP,FLP,-3.15,-3.2403125,,-4.64
3.36,1.575,FLP,FLP,-3.15,-3.2403125,,-4.72
3.4,1.575,FLP,FLP,-3.15,-3.2403125,,-4.8
3.44,1.575,FLP,FLP,-3.15,-3.2403125,,-4.88
3.48,1.575,FLP,FLP,-3.15,-3.2403125,,-4.96
3.52,1.575,FLP,FLP,-3.15,-3.2403125,,-5.04
3.56,1.575,FLP,FLP,-3.15,-3.2403125,,-5.12
3.6,1.575,FLP,FLP,-3.15,-3.2403125,,-5.2
3.64,1.575,FLP,FLP,-3.15,-3.2403125,,-5.28
3.68,1.575,FLP,FLP,-3.15,-3.2403125,,-5.36
3.72,1.575,FLP,FLP,-3.15,-3.2403125,,-5.44
3.76,1.575,FLP,FLP,-3.15,-3.2403125,,-5.52
3.8,1.575,FLP,FLP,-3.15,-3.2403125,,-5.6
3.84,1.575,FLP,FLP,-3.15,-3.2403125,,-5.68
3.88,1.575,FLP,FLP,-3.15,-3.2403125,,-5.76
3.92,1.575,FLP,FLP,-3.15,-3.2403125,,-5.84
3.96,1.575,FLP,FLP,-3.15,-3.2403125,,-5.92
4.0,1.575,FLP,FLP,-3.15,-3.2403125,,-6.0
0.0,1.61,CAF,CAF,-3.22,-3.29605,-1.0,2.0
0.04,1.61,CAF,CAF,-3.22,-3.29605,-1.0005333333333333,1.92
0.08,1.61,CAF,CAF,-3.22,-3.29605,-1.0021333333333333,1.84
0.12,1.61,CAF,CAF,-3.22,-3.29605,-1.0048,1.76
0.16,1.61,CAF,CAF,-3.22,-3.29605,-1.0085333333333333,1.68
0.2,1.61,CAF,CAF,-3.22,-3.29605,-1.0133333333333334,1.6
0.24,1.61,CAF,CAF,-3.22,-3.29605,-1.0192,1.52
0.28,1.61,CAF,CAF,-3.22,-3.29605,-1.0261333333333333,1.44
0.32,1.61,CAF,CAF,-3.22,-3.29605,-1.0341333333333333,1.3599999999999999
0.36,1.61,CAF,CAF,-3.22,-3.29605,-1.0432,1.28
0.4,1.61,CAF,CAF,-3.22,-3.29605,-1.0533333333333332,1.2
0.44,1.61,CAF,CAF,-3.22,-3.29605,-1.0645333333333333,1.12
0.48,1.61,CAF,CAF,-3.22,-3.29605,-1.0768,1.04
0.52,1.61,CAF,CAF,-3.22,-3.29605,-1.0901333333333334,0.96
0.56,1.61,CAF,CAF,-3.22,-3.29605,-1.1045333333333334,0.8799999999999999
0.6,1.61,CAF,CAF,-3.22,-3.29605,-1.12,0.8
0.64,1.61,CAF,CAF,-3.22,-3.29605,-1.1365333333333334,0.72
0.68,1.61,CAF,CAF,-3.22,-3.29605,-1.1541333333333335,0.6399999999999999
0.72,1.61,CAF,CAF,-3.22,-3.29605,-1.1728,0.56
0.76,1.61,CAF,CAF,-3.22,-3.29605,-1.1925333333333334,0.48
0.8,1.61,CAF,CAF,-3.22,-3.29605,-1.2133333333333334,0.3999999999999999
0.84,1.61,CAF,CAF,-3.22,-3.29605,-1.2351999999999999,0.32000000000000006
0.88,1.61,CAF,CAF,-3.22,-3.29605,-1.2581333333333333,0.24
0.92,1.61,CAF,CAF,-3.22,-3.29605,-1.2821333333333333,0.15999999999999992
0.96,1.61,CAF,CAF,-3.22,-3.29605,-1.3072,0.08000000000000007
1.0,1.61,CAF,CAF,-3.22,-3.29605,-1.3333333333333333,0.0
1.04,1.61,CAF,CAF,-3.22,-3.29605,-1.3605333333333334,-0.08000000000000007
1.08,1.61,CAF,CAF,-3.22,-3.29605,-1.3888,-0.16000000000000014
1.12,1.61,CAF,CAF,-3.22,-3.29605,-1.4181333333333335,-0.2400000000000002
1.16,1.61,CAF,CAF,-3.22,-3.29605,-1.4485333333333332,-0.31999999999999984
1.2,1.61,CAF,CAF,-3.22,-3.29605,-1.48,-0.3999999999999999
1.24,1.61,CAF,CAF,-3.22,-3.29605,-1.5125333333333333,-0.48
1.28,1.61,CAF,CAF,-3.22,-3.29605,-1.5461333333333334,-0.56
1.32,1.61,CAF,CAF,-3.22,-3.29605,-1.5808,-0.6400000000000001
1.36,1.61,CAF,CAF,-3.22,-3.29605,-1.6165333333333334,-0.7200000000000002
1.4,1.61,CAF,CAF,-3.22,-3.29605,-1.6533333333333333,-0.7999999999999998
1.44,1.61,CAF,CAF,-3.22,-3.29605,-1.6911999999999998,-0.8799999999999999
1.48,1.61,CAF,CAF,-3.22,-3.29605,-1.7301333333333333,-0.96
1.52,1.61,CAF,CAF,-3.22,-3.29605,-1.7701333333333333,-1.04
1.56,1.61,CAF,CAF,-3.22,-3.29605,-1.8112,-1.12
1.6,1.61,CAF,CAF,-3.22,-3.29605,-1.8533333333333335,-1.2000000000000002
1.64,1.61,CAF,CAF,-3.22,-3.29605,-1.8965333333333332,-1.2799999999999998
1.68,1.61,CAF,CAF,-3.22,-3.29605,-1.9407999999999999,-1.3599999999999999
1.72,1.61,CAF,CAF,-3.22,-3.29605,-1.986133333333333,-1.44
1.76,1.61,CAF,CAF,-3.22,-3.29605,-2.0325333333333333,-1.52
1.8,1.61,CAF,CAF,-3.22,-3.29605,-2.08,-1.6
1.84,1.61,CAF,CAF,-3.22,-3.29605,-2.1285333333333334,-1.6800000000000002
1.88,1.61,CAF,CAF,-3.22,-3.29605,-2.1781333333333333,-1.7599999999999998
1.92,1.61,CAF,CAF,-3.22,-3.29605,-2.2287999999999997,-1.8399999999999999
1.96,1.61,CAF,CAF,-3.22,-3.29605,-2.2805333333333335,-1.92
2.0,1.61,CAF,CAF,-3.22,-3.29605,-2.333333333333333,-2.0
2.04,1.61,CAF,CAF,-3.22,-3.29605,-2.3872,-2.08
2.08,1.61,CAF,CAF,-3.22,-3.29605,-2.4421333333333335,-2.16
2.12,1.61,CAF,CAF,-3.22,-3.29605,-2.4981333333333335,-2.24
2.16,1.61,CAF,CAF,-3.22,-3.29605,-2.5552,-2.3200000000000003
2.2,1.61,CAF,CAF,-3.22,-3.29605,-2.6133333333333333,-2.4000000000000004
2.24,1.61,CAF,CAF,-3.22,-3.29605,-2.672533333333334,-2.4800000000000004
2.28,1.61,CAF,CAF,-3.22,-3.29605,-2.7328,-2.5599999999999996
2.32,1.61,CAF,CAF,-3.22,-3.29605,-2.794133333333333,-2.6399999999999997
2.36,1.61,CAF,CAF,-3.22,-3.29605,-2.856533333333333,-2.7199999999999998
2.4,1.61,CAF,CAF,-3.22,-3.29605,-2.92,-2.8
2.44,1.61,CAF,CAF,-3.22,-3.29605,-2.9845333333333333,-2.88
2.48,1.61,CAF,CAF,-3.22,-3.29605,-3.0501333333333336,-2.96
2.52,1.61,CAF,CAF,-3.22,-3.29605,-3.1168,-3.04
2.56,1.61,CAF,CAF,-3.22,-3.29605,-3.1845333333333334,-3.12
2.6,1.61,CAF,CAF,-3.22,-3.29605,-3.2533333333333334,-3.2
2.64,1.61,PLP,PLP,-3.22,-3.29605,-3.3232000000000004,-3.2800000000000002
2.68,1.61,PLP,PLP,-3.22,-3.29605,-3.394133333333334,-3.3600000000000003
2.72,1.61,PLP,PLP,-3.22,-3.29605,-3.466133333333334,-3.4400000000000004
2.76,1.61,PLP,PLP,-3.22,-3.29605,-3.5391999999999997,-3.5199999999999996
2.8,1.61,PLP,PLP,-3.22,-3.29605,-3.613333333333333,-3.5999999999999996
2.84,1.61,PLP,PLP,-3.22,-3.29605,-3.6885333333333334,-3.6799999999999997
2.88,1.61,PLP,PLP,-3.22,-3.29605,-3.7647999999999997,-3.76
2.92,1.61,PLP,PLP,-3.22,-3.29605,-3.842133333333333,-3.84
2.96,1.61,PLP,PLP,-3.22,-3.29605,-3.920533333333333,-3.92
3.0,1.61,degenerate,PLP|FLP,-3.22,-3.29605,-4.0,-4.0
3.04,1.61,FLP,FLP,-3.22,-3.29605,,-4.08
3.08,1.61,FLP,FLP,-3.22,-3.29605,,-4.16
3.12,1.61,FLP,FLP,-3.22,-3.29605,,-4.24
3.16,1.61,FLP,FLP,-3.22,-3.29605,,-4.32
3.2,1.61,FLP,FLP,-3.22,-3.29605,,-4.4
3.24,1.61,FLP,FLP,-3.22,-3.29605,,-4.48
3.28,1.61,FLP,FLP,-3.22,-3.29605,,-4.56
3.32,1.61,FLP,FLP,-3.22,-3.29605,,-4.64
3.36,1.61,FLP,FLP,-3.22,-3.29605,,-4.72
3.4,1.61,FLP,FLP,-3.22,-3.29605,,-4.8
3.44,1.61,FLP,FLP,-3.22,-3.29605,,-4.88
3.48,1.61,FLP,FLP,-3.22,-3.29605,,-4.96
3.52,1.61,FLP,FLP,-3.22,-3.29605,,-5.04
3.56,1.61,FLP,FLP,-3.22,-3.29605,,-5.12
3.6,1.61,FLP,FLP,-3.22,-3.29605,,-5.2
3.64,1.61,FLP,FLP,-3.22,-3.29605,,-5.28
3.68,1.61,FLP,FLP,-3.22,-3.29605,,-5.36
3.72,1.61,FLP,FLP,-3.22,-3.29605,,-5.44
3.76,1.61,FLP,FLP,-3.22,-3.29605,,-5.52
3.8,1.61,FLP,FLP,-3.22,-3.29605,,-5.6
3.84,1.61,FLP,FLP,-3.22,-3.29605,,-5.68
3.88,1.61,FLP,FLP,-3.22,-3.29605,,-5.76
3.92,1.61,FLP,FLP,-3.22,-3.29605,,-5.84
3.96,1.61,FLP,FLP,-3.22,-3.29605,,-5.92
4.0,1.61,FLP,FLP,-3.22,-3.29605,,-6.0
0.0,1.645,CAF,CAF,-3.29,-3.3530125,-1.0,2.0
0.04,1.645,CAF,CAF,-3.29,-3.3530125,-1.0005333333333333,1.92
0.08,1.645,CAF,CAF,-3.29,-3.3530125,-1.0021333333333333,1.84
0.12,1.645,CAF,CAF,-3.29,-3.3530125,-1.0048,1.76
0.16,1.645,CAF,CAF,-3.29,-3.3530125,-1.0085333333333333,1.68
0.2,1.645,CAF,CAF,-3.29,-3.3530125,-1.0133333333333334,1.6
0.24,1.645,CAF,CAF,-3.29,-3.3530125,-1.0192,1.52
0.28,1.645,CAF,CAF,-3.29,-3.3530125,-1.0261333333333333,1.44
0.32,1.645,CAF,CAF,-3.29,-3.3530125,-1.0341333333333333,1.3599999999999999
0.36,1.645,CAF,CAF,-3.29,-3.3530125,-1.0432,1.28
0.4,1.645,CAF,CAF,-3.29,-3.3530125,-1.0533333333333332,1.2
0.44,1.645,CAF,CAF,-3.29,-3.3530125,-1.0645333333333333,1.12
0.48,1.645,CAF,CAF,-3.29,-3.3530125,-1.0768,1.04
0.52,1.645,CAF,CAF,-3.29,-3.3530125,-1.0901333333333334,0.96
0.56,1.645,CAF,CAF,-3.29,-3.3530125,-1.1045333333333334,0.8799999999999999
0.6,1.645,CAF,CAF,-3.29,-3.3530125,-1.12,0.8
0.64,1.645,CAF,CAF,-3.29,-3.3530125,-1.1365333333333334,0.72
0.68,1.645,CAF,CAF,-3.29,-3.3530125,-1.1541333333333335,0.6399999999999999
0.72,1.645,CAF,CAF,-3.29,-3.3530125,-1.1728,0.56
0.76,1.645,CAF,CAF,-3.29,-3.3530125,-1.1925333333333334,0.48
0.8,1.645,CAF,CAF,-3.29,-3.3530125,-1.2133333333333334,0.3999999999999999
0.84,1.645,CAF,CAF,-3.29,-3.3530125,-1.2351999999999999,0.32000000000000006
0.88,1.645,CAF,CAF,-3.29,-3.3530125,-1.2581333333333333,0.24
0.92,1.645,CAF,CAF,-3.29,-3.3530125,-1.2821333333333333,0.15999999999999992
0.96,1.645,CAF,CAF,-3.29,-3.3530125,-1.3072,0.08000000000000007
1.0,1.645,CAF,CAF,-3.29,-3.3530125,-1.3333333333333333,0.0
1.04,1.645,CAF,CAF,-3.29,-3.3530125,-1.3605333333333334,-0.08000000000000007
1.08,1.645,CAF,CAF,-3.29,-3.3530125,-1.3888,-0.16000000000000014
1.12,1.645,CAF,CAF,-3.29,-3.3530125,-1.4181333333333335,-0.2400000000000002
1.16,1.645,CAF,CAF,-3.29,-3.3530125,-1.4485333333333332,-0.31999999999999984
1.2,1.645,CAF,CAF,-3.29,-3.3530125,-1.48,-0.3999999999999999
1.24,1.645,CAF,CAF,-3.29,-3.3530125,-1.5125333333333333,-0.48
1.28,1.645,CAF,CAF,-3.29,-3.3530125,-1.5461333333333334,-0.56
1.32,1.645,CAF,CAF,-3.29,-3.3530125,-1.5808,-0.6400000000000001
1.36,1.645,CAF,CAF,-3.29,-3.3530125,-1.6165333333333334,-0.7200000000000002
1.4,1.645,CAF,CAF,-3.29,-3.3530125,-1.6533333333333333,-0.7999999999999998
1.44,1.645,CAF,CAF,-3.29,-3.3530125,-1.6911999999999998,-0.8799999999999999
1.48,1.645,CAF,CAF,-3.29,-3.3530125,-1.7301333333333333,-0.96
1.52,1.645,CAF,CAF,-3.29,-3.3530125,-1.7701333333333333,-1.04
1.56,1.645,CAF,CAF,-3.29,-3.3530125,-1.8112,-1.12
1.6,1.645,CAF,CAF,-3.29,-3.3530125,-1.8533333333333335,-1.2000000000000002
1.64,1.645,CAF,CAF,-3.29,-3.3530125,-1.8965333333333332,-1.2799999999999998
1.68,1.645,CAF,CAF,-3.29,-3.3530125,-1.9407999999999999,-1.3599999999999999
1.72,1.645,CAF,CAF,-3.29,-3.3530125,-1.986133333333333,-1.44
1.76,1.645,CAF,CAF,-3.29,-3.3530125,-2.0325333333333333,-1.52
1.8,1.645,CAF,CAF,-3.29,-3.3530125,-2.08,-1.6
1.84,1.645,CAF,CAF,-3.29,-3.3530125,-2.1285333333333334,-1.6800000000000002
1.88,1.645,CAF,CAF,-3.29,-3.3530125,-2.1781333333333333,-1.7599999999999998
1.92,1.645,CAF,CAF,-3.29,-3.3530125,-2.2287999999999997,-1.8399999999999999
1.96,1.645,CAF,CAF,-3.29,-3.3530125,-2.2805333333333335,-1.92
2.0,1.645,CAF,CAF,-3.29,-3.3530125,-2.333333333333333,-2.0
2.04,1.645,CAF,CAF,-3.29,-3.3530125,-2.3872,-2.08
2.08,1.645,CAF,CAF,-3.29,-3.3530125,-2.4421333333333335,-2.16
2.12,1.645,CAF,CAF,-3.29,-3.3530125,-2.4981333333333335,-2.24
2.16,1.645,CAF,CAF,-3.29,-3.3530125,-2.5552,-2.3200000000000003
2.2,1.645,CAF,CAF,-3.29,-3.3530125,-2.6133333333333333,-2.4000000000000004
2.24,1.645,CAF,CAF,-3.29,-3.3530125,-2.672533333333334,-2.4800000000000004
2.28,1.645,CAF,CAF,-3.29,-3.3530125,-2.7328,-2.5599999999999996
2.32,1.645,CAF,CAF,-3.29,-3.3530125,-2.794133333333333,-2.6399999999999997
2.36,1.645,CAF,CAF,-3.29,-3.3530125,-2.856533333333333,-2.7199999999999998
2.4,1.645,CAF,CAF,-3.29,-3.3530125,-2.92,-2.8
2.44,1.645,CAF,CAF,-3.29,-3.3530125,-2.9845333333333333,-2.88
2.48,1.645,CAF,CAF,-3.29,-3.3530125,-3.0501333333333336,-2.96
2.52,1.645,CAF,CAF,-3.29,-3.3530125,-3.1168,-3.04
2.56,1.645,CAF,CAF,-3.29,-3.3530125,-3.1845333333333334,-3.12
2.6,1.645,CAF,CAF,-3.29,-3.3530125,-3.2533333333333334,-3.2
2.64,1.645,CAF,CAF,-3.29,-3.3530125,-3.3232000000000004,-3.2800000000000002
2.68,1.645,PLP,PLP,-3.29,-3.3530125,-3.394133333333334,-3.3600000000000003
2.72,1.645,PLP,PLP,-3.29,-3.3530125,-3.466133333333334,-3.4400000000000004
2.76,1.645,PLP,PLP,-3.29,-3.3530125,-3.5391999999999997,-3.5199999999999996
2.8,1.645,PLP,PLP,-3.29,-3.3530125,-3.613333333333333,-3.5999999999999996
2.84,1.645,PLP,PLP,-3.29,-3.3530125,-3.6885333333333334,-3.6799999999999997
2.88,1.645,PLP,PLP,-3.29,-3.3530125,-3.7647999999999997,-3.76
2.92,1.645,PLP,PLP,-3.29,-3.3530125,-3.842133333333333,-3.84
2.96,1.645,PLP,PLP,-3.29,-3.3530125,-3.920533333333333,-3.92
3.0,1.645,degenerate,PLP|FLP,-3.29,-3.3530125,-4.0,-4.0
3.04,1.645,FLP,FLP,-3.29,-3.3530125,,-4.08
3.08,1.645,FLP,FLP,-3.29,-3.3530125,,-4.16
3.12,1.645,FLP,FLP,-3.29,-3.3530125,,-4.24
3.16,1.645,FLP,FLP,-3.29,-3.3530125,,-4.32
3.2,1.645,FLP,FLP,-3.29,-3.3530125,,-4.4
3.24,1.645,FLP,FLP,-3.29,-3.3530125,,-4.48
3.28,1.645,FLP,FLP,-3.29,-3.3530125,,-4.56
3.32,1.645,FLP,FLP,-3.29,-3.3530125,,-4.64
3.36,1.645,FLP,FLP,-3.29,-3.3530125,,-4.72
3.4,1.645,FLP,FLP,-3.29,-3.3530125,,-4.8
3.44,1.645,FLP,FLP,-3.29,-3.3530125,,-4.88
3.48,1.645,FLP,FLP,-3.29,-3.3530125,,-4.96
3.52,1.645,FLP,FLP,-3.29,-3.3530125,,-5.04
3.56,1.645,FLP,FLP,-3.29,-3.3530125,,-5.12
3.6,1.645,FLP,FLP,-3.29,-3.3530125,,-5.2
3.64,1.645,FLP,FLP,-3.29,-3.3530125,,-5.28
3.68,1.645,FLP,FLP,-3.29,-3.3530125,,-5.36
3.72,1.645,FLP,FLP,-3.29,-3.3530125,,-5.44
3.76,1.645,FLP,FLP,-3.29,-3.3530125,,-5.52
3.8,1.645,FLP,FLP,-3.29,-3.3530125,,-5.6
3.84,1.645,FLP,FLP,-3.29,-3.3530125,,-5.68
3.88,1.645,FLP,FLP,-3.29,-3.3530125,,-5.76
3.92,1.645,FLP,FLP,-3.29,-3.3530125,,-5.84
3.96,1.645,FLP,FLP,-3.29,-3.3530125,,-5.92
4.0,1.645,FLP,FLP,-3.29,-3.3530125,,-6.0
0.0,1.68,CAF,CAF,-3.36,-3.4112,-1.0,2.0
0.04,1.68,CAF,CAF,-3.36,-3.4112,-1.0005333333333333,1.92
0.08,1.68,CAF,CAF,-3.36,-3.4112,-1.0021333333333333,1.84
0.12,1.68,CAF,CAF,-3.36,-3.4112,-1.0048,1.76
0.16,1.68,CAF,CAF,-3.36,-3.4112,-1.0085333333333333,1.68
0.2,1.68,CAF,CAF,-3.36,-3.4112,-1.0133333333333334,1.6
0.24,1.68,CAF,CAF,-3.36,-3.4112,-1.0192,1.52
0.28,1.68,CAF,CAF,-3.36,-3.4112,-1.0261333333333333,1.44
0.32,1.68,CAF,CAF,-3.36,-3.4112,-1.0341333333333333,1.3599999999999999
0.36,1.68,CAF,CAF,-3.36,-3.4112,-1.0432,1.28
0.4,1.68,CAF,CAF,-3.36,-3.4112,-1.0533333333333332,1.2
0.44,1.68,CAF,CAF,-3.36,-3.4112,-1.0645333333333333,1.12
0.48,1.68,CAF,CAF,-3.36,-3.4112,-1.0768,1.04
0.52,1.68,CAF,CAF,-3.36,-3.4112,-1.0901333333333334,0.96
0.56,1.68,CAF,CAF,-3.36,-3.4112,-1.1045333333333334,0.8799999999999999
0.6,1.68,CAF,CAF,-3.36,-3.4112,-1.12,0.8
0.64,1.68,CAF,CAF,-3.36,-3.4112,-1.1365333333333334,0.72
0.68,1.68,CAF,CAF,-3.36,-3.4112,-1.1541333333333335,0.6399999999999999
0.72,1.68,CAF,CAF,-3.36,-3.4112,-1.1728,0.56
0.76,1.68,CAF,CAF,-3.36,-3.4112,-1.1925333333333334,0.48
0.8,1.68,CAF,CAF,-3.36,-3.4112,-1.2133333333333334,0.3999999999999999
0.84,1.68,CAF,CAF,-3.36,-3.4112,-1.2351999999999999,0.32000000000000006
0.88,1.68,CAF,CAF,-3.36,-3.4112,-1.2581333333333333,0.24
0.92,1.68,CAF,CAF,-3.36,-3.4112,-1.2821333333333333,0.15999999999999992
0.96,1.68,CAF,CAF,-3.36,-3.4112,-1.3072,0.08000000000000007
1.0,1.68,CAF,CAF,-3.36,-3.4112,-1.3333333333333333,0.0
1.04,1.68,CAF,CAF,-3.36,-3.4112,-1.3605333333333334,-0.08000000000000007
1.08,1.68,CAF,CAF,-3.36,-3.4112,-1.3888,-0.16000000000000014
1.12,1.68,CAF,CAF,-3.36,-3.4112,-1.4181333333333335,-0.2400000000000002
1.16,1.68,CAF,CAF,-3.36,-3.4112,-1.4485333333333332,-0.31999999999999984
1.2,1.68,CAF,CAF,-3.36,-3.4112,-1.48,-0.3999999999999999
1.24,1.68,CAF,CAF,-3.36,-3.4112,-1.5125333333333333,-0.48
1.28,1.68,CAF,CAF,-3.36,-3.4112,-1.5461333333333334,-0.56
1.32,1.68,CAF,CAF,-3.36,-3.4112,-1.5808,-0.6400000000000001
1.36,1.68,CAF,CAF,-3.36,-3.4112,-1.6165333333333334,-0.7200000000000002
1.4,1.68,CAF,CAF,-3.36,-3.4112,-1.6533333333333333,-0.7999999999999998
1.44,1.68,CAF,CAF,-3.36,-3.4112,-1.6911999999999998,-0.8799999999999999
1.48,1.68,CAF,CAF,-3.36,-3.4112,-1.7301333333333333,-0.96
1.52,1.68,CAF,CAF,-3.36,-3.4112,-1.7701333333333333,-1.04
1.56,1.68,CAF,CAF,-3.36,-3.4112,-1.8112,-1.12
1.6,1.68,CAF,CAF,-3.36,-3.4112,-1.8533333333333335,-1.2000000000000002
1.64,1.68,CAF,CAF,-3.36,-3.4112,-1.8965333333333332,-1.2799999999999998
1.68,1.68,CAF,CAF,-3.36,-3.4112,-1.9407999999999999,-1.3599999999999999
1.72,1.68,CAF,CAF,-3.36,-3.4112,-1.986133333333333,-1.44
1.76,1.68,CAF,CAF,-3.36,-3.4112,-2.0325333333333333,-1.52
1.8,1.68,CAF,CAF,-3.36,-3.4112,-2.08,-1.6
1.84,1.68,CAF,CAF,-3.36,-3.4112,-2.1285333333333334,-1.6800000000000002
1.88,1.68,CAF,CAF,-3.36,-3.4112,-2.1781333333333333,-1.7599999999999998
1.92,1.68,CAF,CAF,-3.36,-3.4112,-2.2287999999999997,-1.8399999999999999
1.96,1.68,CAF,CAF,-3.36,-3.4112,-2.2805333333333335,-1.92
2.0,1.68,CAF,CAF,-3.36,-3.4112,-2.333333333333333,-2.0
2.04,1.68,CAF,CAF,-3.36,-3.4112,-2.3872,-2.08
2.08,1.68,CAF,CAF,-3.36,-3.4112,-2.4421333333333335,-2.16
2.12,1.68,CAF,CAF,-3.36,-3.4112,-2.4981333333333335,-2.24
2.16,1.68,CAF,CAF,-3.36,-3.4112,-2.5552,-2.3200000000000003
2.2,1.68,CAF,CAF,-3.36,-3.4112,-2.6133333333333333,-2.4000000000000004
2.24,1.68,CAF,CAF,-3.36,-3.4112,-2.672533333333334,-2.4800000000000004
2.28,1.68,CAF,CAF,-3.36,-3.4112,-2.7328,-2.5599999999999996
2.32,1.68,CAF,CAF,-3.36,-3.4112,-2.794133333333333,-2.6399999999999997
2.36,1.68,CAF,CAF,-3.36,-3.4112,-2.856533333333333,-2.7199999999999998
2.4,1.68,CAF,CAF,-3.36,-3.4112,-2.92,-2.8
2.44,1.68,CAF,CAF,-3.36,-3.4112,-2.9845333333333333,-2.88
2.48,1.68,CAF,CAF,-3.36,-3.4112,-3.0501333333333336,-2.96
2.52,1.68,CAF,CAF,-3.36,-3.4112,-3.1168,-3.04
2.56,1.68,CAF,CAF,-3.36,-3.4112,-3.1845333333333334,-3.12
2.6,1.68,CAF,CAF,-3.36,-3.4112,-3.2533333333333334,-3.2
2.64,1.68,CAF,CAF,-3.36,-3.4112,-3.3232000000000004,-3.2800000000000002
2.68,1.68,CAF,CAF,-3.36,-3.4112,-3.394133333333334,-3.3600000000000003
2.72,1.68,PLP,PLP,-3.36,-3.4112,-3.466133333333334,-3.4400000000000004
2.76,1.68,PLP,PLP,-3.36,-3.4112,-3.5391999999999997,-3.5199999999999996
2.8,1.68,PLP,PLP,-3.36,-3.4112,-3.613333333333333,-3.5999999999999996
2.84,1.68,PLP,PLP,-3.36,-3.4112,-3.6885333333333334,-3.6799999999999997
2.88,1.68,PLP,PLP,-3.36,-3.4112,-3.7647999999999997,-3.76
2.92,1.68,PLP,PLP,-3.36,-3.4112,-3.842133333333333,-3.84
2.96,1.68,PLP,PLP,-3.36,-3.4112,-3.920533333333333,-3.92
3.0,1.68,degenerate,PLP|FLP,-3.36,-3.4112,-4.0,-4.0
3.04,1.68,FLP,FLP,-3.36,-3.4112,,-4.08
3.08,1.68,FLP,FLP,-3.36,-3.4112,,-4.16
3.12,1.68,FLP,FLP,-3.36,-3.4112,,-4.24
3.16,1.68,FLP,FLP,-3.36,-3.4112,,-4.32
3.2,1.68,FLP,FLP,-3.36,-3.4112,,-4.4
3.24,1.68,FLP,FLP,-3.36,-3.4112,,-4.48
3.28,1.68,FLP,FLP,-3.36,-3.4112,,-4.56
3.32,1.68,FLP,FLP,-3.36,-3.4112,,-4.64
3.36,1.68,FLP,FLP,-3.36,-3.4112,,-4.72
3.4,1.68,FLP,FLP,-3.36,-3.4112,,-4.8
3.44,1.68,FLP,FLP,-3.36,-3.4112,,-4.88
3.48,1.68,FLP,FLP,-3.36,-3.4112,,-4.96
3.52,1.68,FLP,FLP,-3.36,-3.4112,,-5.04
3.56,1.68,FLP,FLP,-3.36,-3.4112,,-5.12
3.6,1.68,FLP,FLP,-3.36,-3.4112,,-5.2
3.64,1.68,FLP,FLP,-3.36,-3.4112,,-5.28
3.68,1.68,FLP,FLP,-3.36,-3.4112,,-5.36
3.72,1.68,FLP,FLP,-3.36,-3.4112,,-5.44
3.76,1.68,FLP,FLP,-3.36,-3.4112,,-5.52
3.8,1.68,FLP,FLP,-3.36,-3.4112,,-5.6
3.84,1.68,FLP,FLP,-3.36,-3.4112,,-5.68
3.88,1.68,FLP,FLP,-3.36,-3.4112,,-5.76
3.92,1.68,FLP,FLP,-3.36,-3.4112,,-5.84
3.96,1.68,FLP,FLP,-3.36,-3.4112,,-5.92
4.0,1.68,FLP,FLP,-3.36,-3.4112,,-6.0
0.0,1.715,CAF,CAF,-3.43,-3.4706125,-1.0,2.0
0.04,1.715,CAF,CAF,-3.43,-3.4706125,-1.0005333333333333,1.92
0.08,1.715,CAF,CAF,-3.43,-3.4706125,-1.0021333333333333,1.84
0.12,1.715,CAF,CAF,-3.43,-3.4706125,-1.0048,1.76
0.16,1.715,CAF,CAF,-3.43,-3.4706125,-1.0085333333333333,1.68
0.2,1.715,CAF,CAF,-3.43,-3.4706125,-1.0133333333333334,1.6
0.24,1.715,CAF,CAF,-3.43,-3.4706125,-1.0192,1.52
0.28,1.715,CAF,CAF,-3.43,-3.4706125,-1.0261333333333333,1.44
0.32,1.715,CAF,CAF,-3.43,-3.4706125,-1.0341333333333333,1.3599999999999999
0.36,1.715,CAF,CAF,-3.43,-3.4706125,-1.0432,1.28
0.4,1.715,CAF,CAF,-3.43,-3.4706125,-1.0533333333333332,1.2
0.44,1.715,CAF,CAF,-3.43,-3.4706125,-1.0645333333333333,1.12
0.48,1.715,CAF,CAF,-3.43,-3.4706125,-1.0768,1.04
0.52,1.715,CAF,CAF,-3.43,-3.4706125,-1.0901333333333334,0.96
0.56,1.715,CAF,CAF,-3.43,-3.4706125,-1.1045333333333334,0.8799999999999999
0.6,1.715,CAF,CAF,-3.43,-3.4706125,-1.12,0.8
0.64,1.715,CAF,CAF,-3.43,-3.4706125,-1.1365333333333334,0.72
0.68,1.715,CAF,CAF,-3.43,-3.4706125,-1.1541333333333335,0.6399999999999999
0.72,1.715,CAF,CAF,-3.43,-3.4706125,-1.1728,0.56
0.76,1.715,CAF,CAF,-3.43,-3.4706125,-1.1925333333333334,0.48
0.8,1.715,CAF,CAF,-3.43,-3.4706125,-1.2133333333333334,0.3999999999999999
0.84,1.715,CAF,CAF,-3.43,-3.4706125,-1.2351999999999999,0.32000000000000006
0.88,1.715,CAF,CAF,-3.43,-3.4706125,-1.2581333333333333,0.24
0.92,1.715,CAF,CAF,-3.43,-3.4706125,-1.2821333333333333,0.15999999999999992
0.96,1.715,CAF,CAF,-3.43,-3.4706125,-1.3072,0.08000000000000007
1.0,1.715,CAF,CAF,-3.43,-3.4706125,-1.3333333333333333,0.0
1.04,1.715,CAF,CAF,-3.43,-3.4706125,-1.3605333333333334,-0.08000000000000007
1.08,1.715,CAF,CAF,-3.43,-3.4706125,-1.3888,-0.16000000000000014
1.12,1.715,CAF,CAF,-3.43,-3.4706125,-1.4181333333333335,-0.2400000000000002
1.16,1.715,CAF,CAF,-3.43,-3.4706125,-1.4485333333333332,-0.31999999999999984
1.2,1.715,CAF,CAF,-3.43,-3.4706125,-1.48,-0.3999999999999999
1.24,1.715,CAF,CAF,-3.43,-3.4706125,-1.5125333333333333,-0.48
1.28,1.715,CAF,CAF,-3.43,-3.4706125,-1.5461333333333334,-0.56
1.32,1.715,CAF,CAF,-3.43,-3.4706125,-1.5808,-0.6400000000000001
1.36,1.715,CAF,CAF,-3.43,-3.4706125,-1.6165333333333334,-0.7200000000000002
1.4,1.715,CAF,CAF,-3.43,-3.4706125,-1.6533333333333333,-0.7999999999999998
1.44,1.715,CAF,CAF,-3.43,-3.4706125,-1.6911999999999998,-0.8799999999999999
1.48,1.715,CAF,CAF,-3.43,-3.4706125,-1.7301333333333333,-0.96
1.52,1.715,CAF,CAF,-3.43,-3.4706125,-1.7701333333333333,-1.04
1.56,1.715,CAF,CAF,-3.43,-3.4706125,-1.8112,-1.12
1.6,1.715,CAF,CAF,-3.43,-3.4706125,-1.8533333333333335,-1.2000000000000002
1.64,1.715,CAF,CAF,-3.43,-3.4706125,-1.8965333333333332,-1.2799999999999998
1.68,1.715,CAF,CAF,-3.43,-3.4706125,-1.9407999999999999,-1.3599999999999999
1.72,1.715,CAF,CAF,-3.43,-3.4706125,-1.986133333333333,-1.44
1.76,1.715,CAF,CAF,-3.43,-3.4706125,-2.0325333333333333,-1.52
1.8,1.715,CAF,CAF,-3.43,-3.4706125,-2.08,-1.6
1.84,1.715,CAF,CAF,-3.43,-3.4706125,-2.1285333333333334,-1.6800000000000002
1.88,1.715,CAF,CAF,-3.43,-3.4706125,-2.1781333333333333,-1.7599999999999998
1.92,1.715,CAF,CAF,-3.43,-3.4706125,-2.2287999999999997,-1.8399999999999999
1.96,1.715,CAF,CAF,-3.43,-3.4706125,-2.2805333333333335,-1.92
2.0,1.715,CAF,CAF,-3.43,-3.4706125,-2.333333333333333,-2.0
2.04,1.715,CAF,CAF,-3.43,-3.4706125,-2.3872,-2.08
2.08,1.715,CAF,CAF,-3.43,-3.4706125,-2.4421333333333335,-2.16
2.12,1.715,CAF,CAF,-3.43,-3.4706125,-2.4981333333333335,-2.24
2.16,1.715,CAF,CAF,-3.43,-3.4706125,-2.5552,-2.3200000000000003
2.2,1.715,CAF,CAF,-3.43,-3.4706125,-2.6133333333333333,-2.4000000000000004
2.24,1.715,CAF,CAF,-3.43,-3.4706125,-2.672533333333334,-2.4800000000000004
2.28,1.715,CAF,CAF,-3.43,-3.4706125,-2.7328,-2.5599999999999996
2.32,1.715,CAF,CAF,-3.43,-3.4706125,-2.794133333333333,-2.6399999999999997
2.36,1.715,CAF,CAF,-3.43,-3.4706125,-2.856533333333333,-2.7199999999999998
2.4,1.715,CAF,CAF,-3.43,-3.4706125,-2.92,-2.8
2.44,1.715,CAF,CAF,-3.43,-3.4706125,-2.9845333333333333,-2.88
2.48,1.715,CAF,CAF,-3.43,-3.4706125,-3.0501333333333336,-2.96
2.52,1.715,CAF,CAF,-3.43,-3.4706125,-3.1168,-3.04
2.56,1.715,CAF,CAF,-3.43,-3.4706125,-3.1845333333333334,-3.12
2.6,1.715,CAF,CAF,-3.43,-3.4706125,-3.2533333333333334,-3.2
2.64,1.715,CAF,CAF,-3.43,-3.4706125,-3.3232000000000004,-3.2800000000000002
2.68,1.715,CAF,CAF,-3.43,-3.4706125,-3.394133333333334,-3.3600000000000003
2.72,1.715,CAF,CAF,-3.43,-3.4706125,-3.466133333333334,-3.4400000000000004
2.76,1.715,PLP,PLP,-3.43,-3.4706125,-3.5391999999999997,-3.5199999999999996
2.8,1.715,PLP,PLP,-3.43,-3.4706125,-3.613333333333333,-3.5999999999999996
2.84,1.715,PLP,PLP,-3.43,-3.4706125,-3.6885333333333334,-3.6799999999999997
2.88,1.715,PLP,PLP,-3.43,-3.4706125,-3.7647999999999997,-3.76
2.92,1.715,PLP,PLP,-3.43,-3.4706125,-3.842133333333333,-3.84
2.96,1.715,PLP,PLP,-3.43,-3.4706125,-3.920533333333333,-3.92
3.0,1.715,degenerate,PLP|FLP,-3.43,-3.4706125,-4.0,-4.0
3.04,1.715,FLP,FLP,-3.43,-3.4706125,,-4.08
3.08,1.715,FLP,FLP,-3.43,-3.4706125,,-4.16
3.12,1.715,FLP,FLP,-3.43,-3.4706125,,-4.24
3.16,1.715,FLP,FLP,-3.43,-3.4706125,,-4.32
3.2,1.715,FLP,FLP,-3.43,-3.4706125,,-4.4
3.24,1.715,FLP,FLP,-3.43,-3.4706125,,-4.48
3.28,1.715,FLP,FLP,-3.43,-3.4706125,,-4.56
3.32,1.715,FLP,FLP,-3.43,-3.4706125,,-4.64
3.36,1.715,FLP,FLP,-3.43,-3.4706125,,-4.72
3.4,1.715,FLP,FLP,-3.43,-3.4706125,,-4.8
3.44,1.715,FLP,FLP,-3.43,-3.4706125,,-4.88
3.48,1.715,FLP,FLP,-3.43,-3.4706125,,-4.96
3.52,1.715,FLP,FLP,-3.43,-3.4706125,,-5.04
3.56,1.715,FLP,FLP,-3.43,-3.4706125,,-5.12
3.6,1.715,FLP,FLP,-3.43,-3.4706125,,-5.2
3.64,1.715,FLP,FLP,-3.43,-3.4706125,,-5.28
3.68,1.715,FLP,FLP,-3.43,-3.4706125,,-5.36
3.72,1.715,FLP,FLP,-3.43,-3.4706125,,-5.44
3.76,1.715,FLP,FLP,-3.43,-3.4706125,,-5.52
3.8,1.715,FLP,FLP,-3.43,-3.4706125,,-5.6
3.84,1.715,FLP,FLP,-3.43,-3.4706125,,-5.68
3.88,1.715,FLP,FLP,-3.43,-3.4706125,,-5.76
3.92,1.715,FLP,FLP,-3.43,-3.4706125,,-5.84
3.96,1.715,FLP,FLP,-3.43,-3.4706125,,-5.92
4.0,1.715,FLP,FLP,-3.43,-3.4706125,,-6.0
0.0,1.75,CAF,CAF,-3.5,-3.53125,-1.0,2.0
0.04,1.75,CAF,CAF,-3.5,-3.53125,-1.0005333333333333,1.92
0.08,1.75,CAF,CAF,-3.5,-3.53125,-1.0021333333333333,1.84
0.12,1.75,CAF,CAF,-3.5,-3.53125,-1.0048,1.76
0.16,1.75,CAF,CAF,-3.5,-3.53125,-1.0085333333333333,1.68
0.2,1.75,CAF,CAF,-3.5,-3.53125,-1.0133333333333334,1.6
0.24,1.75,CAF,CAF,-3.5,-3.53125,-1.0192,1.52
0.28,1.75,CAF,CAF,-3.5,-3.53125,-1.0261333333333333,1.44
0.32,1.75,CAF,CAF,-3.5,-3.53125,-1.0341333333333333,1.3599999999999999
0.36,1.75,CAF,CAF,-3.5,-3.53125,-1.0432,1.28
0.4,1.75,CAF,CAF,-3.5,-3.53125,-1.0533333333333332,1.2
0.44,1.75,CAF,CAF,-3.5,-3.53125,-1.0645333333333333,1.12
0.48,1.75,CAF,CAF,-3.5,-3.53125,-1.0768,1.04
0.52,1.75,CAF,CAF,-3.5,-3.53125,-1.0901333333333334,0.96
0.56,1.75,CAF,CAF,-3.5,-3.53125,-1.1045333333333334,0.8799999999999999
0.6,1.75,CAF,CAF,-3.5,-3.53125,-1.12,0.8
0.64,1.75,CAF,CAF,-3.5,-3.53125,-1.1365333333333334,0.72
0.68,1.75,CAF,CAF,-3.5,-3.53125,-1.1541333333333335,0.6399999999999999
0.72,1.75,CAF,CAF,-3.5,-3.53125,-1.1728,0.56
0.76,1.75,CAF,CAF,-3.5,-3.53125,-1.1925333333333334,0.48
0.8,1.75,CAF,CAF,-3.5,-3.53125,-1.2133333333333334,0.3999999999999999
0.84,1.75,CAF,CAF,-3.5,-3.53125,-1.2351999999999999,0.32000000000000006
0.88,1.75,CAF,CAF,-3.5,-3.53125,-1.2581333333333333,0.24
0.92,1.75,CAF,CAF,-3.5,-3.53125,-1.2821333333333333,0.15999999999999992
0.96,1.75,CAF,CAF,-3.5,-3.53125,-1.3072,0.08000000000000007
1.0,1.75,CAF,CAF,-3.5,-3.53125,-1.3333333333333333,0.0
1.04,1.75,CAF,CAF,-3.5,-3.53125,-1.3605333333333334,-0.08000000000000007
1.08,1.75,CAF,CAF,-3.5,-3.53125,-1.3888,-0.16000000000000014
1.12,1.75,CAF,CAF,-3.5,-3.53125,-1.4181333333333335,-0.2400000000000002
1.16,1.75,CAF,CAF,-3.5,-3.53125,-1.4485333333333332,-0.31999999999999984
1.2,1.75,CAF,CAF,-3.5,-3.53125,-1.48,-0.3999999999999999
1.24,1.75,CAF,CAF,-3.5,-3.53125,-1.5125333333333333,-0.48
1.28,1.75,CAF,CAF,-3.5,-3.53125,-1.5461333333333334,-0.56
1.32,1.75,CAF,CAF,-3.5,-3.53125,-1.5808,-0.6400000000000001
1.36,1.75,CAF,CAF,-3.5,-3.53125,-1.6165333333333334,-0.7200000000000002
1.4,1.75,CAF,CAF,-3.5,-3.53125,-1.6533333333333333,-0.7999999999999998
1.44,1.75,CAF,CAF,-3.5,-3.53125,-1.6911999999999998,-0.8799999999999999
1.48,1.75,CAF,CAF,-3.5,-3.53125,-1.7301333333333333,-0.96
1.52,1.75,CAF,CAF,-3.5,-3.53125,-1.7701333333333333,-1.04
1.56,1.75,CAF,CAF,-3.5,-3.53125,-1.8112,-1.12
1.6,1.75,CAF,CAF,-3.5,-3.53125,-1.8533333333333335,-1.2000000000000002
1.64,1.75,CAF,CAF,-3.5,-3.53125,-1.8965333333333332,-1.2799999999999998
1.68,1.75,CAF,CAF,-3.5,-3.53125,-1.9407999999999999,-1.3599999999999999
1.72,1.75,CAF,CAF,-3.5,-3.53125,-1.986133333333333,-1.44
1.76,1.75,CAF,CAF,-3.5,-3.53125,-2.0325333333333333,-1.52
1.8,1.75,CAF,CAF,-3.5,-3.53125,-2.08,-1.6
1.84,1.75,CAF,CAF,-3.5,-3.53125,-2.1285333333333334,-1.6800000000000002
1.88,1.75,CAF,CAF,-3.5,-3.53125,-2.1781333333333333,-1.7599999999999998
1.92,1.75,CAF,CAF,-3.5,-3.53125,-2.2287999999999997,-1.8399999999999999
1.96,1.75,CAF,CAF,-3.5,-3.53125,-2.2805333333333335,-1.92
2.0,1.75,CAF,CAF,-3.5,-3.53125,-2.333333333333333,-2.0
2.04,1.75,CAF,CAF,-3.5,-3.53125,-2.3872,-2.08
2.08,1.75,CAF,CAF,-3.5,-3.53125,-2.4421333333333335,-2.16
2.12,1.75,CAF,CAF,-3.5,-3.53125,-2.4981333333333335,-2.24
2.16,1.75,CAF,CAF,-3.5,-3.53125,-2.5552,-2.3200000000000003
2.2,1.75,CAF,CAF,-3.5,-3.53125,-2.6133333333333333,-2.4000000000000004
2.24,1.75,CAF,CAF,-3.5,-3.53125,-2.672533333333334,-2.4800000000000004
2.28,1.75,CAF,CAF,-3.5,-3.53125,-2.7328,-2.5599999999999996
2.32,1.75,CAF,CAF,-3.5,-3.53125,-2.794133333333333,-2.6399999999999997
2.36,1.75,CAF,CAF,-3.5,-3.53125,-2.856533333333333,-2.7199999999999998
2.4,1.75,CAF,CAF,-3.5,-3.53125,-2.92,-2.8
2.44,1.75,CAF,CAF,-3.5,-3.53125,-2.9845333333333333,-2.88
2.48,1.75,CAF,CAF,-3.5,-3.53125,-3.0501333333333336,-2.96
2.52,1.75,CAF,CAF,-3.5,-3.53125,-3.1168,-3.04
2.56,1.75,CAF,CAF,-3.5,-3.53125,-3.1845333333333334,-3.12
2.6,1.75,CAF,CAF,-3.5,-3.53125,-3.2533333333333334,-3.2
2.64,1.75,CAF,CAF,-3.5,-3.53125,-3.3232000000000004,-3.2800000000000002
2.68,1.75,CAF,CAF,-3.5,-3.53125,-3.394133333333334,-3.3600000000000003
2.72,1.75,CAF,CAF,-3.5,-3.53125,-3.466133333333334,-3.4400000000000004
2.76,1.75,PLP,PLP,-3.5,-3.53125,-3.5391999999999997,-3.5199999999999996
2.8,1.75,PLP,PLP,-3.5,-3.53125,-3.613333333333333,-3.5999999999999996
2.84,1.75,PLP,PLP,-3.5,-3.53125,-3.6885333333333334,-3.6799999999999997
2.88,1.75,PLP,PLP,-3.5,-3.53125,-3.7647999999999997,-3.76
2.92,1.75,PLP,PLP,-3.5,-3.53125,-3.842133333333333,-3.84
2.96,1.75,PLP,PLP,-3.5,-3.53125,-3.920533333333333,-3.92
3.0,1.75,degenerate,PLP|FLP,-3.5,-3.53125,-4.0,-4.0
3.04,1.75,FLP,FLP,-3.5,-3.53125,,-4.08
3.08,1.75,FLP,FLP,-3.5,-3.53125,,-4.16
3.12,1.75,FLP,FLP,-3.5,-3.53125,,-4.24
3.16,1.75,FLP,FLP,-3.5,-3.53125,,-4.32
3.2,1.75,FLP,FLP,-3.5,-3.53125,,-4.4
3.24,1.75,FLP,FLP,-3.5,-3.53125,,-4.48
3.28,1.75,FLP,FLP,-3.5,-3.53125,,-4.56
3.32,1.75,FLP,FLP,-3.5,-3.53125,,-4.64
3.36,1.75,FLP,FLP,-3.5,-3.53125,,-4.72
3.4,1.75,FLP,FLP,-3.5,-3.53125,,-4.8
3.44,1.75,FLP,FLP,-3.5,-3.53125,,-4.88
3.48,1.75,FLP,FLP,-3.5,-3.53125,,-4.96
3.52,1.75,FLP,FLP,-3.5,-3.53125,,-5.04
3.56,1.75,FLP,FLP,-3.5,-3.53125,,-5.12
3.6,1.75,FLP,FLP,-3.5,-3.53125,,-5.2
3.64,1.75,FLP,FLP,-3.5,-3.53125,,-5.28
3.68,1.75,FLP,FLP,-3.5,-3.53125,,-5.36
3.72,1.75,FLP,FLP,-3.5,-3.53125,,-5.44
3.76,1.75,FLP,FLP,-3.5,-3.53125,,-5.52
3.8,1.75,FLP,FLP,-3.5,-3.53125,,-5.6
3.84,1.75,FLP,FLP,-3.5,-3.53125,,-5.68
3.88,1.75,FLP,FLP,-3.5,-3.53125,,-5.76
3.92,1.75,FLP,FLP,-3.5,-3.53125,,-5.84
3.96,1.75,FLP,FLP,-3.5,-3.53125,,-5.92
4.0,1.75,FLP,FLP,-3.5,-3.53125,,-6.0
0.0,1.785,CAF,CAF,-3.57,-3.5931125,-1.0,2.0
0.04,1.785,CAF,CAF,-3.57,-3.5931125,-1.0005333333333333,1.92
0.08,1.785,CAF,CAF,-3.57,-3.5931125,-1.0021333333333333,1.84
0.12,1.785,CAF,CAF,-3.57,-3.5931125,-1.0048,1.76
0.16,1.785,CAF,CAF,-3.57,-3.5931125,-1.0085333333333333,1.68
0.2,1.785,CAF,CAF,-3.57,-3.5931125,-1.0133333333333334,1.6
0.24,1.785,CAF,CAF,-3.57,-3.5931125,-1.0192,1.52
0.28,1.785,CAF,CAF,-3.57,-3.5931125,-1.0261333333333333,1.44
0.32,1.785,CAF,CAF,-3.57,-3.5931125,-1.0341333333333333,1.3599999999999999
0.36,1.785,CAF,CAF,-3.57,-3.5931125,-1.0432,1.28
0.4,1.785,CAF,CAF,-3.57,-3.5931125,-1.0533333333333332,1.2
0.44,1.785,CAF,CAF,-3.57,-3.5931125,-1.0645333333333333,1.12
0.48,1.785,CAF,CAF,-3.57,-3.5931125,-1.0768,1.04
0.52,1.785,CAF,CAF,-3.57,-3.5931125,-1.0901333333333334,0.96
0.56,1.785,CAF,CAF,-3.57,-3.5931125,-1.1045333333333334,0.8799999999999999
0.6,1.785,CAF,CAF,-3.57,-3.5931125,-1.12,0.8
0.64,1.785,CAF,CAF,-3.57,-3.5931125,-1.1365333333333334,0.72
0.68,1.785,CAF,CAF,-3.57,-3.5931125,-1.1541333333333335,0.6399999999999999
0.72,1.785,CAF,CAF,-3.57,-3.5931125,-1.1728,0.56
0.76,1.785,CAF,CAF,-3.57,-3.5931125,-1.1925333333333334,0.48
0.8,1.785,CAF,CAF,-3.57,-3.5931125,-1.2133333333333334,0.3999999999999999
0.84,1.785,CAF,CAF,-3.57,-3.5931125,-1.2351999999999999,0.32000000000000006
0.88,1.785,CAF,CAF,-3.57,-3.5931125,-1.2581333333333333,0.24
0.92,1.785,CAF,CAF,-3.57,-3.5931125,-1.2821333333333333,0.15999999999999992
0.96,1.785,CAF,CAF,-3.57,-3.5931125,-1.3072,0.08000000000000007
1.0,1.785,CAF,CAF,-3.57,-3.5931125,-1.3333333333333333,0.0
1.04,1.785,CAF,CAF,-3.57,-3.5931125,-1.3605333333333334,-0.08000000000000007
1.08,1.785,CAF,CAF,-3.57,-3.5931125,-1.3888,-0.16000000000000014
1.12,1.785,CAF,CAF,-3.57,-3.5931125,-1.4181333333333335,-0.2400000000000002
1.16,1.785,CAF,CAF,-3.57,-3.5931125,-1.4485333333333332,-0.31999999999999984
1.2,1.785,CAF,CAF,-3.57,-3.5931125,-1.48,-0.3999999999999999
1.24,1.785,CAF,CAF,-3.57,-3.5931125,-1.5125333333333333,-0.48
1.28,1.785,CAF,CAF,-3.57,-3.5931125,-1.5461333333333334,-0.56
1.32,1.785,CAF,CAF,-3.57,-3.5931125,-1.5808,-0.6400000000000001
1.36,1.785,CAF,CAF,-3.57,-3.5931125,-1.6165333333333334,-0.7200000000000002
1.4,1.785,CAF,CAF,-3.57,-3.5931125,-1.6533333333333333,-0.7999999999999998
1.44,1.785,CAF,CAF,-3.57,-3.5931125,-1.6911999999999998,-0.8799999999999999
1.48,1.785,CAF,CAF,-3.57,-3.5931125,-1.7301333333333333,-0.96
1.52,1.785,CAF,CAF,-3.57,-3.5931125,-1.7701333333333333,-1.04
1.56,1.785,CAF,CAF,-3.57,-3.5931125,-1.8112,-1.12
1.6,1.785,CAF,CAF,-3.57,-3.5931125,-1.8533333333333335,-1.2000000000000002
1.64,1.785,CAF,CAF,-3.57,-3.5931125,-1.8965333333333332,-1.2799999999999998
1.68,1.785,CAF,CAF,-3.57,-3.5931125,-1.9407999999999999,-1.3599999999999999
1.72,1.785,CAF,CAF,-3.57,-3.5931125,-1.986133333333333,-1.44
1.76,1.785,CAF,CAF,-3.57,-3.5931125,-2.0325333333333333,-1.52
1.8,1.785,CAF,CAF,-3.57,-3.5931125,-2.08,-1.6
1.84,1.785,CAF,CAF,-3.57,-3.5931125,-2.1285333333333334,-1.6800000000000002
1.88,1.785,CAF,CAF,-3.57,-3.5931125,-2.1781333333333333,-1.7599999999999998
1.92,1.785,CAF,CAF,-3.57,-3.5931125,-2.2287999999999997,-1.8399999999999999
1.96,1.785,CAF,CAF,-3.57,-3.5931125,-2.2805333333333335,-1.92
2.0,1.785,CAF,CAF,-3.57,-3.5931125,-2.333333333333333,-2.0
2.04,1.785,CAF,CAF,-3.57,-3.5931125,-2.3872,-2.08
2.08,1.785,CAF,CAF,-3.57,-3.5931125,-2.4421333333333335,-2.16
2.12,1.785,CAF,CAF,-3.57,-3.5931125,-2.4981333333333335,-2.24
2.16,1.785,CAF,CAF,-3.57,-3.5931125,-2.5552,-2.3200000000000003
2.2,1.785,CAF,CAF,-3.57,-3.5931125,-2.6133333333333333,-2.4000000000000004
2.24,1.785,CAF,CAF,-3.57,-3.5931125,-2.672533333333334,-2.4800000000000004
2.28,1.785,CAF,CAF,-3.57,-3.5931125,-2.7328,-2.5599999999999996
2.32,1.785,CAF,CAF,-3.57,-3.5931125,-2.794133333333333,-2.6399999999999997
2.36,1.785,CAF,CAF,-3.57,-3.5931125,-2.856533333333333,-2.7199999999999998
2.4,1.785,CAF,CAF,-3.57,-3.5931125,-2.92,-2.8
2.44,1.785,CAF,CAF,-3.57,-3.5931125,-2.9845333333333333,-2.88
2.48,1.785,CAF,CAF,-3.57,-3.5931125,-3.0501333333333336,-2.96
2.52,1.785,CAF,CAF,-3.57,-3.5931125,-3.1168,-3.04
2.56,1.785,CAF,CAF,-3.57,-3.5931125,-3.1845333333333334,-3.12
2.6,1.785,CAF,CAF,-3.57,-3.5931125,-3.2533333333333334,-3.2
2.64,1.785,CAF,CAF,-3.57,-3.5931125,-3.3232000000000004,-3.2800000000000002
2.68,1.785,CAF,CAF,-3.57,-3.5931125,-3.394133333333334,-3.3600000000000003
2.72,1.785,CAF,CAF,-3.57,-3.5931125,-3.466133333333334,-3.4400000000000004
2.76,1.785,CAF,CAF,-3.57,-3.5931125,-3.5391999999999997,-3.5199999999999996
2.8,1.785,PLP,PLP,-3.57,-3.5931125,-3.613333333333333,-3.5999999999999996
2.84,1.785,PLP,PLP,-3.57,-3.5931125,-3.6885333333333334,-3.6799999999999997
2.88,1.785,PLP,PLP,-3.57,-3.5931125,-3.7647999999999997,-3.76
2.92,1.785,PLP,PLP,-3.57,-3.5931125,-3.842133333333333,-3.84
2.96,1.785,PLP,PLP,-3.57,-3.5931125,-3.920533333333333,-3.92
3.0,1.785,degenerate,PLP|FLP,-3.57,-3.5931125,-4.0,-4.0
3.04,1.785,FLP,FLP,-3.57,-3.5931125,,-4.08
3.08,1.785,FLP,FLP,-3.57,-3.5931125,,-4.16
3.12,1.785,FLP,FLP,-3.57,-3.5931125,,-4.24
3.16,1.785,FLP,FLP,-3.57,-3.5931125,,-4.32
3.2,1.785,FLP,FLP,-3.57,-3.5931125,,-4.4
3.24,1.785,FLP,FLP,-3.57,-3.5931125,,-4.48
3.28,1.785,FLP,FLP,-3.57,-3.5931125,,-4.56
3.32,1.785,FLP,FLP,-3.57,-3.5931125,,-4.64
3.36,1.785,FLP,FLP,-3.57,-3.5931125,,-4.72
3.4,1.785,FLP,FLP,-3.57,-3.5931125,,-4.8
3.44,1.785,FLP,FLP,-3.57,-3.5931125,,-4.88
3.48,1.785,FLP,FLP,-3.57,-3.5931125,,-4.96
3.52,1.785,FLP,FLP,-3.57,-3.5931125,,-5.04
3.56,1.785,FLP,FLP,-3.57,-3.5931125,,-5.12
3.6,1.785,FLP,FLP,-3.57,-3.5931125,,-5.2
3.64,1.785,FLP,FLP,-3.57,-3.5931125,,-5.28
3.68,1.785,FLP,FLP,-3.57,-3.5931125,,-5.36
3.72,1.785,FLP,FLP,-3.57,-3.5931125,,-5.44
3.76,1.785,FLP,FLP,-3.57,-3.5931125,,-5.52
3.8,1.785,FLP,FLP,-3.57,-3.5931125,,-5.6
3.84,1.785,FLP,FLP,-3.57,-3.5931125,,-5.68
3.88,1.785,FLP,FLP,-3.57,-3.5931125,,-5.76
3.92,1.785,FLP,FLP,-3.57,-3.5931125,,-5.84
3.96,1.785,FLP,FLP,-3.57,-3.5931125,,-5.92
4.0,1.785,FLP,FLP,-3.57,-3.5931125,,-6.0
0.0,1.82,CAF,CAF,-3.64,-3.6562,-1.0,2.0
0.04,1.82,CAF,CAF,-3.64,-3.6562,-1.0005333333333333,1.92
0.08,1.82,CAF,CAF,-3.64,-3.6562,-1.0021333333333333,1.84
0.12,1.82,CAF,CAF,-3.64,-3.6562,-1.0048,1.76
0.16,1.82,CAF,CAF,-3.64,-3.6562,-1.0085333333333333,1.68
0.2,1.82,CAF,CAF,-3.64,-3.6562,-1.0133333333333334,1.6
0.24,1.82,CAF,CAF,-3.64,-3.6562,-1.0192,1.52
0.28,1.82,CAF,CAF,-3.64,-3.6562,-1.0261333333333333,1.44
0.32,1.82,CAF,CAF,-3.64,-3.6562,-1.0341333333333333,1.3599999999999999
0.36,1.82,CAF,CAF,-3.64,-3.6562,-1.0432,1.28
0.4,1.82,CAF,CAF,-3.64,-3.6562,-1.0533333333333332,1.2
0.44,1.82,CAF,CAF,-3.64,-3.6562,-1.0645333333333333,1.12
0.48,1.82,CAF,CAF,-3.64,-3.6562,-1.0768,1.04
0.52,1.82,CAF,CAF,-3.64,-3.6562,-1.0901333333333334,0.96
0.56,1.82,CAF,CAF,-3.64,-3.6562,-1.1045333333333334,0.8799999999999999
0.6,1.82,CAF,CAF,-3.64,-3.6562,-1.12,0.8
0.64,1.82,CAF,CAF,-3.64,-3.6562,-1.1365333333333334,0.72
0.68,1.82,CAF,CAF,-3.64,-3.6562,-1.1541333333333335,0.6399999999999999
0.72,1.82,CAF,CAF,-3.64,-3.6562,-1.1728,0.56
0.76,1.82,CAF,CAF,-3.64,-3.6562,-1.1925333333333334,0.48
0.8,1.82,CAF,CAF,-3.64,-3.6562,-1.2133333333333334,0.3999999999999999
0.84,1.82,CAF,CAF,-3.64,-3.6562,-1.2351999999999999,0.32000000000000006
0.88,1.82,CAF,CAF,-3.64,-3.6562,-1.2581333333333333,0.24
0.92,1.82,CAF,CAF,-3.64,-3.6562,-1.2821333333333333,0.15999999999999992
0.96,1.82,CAF,CAF,-3.64,-3.6562,-1.3072,0.08000000000000007
1.0,1.82,CAF,CAF,-3.64,-3.6562,-1.3333333333333333,0.0
1.04,1.82,CAF,CAF,-3.64,-3.6562,-1.3605333333333334,-0.08000000000000007
1.08,1.82,CAF,CAF,-3.64,-3.6562,-1.3888,-0.16000000000000014
1.12,1.82,CAF,CAF,-3.64,-3.6562,-1.4181333333333335,-0.2400000000000002
1.16,1.82,CAF,CAF,-3.64,-3.6562,-1.4485333333333332,-0.31999999999999984
1.2,1.82,CAF,CAF,-3.64,-3.6562,-1.48,-0.3999999999999999
1.24,1.82,CAF,CAF,-3.64,-3.6562,-1.5125333333333333,-0.48
1.28,1.82,CAF,CAF,-3.64,-3.6562,-1.5461333333333334,-0.56
1.32,1.82,CAF,CAF,-3.64,-3.6562,-1.5808,-0.6400000000000001
1.36,1.82,CAF,CAF,-3.64,-3.6562,-1.6165333333333334,-0.7200000000000002
1.4,1.82,CAF,CAF,-3.64,-3.6562,-1.6533333333333333,-0.7999999999999998
1.44,1.82,CAF,CAF,-3.64,-3.6562,-1.6911999999999998,-0.8799999999999999
1.48,1.82,CAF,CAF,-3.64,-3.6562,-1.7301333333333333,-0.96
1.52,1.82,CAF,CAF,-3.64,-3.6562,-1.7701333333333333,-1.04
1.56,1.82,CAF,CAF,-3.64,-3.6562,-1.8112,-1.12
1.6,1.82,CAF,CAF,-3.64,-3.6562,-1.8533333333333335,-1.2000000000000002
1.64,1.82,CAF,CAF,-3.64,-3.6562,-1.8965333333333332,-1.2799999999999998
1.68,1.82,CAF,CAF,-3.64,-3.6562,-1.9407999999999999,-1.3599999999999999
1.72,1.82,CAF,CAF,-3.64,-3.6562,-1.986133333333333,-1.44
1.76,1.82,CAF,CAF,-3.64,-3.6562,-2.0325333333333333,-1.52
1.8,1.82,CAF,CAF,-3.64,-3.6562,-2.08,-1.6
1.84,1.82,CAF,CAF,-3.64,-3.6562,-2.1285333333333334,-1.6800000000000002
1.88,1.82,CAF,CAF,-3.64,-3.6562,-2.1781333333333333,-1.7599999999999998
1.92,1.82,CAF,CAF,-3.64,-3.6562,-2.2287999999999997,-1.8399999999999999
1.96,1.82,CAF,CAF,-3.64,-3.6562,-2.2805333333333335,-1.92
2.0,1.82,CAF,CAF,-3.64,-3.6562,-2.333333333333333,-2.0
2.04,1.82,CAF,CAF,-3.64,-3.6562,-2.3872,-2.08
2.08,1.82,CAF,CAF,-3.64,-3.6562,-2.4421333333333335,-2.16
2.12,1.82,CAF,CAF,-3.64,-3.6562,-2.4981333333333335,-2.24
2.16,1.82,CAF,CAF,-3.64,-3.6562,-2.5552,-2.3200000000000003
2.2,1.82,CAF,CAF,-3.64,-3.6562,-2.6133333333333333,-2.4000000000000004
2.24,1.82,CAF,CAF,-3.64,-3.6562,-2.672533333333334,-2.4800000000000004
2.28,1.82,CAF,CAF,-3.64,-3.6562,-2.7328,-2.5599999999999996
2.32,1.82,CAF,CAF,-3.64,-3.6562,-2.794133333333333,-2.6399999999999997
2.36,1.82,CAF,CAF,-3.64,-3.6562,-2.856533333333333,-2.7199999999999998
2.4,1.82,CAF,CAF,-3.64,-3.6562,-2.92,-2.8
2.44,1.82,CAF,CAF,-3.64,-3.6562,-2.9845333333333333,-2.88
2.48,1.82,CAF,CAF,-3.64,-3.6562,-3.0501333333333336,-2.96
2.52,1.82,CAF,CAF,-3.64,-3.6562,-3.1168,-3.04
2.56,1.82,CAF,CAF,-3.64,-3.6562,-3.1845333333333334,-3.12
2.6,1.82,CAF,CAF,-3.64,-3.6562,-3.2533333333333334,-3.2
2.64,1.82,CAF,CAF,-3.64,-3.6562,-3.3232000000000004,-3.2800000000000002
2.68,1.82,CAF,CAF,-3.64,-3.6562,-3.394133333333334,-3.3600000000000003
2.72,1.82,CAF,CAF,-3.64,-3.6562,-3.466133333333334,-3.4400000000000004
2.76,1.82,CAF,CAF,-3.64,-3.6562,-3.5391999999999997,-3.5199999999999996
2.8,1.82,CAF,CAF,-3.64,-3.6562,-3.613333333333333,-3.5999999999999996
2.84,1.82,PLP,PLP,-3.64,-3.6562,-3.6885333333333334,-3.6799999999999997
2.88,1.82,PLP,PLP,-3.64,-3.6562,-3.7647999999999997,-3.76
2.92,1.82,PLP,PLP,-3.64,-3.6562,-3.842133333333333,-3.84
2.96,1.82,PLP,PLP,-3.64,-3.6562,-3.920533333333333,-3.92
3.0,1.82,degenerate,PLP|FLP,-3.64,-3.6562,-4.0,-4.0
3.04,1.82,FLP,FLP,-3.64,-3.6562,,-4.08
3.08,1.82,FLP,FLP,-3.64,-3.6562,,-4.16
3.12,1.82,FLP,FLP,-3.64,-3.6562,,-4.24
3.16,1.82,FLP,FLP,-3.64,-3.6562,,-4.32
3.2,1.82,FLP,FLP,-3.64,-3.6562,,-4.4
3.24,1.82,FLP,FLP,-3.64,-3.6562,,-4.48
3.28,1.82,FLP,FLP,-3.64,-3.6562,,-4.56
3.32,1.82,FLP,FLP,-3.64,-3.6562,,-4.64
3.36,1.82,FLP,FLP,-3.64,-3.6562,,-4.72
3.4,1.82,FLP,FLP,-3.64,-3.6562,,-4.8
3.44,1.82,FLP,FLP,-3.64,-3.6562,,-4.88
3.48,1.82,FLP,FLP,-3.64,-3.6562,,-4.96
3.52,1.82,FLP,FLP,-3.64,-3.6562,,-5.04
3.56,1.82,FLP,FLP,-3.64,-3.6562,,-5.12
3.6,1.82,FLP,FLP,-3.64,-3.6562,,-5.2
3.64,1.82,FLP,FLP,-3.64,-3.6562,,-5.28
3.68,1.82,FLP,FLP,-3.64,-3.6562,,-5.36
3.72,1.82,FLP,FLP,-3.64,-3.6562,,-5.44
3.76,1.82,FLP,FLP,-3.64,-3.6562,,-5.52
3.8,1.82,FLP,FLP,-3.64,-3.6562,,-5.6
3.84,1.82,FLP,FLP,-3.64,-3.6562,,-5.68
3.88,1.82,FLP,FLP,-3.64,-3.6562,,-5.76
3.92,1.82,FLP,FLP,-3.64,-3.6562,,-5.84
3.96,1.82,FLP,FLP,-3.64,-3.6562,,-5.92
4.0,1.82,FLP,FLP,-3.64,-3.6562,,-6.0
0.0,1.855,CAF,CAF,-3.71,-3.7205125,-1.0,2.0
0.04,1.855,CAF,CAF,-3.71,-3.7205125,-1.0005333333333333,1.92
0.08,1.855,CAF,CAF,-3.71,-3.7205125,-1.0021333333333333,1.84
0.12,1.855,CAF,CAF,-3.71,-3.7205125,-1.0048,1.76
0.16,1.855,CAF,CAF,-3.71,-3.7205125,-1.0085333333333333,1.68
0.2,1.855,CAF,CAF,-3.71,-3.7205125,-1.0133333333333334,1.6
0.24,1.855,CAF,CAF,-3.71,-3.7205125,-1.0192,1.52
0.28,1.855,CAF,CAF,-3.71,-3.7205125,-1.0261333333333333,1.44
0.32,1.855,CAF,CAF,-3.71,-3.7205125,-1.0341333333333333,1.3599999999999999
0.36,1.855,CAF,CAF,-3.71,-3.7205125,-1.0432,1.28
0.4,1.855,CAF,CAF,-3.71,-3.7205125,-1.0533333333333332,1.2
0.44,1.855,CAF,CAF,-3.71,-3.7205125,-1.0645333333333333,1.12
0.48,1.855,CAF,CAF,-3.71,-3.7205125,-1.0768,1.04
0.52,1.855,CAF,CAF,-3.71,-3.7205125,-1.0901333333333334,0.96
0.56,1.855,CAF,CAF,-3.71,-3.7205125,-1.1045333333333334,0.8799999999999999
0.6,1.855,CAF,CAF,-3.71,-3.7205125,-1.12,0.8
0.64,1.855,CAF,CAF,-3.71,-3.7205125,-1.1365333333333334,0.72
0.68,1.855,CAF,CAF,-3.71,-3.7205125,-1.1541333333333335,0.6399999999999999
0.72,1.855,CAF,CAF,-3.71,-3.7205125,-1.1728,0.56
0.76,1.855,CAF,CAF,-3.71,-3.7205125,-1.1925333333333334,0.48
0.8,1.855,CAF,CAF,-3.71,-3.7205125,-1.2133333333333334,0.3999999999999999
0.84,1.855,CAF,CAF,-3.71,-3.7205125,-1.2351999999999999,0.32000000000000006
0.88,1.855,CAF,CAF,-3.71,-3.7205125,-1.2581333333333333,0.24
0.92,1.855,CAF,CAF,-3.71,-3.7205125,-1.2821333333333333,0.15999999999999992
0.96,1.855,CAF,CAF,-3.71,-3.7205125,-1.3072,0.08000000000000007
1.0,1.855,CAF,CAF,-3.71,-3.7205125,-1.3333333333333333,0.0
1.04,1.855,CAF,CAF,-3.71,-3.7205125,-1.3605333333333334,-0.08000000000000007
1.08,1.855,CAF,CAF,-3.71,-3.7205125,-1.3888,-0.16000000000000014
1.12,1.855,CAF,CAF,-3.71,-3.7205125,-1.4181333333333335,-0.2400000000000002
1.16,1.855,CAF,CAF,-3.71,-3.7205125,-1.4485333333333332,-0.31999999999999984
1.2,1.855,CAF,CAF,-3.71,-3.7205125,-1.48,-0.3999999999999999
1.24,1.855,CAF,CAF,-3.71,-3.7205125,-1.5125333333333333,-0.48
1.28,1.855,CAF,CAF,-3.71,-3.7205125,-1.5461333333333334,-0.56
1.32,1.855,CAF,CAF,-3.71,-3.7205125,-1.5808,-0.6400000000000001
1.36,1.855,CAF,CAF,-3.71,-3.7205125,-1.6165333333333334,-0.7200000000000002
1.4,1.855,CAF,CAF,-3.71,-3.7205125,-1.6533333333333333,-0.7999999999999998
1.44,1.855,CAF,CAF,-3.71,-3.7205125,-1.6911999999999998,-0.8799999999999999
1.48,1.855,CAF,CAF,-3.71,-3.7205125,-1.7301333333333333,-0.96
1.52,1.855,CAF,CAF,-3.71,-3.7205125,-1.7701333333333333,-1.04
1.56,1.855,CAF,CAF,-3.71,-3.7205125,-1.8112,-1.12
1.6,1.855,CAF,CAF,-3.71,-3.7205125,-1.8533333333333335,-1.2000000000000002
1.64,1.855,CAF,CAF,-3.71,-3.7205125,-1.8965333333333332,-1.2799999999999998
1.68,1.855,CAF,CAF,-3.71,-3.7205125,-1.9407999999999999,-1.3599999999999999
1.72,1.855,CAF,CAF,-3.71,-3.7205125,-1.986133333333333,-1.44
1.76,1.855,CAF,CAF,-3.71,-3.7205125,-2.0325333333333333,-1.52
1.8,1.855,CAF,CAF,-3.71,-3.7205125,-2.08,-1.6
1.84,1.855,CAF,CAF,-3.71,-3.7205125,-2.1285333333333334,-1.6800000000000002
1.88,1.855,CAF,CAF,-3.71,-3.7205125,-2.1781333333333333,-1.7599999999999998
1.92,1.855,CAF,CAF,-3.71,-3.7205125,-2.2287999999999997,-1.8399999999999999
1.96,1.855,CAF,CAF,-3.71,-3.7205125,-2.2805333333333335,-1.92
2.0,1.855,CAF,CAF,-3.71,-3.7205125,-2.333333333333333,-2.0
2.04,1.855,CAF,CAF,-3.71,-3.7205125,-2.3872,-2.08
2.08,1.855,CAF,CAF,-3.71,-3.7205125,-2.4421333333333335,-2.16
2.12,1.855,CAF,CAF,-3.71,-3.7205125,-2.4981333333333335,-2.24
2.16,1.855,CAF,CAF,-3.71,-3.7205125,-2.5552,-2.3200000000000003
2.2,1.855,CAF,CAF,-3.71,-3.7205125,-2.6133333333333333,-2.4000000000000004
2.24,1.855,CAF,CAF,-3.71,-3.7205125,-2.672533333333334,-2.4800000000000004
2.28,1.855,CAF,CAF,-3.71,-3.7205125,-2.7328,-2.5599999999999996
2.32,1.855,CAF,CAF,-3.71,-3.7205125,-2.794133333333333,-2.6399999999999997
2.36,1.855,CAF,CAF,-3.71,-3.7205125,-2.856533333333333,-2.7199999999999998
2.4,1.855,CAF,CAF,-3.71,-3.7205125,-2.92,-2.8
2.44,1.855,CAF,CAF,-3.71,-3.7205125,-2.9845333333333333,-2.88
2.48,1.855,CAF,CAF,-3.71,-3.7205125,-3.0501333333333336,-2.96
2.52,1.855,CAF,CAF,-3.71,-3.7205125,-3.1168,-3.04
2.56,1.855,CAF,CAF,-3.71,-3.7205125,-3.1845333333333334,-3.12
2.6,1.855,CAF,CAF,-3.71,-3.7205125,-3.2533333333333334,-3.2
2.64,1.855,CAF,CAF,-3.71,-3.7205125,-3.3232000000000004,-3.2800000000000002
2.68,1.855,CAF,CAF,-3.71,-3.7205125,-3.394133333333334,-3.3600000000000003
2.72,1.855,CAF,CAF,-3.71,-3.7205125,-3.466133333333334,-3.4400000000000004
2.76,1.855,CAF,CAF,-3.71,-3.7205125,-3.5391999999999997,-3.5199999999999996
2.8,1.855,CAF,CAF,-3.71,-3.7205125,-3.613333333333333,-3.5999999999999996
2.84,1.855,CAF,CAF,-3.71,-3.7205125,-3.6885333333333334,-3.6799999999999997
2.88,1.855,PLP,PLP,-3.71,-3.7205125,-3.7647999999999997,-3.76
2.92,1.855,PLP,PLP,-3.71,-3.7205125,-3.842133333333333,-3.84
2.96,1.855,PLP,PLP,-3.71,-3.7205125,-3.920533333333333,-3.92
3.0,1.855,degenerate,PLP|FLP,-3.71,-3.7205125,-4.0,-4.0
3.04,1.855,FLP,FLP,-3.71,-3.7205125,,-4.08
3.08,1.855,FLP,FLP,-3.71,-3.7205125,,-4.16
3.12,1.855,FLP,FLP,-3.71,-3.7205125,,-4.24
3.16,1.855,FLP,FLP,-3.71,-3.7205125,,-4.32
3.2,1.855,FLP,FLP,-3.71,-3.7205125,,-4.4
3.24,1.855,FLP,FLP,-3.71,-3.7205125,,-4.48
3.28,1.855,FLP,FLP,-3.71,-3.7205125,,-4.56
3.32,1.855,FLP,FLP,-3.71,-3.7205125,,-4.64
3.36,1.855,FLP,FLP,-3.71,-3.7205125,,-4.72
3.4,1.855,FLP,FLP,-3.71,-3.7205125,,-4.8
3.44,1.855,FLP,FLP,-3.71,-3.7205125,,-4.88
3.48,1.855,FLP,FLP,-3.71,-3.7205125,,-4.96
3.52,1.855,FLP,FLP,-3.71,-3.7205125,,-5.04
3.56,1.855,FLP,FLP,-3.71,-3.7205125,,-5.12
3.6,1.855,FLP,FLP,-3.71,-3.7205125,,-5.2
3.64,1.855,FLP,FLP,-3.71,-3.7205125,,-5.28
3.68,1.855,FLP,FLP,-3.71,-3.7205125,,-5.36
3.72,1.855,FLP,FLP,-3.71,-3.7205125,,-5.44
3.76,1.855,FLP,FLP,-3.71,-3.7205125,,-5.52
3.8,1.855,FLP,FLP,-3.71,-3.7205125,,-5.6
3.84,1.855,FLP,FLP,-3.71,-3.7205125,,-5.68
3.88,1.855,FLP,FLP,-3.71,-3.7205125,,-5.76
3.92,1.855,FLP,FLP,-3.71,-3.7205125,,-5.84
3.96,1.855,FLP,FLP,-3.71,-3.7205125,,-5.92
4.0,1.855,FLP,FLP,-3.71,-3.7205125,,-6.0
0.0,1.89,CAF,CAF,-3.78,-3.78605,-1.0,2.0
0.04,1.89,CAF,CAF,-3.78,-3.78605,-1.0005333333333333,1.92
0.08,1.89,CAF,CAF,-3.78,-3.78605,-1.0021333333333333,1.84
0.12,1.89,CAF,CAF,-3.78,-3.78605,-1.0048,1.76
0.16,1.89,CAF,CAF,-3.78,-3.78605,-1.0085333333333333,1.68
0.2,1.89,CAF,CAF,-3.78,-3.78605,-1.0133333333333334,1.6
0.24,1.89,CAF,CAF,-3.78,-3.78605,-1.0192,1.52
0.28,1.89,CAF,CAF,-3.78,-3.78605,-1.0261333333333333,1.44
0.32,1.89,CAF,CAF,-3.78,-3.78605,-1.0341333333333333,1.3599999999999999
0.36,1.89,CAF,CAF,-3.78,-3.78605,-1.0432,1.28
0.4,1.89,CAF,CAF,-3.78,-3.78605,-1.0533333333333332,1.2
0.44,1.89,CAF,CAF,-3.78,-3.78605,-1.0645333333333333,1.12
0.48,1.89,CAF,CAF,-3.78,-3.78605,-1.0768,1.04
0.52,1.89,CAF,CAF,-3.78,-3.78605,-1.0901333333333334,0.96
0.56,1.89,CAF,CAF,-3.78,-3.78605,-1.1045333333333334,0.8799999999999999
0.6,1.89,CAF,CAF,-3.78,-3.78605,-1.12,0.8
0.64,1.89,CAF,CAF,-3.78,-3.78605,-1.1365333333333334,0.72
0.68,1.89,CAF,CAF,-3.78,-3.78605,-1.1541333333333335,0.6399999999999999
0.72,1.89,CAF,CAF,-3.78,-3.78605,-1.1728,0.56
0.76,1.89,CAF,CAF,-3.78,-3.78605,-1.1925333333333334,0.48
0.8,1.89,CAF,CAF,-3.78,-3.78605,-1.2133333333333334,0.3999999999999999
0.84,1.89,CAF,CAF,-3.78,-3.78605,-1.2351999999999999,0.32000000000000006
0.88,1.89,CAF,CAF,-3.78,-3.78605,-1.2581333333333333,0.24
0.92,1.89,CAF,CAF,-3.78,-3.78605,-1.2821333333333333,0.15999999999999992
0.96,1.89,CAF,CAF,-3.78,-3.78605,-1.3072,0.08000000000000007
1.0,1.89,CAF,CAF,-3.78,-3.78605,-1.3333333333333333,0.0
1.04,1.89,CAF,CAF,-3.78,-3.78605,-1.3605333333333334,-0.08000000000000007
1.08,1.89,CAF,CAF,-3.78,-3.78605,-1.3888,-0.16000000000000014
1.12,1.89,CAF,CAF,-3.78,-3.78605,-1.4181333333333335,-0.2400000000000002
1.16,1.89,CAF,CAF,-3.78,-3.78605,-1.4485333333333332,-0.31999999999999984
1.2,1.89,CAF,CAF,-3.78,-3.78605,-1.48,-0.3999999999999999
1.24,1.89,CAF,CAF,-3.78,-3.78605,-1.5125333333333333,-0.48
1.28,1.89,CAF,CAF,-3.78,-3.78605,-1.5461333333333334,-0.56
1.32,1.89,CAF,CAF,-3.78,-3.78605,-1.5808,-0.6400000000000001
1.36,1.89,CAF,CAF,-3.78,-3.78605,-1.6165333333333334,-0.7200000000000002
1.4,1.89,CAF,CAF,-3.78,-3.78605,-1.6533333333333333,-0.7999999999999998
1.44,1.89,CAF,CAF,-3.78,-3.78605,-1.6911999999999998,-0.8799999999999999
1.48,1.89,CAF,CAF,-3.78,-3.78605,-1.7301333333333333,-0.96
1.52,1.89,CAF,CAF,-3.78,-3.78605,-1.7701333333333333,-1.04
1.56,1.89,CAF,CAF,-3.78,-3.78605,-1.8112,-1.12
1.6,1.89,CAF,CAF,-3.78,-3.78605,-1.8533333333333335,-1.2000000000000002
1.64,1.89,CAF,CAF,-3.78,-3.78605,-1.8965333333333332,-1.2799999999999998
1.68,1.89,CAF,CAF,-3.78,-3.78605,-1.9407999999999999,-1.3599999999999999
1.72,1.89,CAF,CAF,-3.78,-3.78605,-1.986133333333333,-1.44
1.76,1.89,CAF,CAF,-3.78,-3.78605,-2.0325333333333333,-1.52
1.8,1.89,CAF,CAF,-3.78,-3.78605,-2.08,-1.6
1.84,1.89,CAF,CAF,-3.78,-3.78605,-2.1285333333333334,-1.6800000000000002
1.88,1.89,CAF,CAF,-3.78,-3.78605,-2.1781333333333333,-1.7599999999999998
1.92,1.89,CAF,CAF,-3.78,-3.78605,-2.2287999999999997,-1.8399999999999999
1.96,1.89,CAF,CAF,-3.78,-3.78605,-2.2805333333333335,-1.92
2.0,1.89,CAF,CAF,-3.78,-3.78605,-2.333333333333333,-2.0
2.04,1.89,CAF,CAF,-3.78,-3.78605,-2.3872,-2.08
2.08,1.89,CAF,CAF,-3.78,-3.78605,-2.4421333333333335,-2.16
2.12,1.89,CAF,CAF,-3.78,-3.78605,-2.4981333333333335,-2.24
2.16,1.89,CAF,CAF,-3.78,-3.78605,-2.5552,-2.3200000000000003
2.2,1.89,CAF,CAF,-3.78,-3.78605,-2.6133333333333333,-2.4000000000000004
2.24,1.89,CAF,CAF,-3.78,-3.78605,-2.672533333333334,-2.4800000000000004
2.28,1.89,CAF,CAF,-3.78,-3.78605,-2.7328,-2.5599999999999996
2.32,1.89,CAF,CAF,-3.78,-3.78605,-2.794133333333333,-2.6399999999999997
2.36,1.89,CAF,CAF,-3.78,-3.78605,-2.856533333333333,-2.7199999999999998
2.4,1.89,CAF,CAF,-3.78,-3.78605,-2.92,-2.8
2.44,1.89,CAF,CAF,-3.78,-3.78605,-2.9845333333333333,-2.88
2.48,1.89,CAF,CAF,-3.78,-3.78605,-3.0501333333333336,-2.96
2.52,1.89,CAF,CAF,-3.78,-3.78605,-3.1168,-3.04
2.56,1.89,CAF,CAF,-3.78,-3.78605,-3.1845333333333334,-3.12
2.6,1.89,CAF,CAF,-3.78,-3.78605,-3.2533333333333334,-3.2
2.64,1.89,CAF,CAF,-3.78,-3.78605,-3.3232000000000004,-3.2800000000000002
2.68,1.89,CAF,CAF,-3.78,-3.78605,-3.394133333333334,-3.3600000000000003
2.72,1.89,CAF,CAF,-3.78,-3.78605,-3.466133333333334,-3.4400000000000004
2.76,1.89,CAF,CAF,-3.78,-3.78605,-3.5391999999999997,-3.5199999999999996
2.8,1.89,CAF,CAF,-3.78,-3.78605,-3.613333333333333,-3.5999999999999996
2.84,1.89,CAF,CAF,-3.78,-3.78605,-3.6885333333333334,-3.6799999999999997
2.88,1.89,CAF,CAF,-3.78,-3.78605,-3.7647999999999997,-3.76
2.92,1.89,PLP,PLP,-3.78,-3.78605,-3.842133333333333,-3.84
2.96,1.89,PLP,PLP,-3.78,-3.78605,-3.920533333333333,-3.92
3.0,1.89,degenerate,PLP|FLP,-3.78,-3.78605,-4.0,-4.0
3.04,1.89,FLP,FLP,-3.78,-3.78605,,-4.08
3.08,1.89,FLP,FLP,-3.78,-3.78605,,-4.16
3.12,1.89,FLP,FLP,-3.78,-3.78605,,-4.24
3.16,1.89,FLP,FLP,-3.78,-3.78605,,-4.32
3.2,1.89,FLP,FLP,-3.78,-3.78605,,-4.4
3.24,1.89,FLP,FLP,-3.78,-3.78605,,-4.48
3.28,1.89,FLP,FLP,-3.78,-3.78605,,-4.56
3.32,1.89,FLP,FLP,-3.78,-3.78605,,-4.64
3.36,1.89,FLP,FLP,-3.78,-3.78605,,-4.72
3.4,1.89,FLP,FLP,-3.78,-3.78605,,-4.8
3.44,1.89,FLP,FLP,-3.78,-3.78605,,-4.88
3.48,1.89,FLP,FLP,-3.78,-3.78605,,-4.96
3.52,1.89,FLP,FLP,-3.78,-3.78605,,-5.04
3.56,1.89,FLP,FLP,-3.78,-3.78605,,-5.12
3.6,1.89,FLP,FLP,-3.78,-3.78605,,-5.2
3.64,1.89,FLP,FLP,-3.78,-3.78605,,-5.28
3.68,1.89,FLP,FLP,-3.78,-3.78605,,-5.36
3.72,1.89,FLP,FLP,-3.78,-3.78605,,-5.44
3.76,1.89,FLP,FLP,-3.78,-3.78605,,-5.52
3.8,1.89,FLP,FLP,-3.78,-3.78605,,-5.6
3.84,1.89,FLP,FLP,-3.78,-3.78605,,-5.68
3.88,1.89,FLP,FLP,-3.78,-3.78605,,-5.76
3.92,1.89,FLP,FLP,-3.78,-3.78605,,-5.84
3.96,1.89,FLP,FLP,-3.78,-3.78605,,-5.92
4.0,1.89,FLP,FLP,-3.78,-3.78605,,-6.0
0.0,1.925,CAF,CAF,-3.85,-3.8528125,-1.0,2.0
0.04,1.925,CAF,CAF,-3.85,-3.8528125,-1.0005333333333333,1.92
0.08,1.925,CAF,CAF,-3.85,-3.8528125,-1.0021333333333333,1.84
0.12,1.925,CAF,CAF,-3.85,-3.8528125,-1.0048,1.76
0.16,1.925,CAF,CAF,-3.85,-3.8528125,-1.0085333333333333,1.68
0.2,1.925,CAF,CAF,-3.85,-3.8528125,-1.0133333333333334,1.6
0.24,1.925,CAF,CAF,-3.85,-3.8528125,-1.0192,1.52
0.28,1.925,CAF,CAF,-3.85,-3.8528125,-1.0261333333333333,1.44
0.32,1.925,CAF,CAF,-3.85,-3.8528125,-1.0341333333333333,1.3599999999999999
0.36,1.925,CAF,CAF,-3.85,-3.8528125,-1.0432,1.28
0.4,1.925,CAF,CAF,-3.85,-3.8528125,-1.0533333333333332,1.2
0.44,1.925,CAF,CAF,-3.85,-3.8528125,-1.0645333333333333,1.12
0.48,1.925,CAF,CAF,-3.85,-3.8528125,-1.0768,1.04
0.52,1.925,CAF,CAF,-3.85,-3.8528125,-1.0901333333333334,0.96
0.56,1.925,CAF,CAF,-3.85,-3.8528125,-1.1045333333333334,0.8799999999999999
0.6,1.925,CAF,CAF,-3.85,-3.8528125,-1.12,0.8
0.64,1.925,CAF,CAF,-3.85,-3.8528125,-1.1365333333333334,0.72
0.68,1.925,CAF,CAF,-3.85,-3.8528125,-1.1541333333333335,0.6399999999999999
0.72,1.925,CAF,CAF,-3.85,-3.8528125,-1.1728,0.56
0.76,1.925,CAF,CAF,-3.85,-3.8528125,-1.1925333333333334,0.48
0.8,1.925,CAF,CAF,-3.85,-3.8528125,-1.2133333333333334,0.3999999999999999
0.84,1.925,CAF,CAF,-3.85,-3.8528125,-1.2351999999999999,0.32000000000000006
0.88,1.925,CAF,CAF,-3.85,-3.8528125,-1.2581333333333333,0.24
0.92,1.925,CAF,CAF,-3.85,-3.8528125,-1.2821333333333333,0.15999999999999992
0.96,1.925,CAF,CAF,-3.85,-3.8528125,-1.3072,0.08000000000000007
1.0,1.925,CAF,CAF,-3.85,-3.8528125,-1.3333333333333333,0.0
1.04,1.925,CAF,CAF,-3.85,-3.8528125,-1.3605333333333334,-0.08000000000000007
1.08,1.925,CAF,CAF,-3.85,-3.8528125,-1.3888,-0.16000000000000014
1.12,1.925,CAF,CAF,-3.85,-3.8528125,-1.4181333333333335,-0.2400000000000002
1.16,1.925,CAF,CAF,-3.85,-3.8528125,-1.4485333333333332,-0.31999999999999984
1.2,1.925,CAF,CAF,-3.85,-3.8528125,-1.48,-0.3999999999999999
1.24,1.925,CAF,CAF,-3.85,-3.8528125,-1.5125333333333333,-0.48
1.28,1.925,CAF,CAF,-3.85,-3.8528125,-1.5461333333333334,-0.56
1.32,1.925,CAF,CAF,-3.85,-3.8528125,-1.5808,-0.6400000000000001
1.36,1.925,CAF,CAF,-3.85,-3.8528125,-1.6165333333333334,-0.7200000000000002
1.4,1.925,CAF,CAF,-3.85,-3.8528125,-1.6533333333333333,-0.7999999999999998
1.44,1.925,CAF,CAF,-3.85,-3.8528125,-1.6911999999999998,-0.8799999999999999
1.48,1.925,CAF,CAF,-3.85,-3.8528125,-1.7301333333333333,-0.96
1.52,1.925,CAF,CAF,-3.85,-3.8528125,-1.7701333333333333,-1.04
1.56,1.925,CAF,CAF,-3.85,-3.8528125,-1.8112,-1.12
1.6,1.925,CAF,CAF,-3.85,-3.8528125,-1.8533333333333335,-1.2000000000000002
1.64,1.925,CAF,CAF,-3.85,-3.8528125,-1.8965333333333332,-1.2799999999999998
1.68,1.925,CAF,CAF,-3.85,-3.8528125,-1.9407999999999999,-1.3599999999999999
1.72,1.925,CAF,CAF,-3.85,-3.8528125,-1.986133333333333,-1.44
1.76,1.925,CAF,CAF,-3.85,-3.8528125,-2.0325333333333333,-1.52
1.8,1.925,CAF,CAF,-3.85,-3.8528125,-2.08,-1.6
1.84,1.925,CAF,CAF,-3.85,-3.8528125,-2.1285333333333334,-1.6800000000000002
1.88,1.925,CAF,CAF,-3.85,-3.8528125,-2.1781333333333333,-1.7599999999999998
1.92,1.925,CAF,CAF,-3.85,-3.8528125,-2.2287999999999997,-1.8399999999999999
1.96,1.925,CAF,CAF,-3.85,-3.8528125,-2.2805333333333335,-1.92
2.0,1.925,CAF,CAF,-3.85,-3.8528125,-2.333333333333333,-2.0
2.04,1.925,CAF,CAF,-3.85,-3.8528125,-2.3872,-2.08
2.08,1.925,CAF,CAF,-3.85,-3.8528125,-2.4421333333333335,-2.16
2.12,1.925,CAF,CAF,-3.85,-3.8528125,-2.4981333333333335,-2.24
2.16,1.925,CAF,CAF,-3.85,-3.8528125,-2.5552,-2.3200000000000003
2.2,1.925,CAF,CAF,-3.85,-3.8528125,-2.6133333333333333,-2.4000000000000004
2.24,1.925,CAF,CAF,-3.85,-3.8528125,-2.672533333333334,-2.4800000000000004
2.28,1.925,CAF,CAF,-3.85,-3.8528125,-2.7328,-2.5599999999999996
2.32,1.925,CAF,CAF,-3.85,-3.8528125,-2.794133333333333,-2.6399999999999997
2.36,1.925,CAF,CAF,-3.85,-3.8528125,-2.856533333333333,-2.7199999999999998
2.4,1.925,CAF,CAF,-3.85,-3.8528125,-2.92,-2.8
2.44,1.925,CAF,CAF,-3.85,-3.8528125,-2.9845333333333333,-2.88
2.48,1.925,CAF,CAF,-3.85,-3.8528125,-3.0501333333333336,-2.96
2.52,1.925,CAF,CAF,-3.85,-3.8528125,-3.1168,-3.04
2.56,1.925,CAF,CAF,-3.85,-3.8528125,-3.1845333333333334,-3.12
2.6,1.925,CAF,CAF,-3.85,-3.8528125,-3.2533333333333334,-3.2
2.64,1.925,CAF,CAF,-3.85,-3.8528125,-3.3232000000000004,-3.2800000000000002
2.68,1.925,CAF,CAF,-3.85,-3.8528125,-3.394133333333334,-3.3600000000000003
2.72,1.925,CAF,CAF,-3.85,-3.8528125,-3.466133333333334,-3.4400000000000004
2.76,1.925,CAF,CAF,-3.85,-3.8528125,-3.5391999999999997,-3.5199999999999996
2.8,1.925,CAF,CAF,-3.85,-3.8528125,-3.613333333333333,-3.5999999999999996
2.84,1.925,CAF,CAF,-3.85,-3.8528125,-3.6885333333333334,-3.6799999999999997
2.88,1.925,CAF,CAF,-3.85,-3.8528125,-3.7647999999999997,-3.76
2.92,1.925,CAF,CAF,-3.85,-3.8528125,-3.842133333333333,-3.84
2.96,1.925,PLP,PLP,-3.85,-3.8528125,-3.920533333333333,-3.92
3.0,1.925,degenerate,PLP|FLP,-3.85,-3.8528125,-4.0,-4.0
3.04,1.925,FLP,FLP,-3.85,-3.8528125,,-4.08
3.08,1.925,FLP,FLP,-3.85,-3.8528125,,-4.16
3.12,1.925,FLP,FLP,-3.85,-3.8528125,,-4.24
3.16,1.925,FLP,FLP,-3.85,-3.8528125,,-4.32
3.2,1.925,FLP,FLP,-3.85,-3.8528125,,-4.4
3.24,1.925,FLP,FLP,-3.85,-3.8528125,,-4.48
3.28,1.925,FLP,FLP,-3.85,-3.8528125,,-4.56
3.32,1.925,FLP,FLP,-3.85,-3.8528125,,-4.64
3.36,1.925,FLP,FLP,-3.85,-3.8528125,,-4.72
3.4,1.925,FLP,FLP,-3.85,-3.8528125,,-4.8
3.44,1.925,FLP,FLP,-3.85,-3.8528125,,-4.88
3.48,1.925,FLP,FLP,-3.85,-3.8528125,,-4.96
3.52,1.925,FLP,FLP,-3.85,-3.8528125,,-5.04
3.56,1.925,FLP,FLP,-3.85,-3.8528125,,-5.12
3.6,1.925,FLP,FLP,-3.85,-3.8528125,,-5.2
3.64,1.925,FLP,FLP,-3.85,-3.8528125,,-5.28
3.68,1.925,FLP,FLP,-3.85,-3.8528125,,-5.36
3.72,1.925,FLP,FLP,-3.85,-3.8528125,,-5.44
3.76,1.925,FLP,FLP,-3.85,-3.8528125,,-5.52
3.8,1.925,FLP,FLP,-3.85,-3.8528125,,-5.6
3.84,1.925,FLP,FLP,-3.85,-3.8528125,,-5.68
3.88,1.925,FLP,FLP,-3.85,-3.8528125,,-5.76
3.92,1.925,FLP,FLP,-3.85,-3.8528125,,-5.84
3.96,1.925,FLP,FLP,-3.85,-3.8528125,,-5.92
4.0,1.925,FLP,FLP,-3.85,-3.8528125,,-6.0
0.0,1.96,CAF,CAF,-3.92,-3.9208,-1.0,2.0
0.04,1.96,CAF,CAF,-3.92,-3.9208,-1.0005333333333333,1.92
0.08,1.96,CAF,CAF,-3.92,-3.9208,-1.0021333333333333,1.84
0.12,1.96,CAF,CAF,-3.92,-3.9208,-1.0048,1.76
0.16,1.96,CAF,CAF,-3.92,-3.9208,-1.0085333333333333,1.68
0.2,1.96,CAF,CAF,-3.92,-3.9208,-1.0133333333333334,1.6
0.24,1.96,CAF,CAF,-3.92,-3.9208,-1.0192,1.52
0.28,1.96,CAF,CAF,-3.92,-3.9208,-1.0261333333333333,1.44
0.32,1.96,CAF,CAF,-3.92,-3.9208,-1.0341333333333333,1.3599999999999999
0.36,1.96,CAF,CAF,-3.92,-3.9208,-1.0432,1.28
0.4,1.96,CAF,CAF,-3.92,-3.9208,-1.0533333333333332,1.2
0.44,1.96,CAF,CAF,-3.92,-3.9208,-1.0645333333333333,1.12
0.48,1.96,CAF,CAF,-3.92,-3.9208,-1.0768,1.04
0.52,1.96,CAF,CAF,-3.92,-3.9208,-1.0901333333333334,0.96
0.56,1.96,CAF,CAF,-3.92,-3.9208,-1.1045333333333334,0.8799999999999999
0.6,1.96,CAF,CAF,-3.92,-3.9208,-1.12,0.8
0.64,1.96,CAF,CAF,-3.92,-3.9208,-1.1365333333333334,0.72
0.68,1.96,CAF,CAF,-3.92,-3.9208,-1.1541333333333335,0.6399999999999999
0.72,1.96,CAF,CAF,-3.92,-3.9208,-1.1728,0.56
0.76,1.96,CAF,CAF,-3.92,-3.9208,-1.1925333333333334,0.48
0.8,1.96,CAF,CAF,-3.92,-3.9208,-1.2133333333333334,0.3999999999999999
0.84,1.96,CAF,CAF,-3.92,-3.9208,-1.2351999999999999,0.32000000000000006
0.88,1.96,CAF,CAF,-3.92,-3.9208,-1.2581333333333333,0.24
0.92,1.96,CAF,CAF,-3.92,-3.9208,-1.2821333333333333,0.15999999999999992
0.96,1.96,CAF,CAF,-3.92,-3.9208,-1.3072,0.08000000000000007
1.0,1.96,CAF,CAF,-3.92,-3.9208,-1.3333333333333333,0.0
1.04,1.96,CAF,CAF,-3.92,-3.9208,-1.3605333333333334,-0.08000000000000007
1.08,1.96,CAF,CAF,-3.92,-3.9208,-1.3888,-0.16000000000000014
1.12,1.96,CAF,CAF,-3.92,-3.9208,-1.4181333333333335,-0.2400000000000002
1.16,1.96,CAF,CAF,-3.92,-3.9208,-1.4485333333333332,-0.31999999999999984
1.2,1.96,CAF,CAF,-3.92,-3.9208,-1.48,-0.3999999999999999
1.24,1.96,CAF,CAF,-3.92,-3.9208,-1.5125333333333333,-0.48
1.28,1.96,CAF,CAF,-3.92,-3.9208,-1.5461333333333334,-0.56
1.32,1.96,CAF,CAF,-3.92,-3.9208,-1.5808,-0.6400000000000001
1.36,1.96,CAF,CAF,-3.92,-3.9208,-1.6165333333333334,-0.7200000000000002
1.4,1.96,CAF,CAF,-3.92,-3.9208,-1.6533333333333333,-0.7999999999999998
1.44,1.96,CAF,CAF,-3.92,-3.9208,-1.6911999999999998,-0.8799999999999999
1.48,1.96,CAF,CAF,-3.92,-3.9208,-1.7301333333333333,-0.96
1.52,1.96,CAF,CAF,-3.92,-3.9208,-1.7701333333333333,-1.04
1.56,1.96,CAF,CAF,-3.92,-3.9208,-1.8112,-1.12
1.6,1.96,CAF,CAF,-3.92,-3.9208,-1.8533333333333335,-1.2000000000000002
1.64,1.96,CAF,CAF,-3.92,-3.9208,-1.8965333333333332,-1.2799999999999998
1.68,1.96,CAF,CAF,-3.92,-3.9208,-1.9407999999999999,-1.3599999999999999
1.72,1.96,CAF,CAF,-3.92,-3.9208,-1.986133333333333,-1.44
1.76,1.96,CAF,CAF,-3.92,-3.9208,-2.0325333333333333,-1.52
1.8,1.96,CAF,CAF,-3.92,-3.9208,-2.08,-1.6
1.84,1.96,CAF,CAF,-3.92,-3.9208,-2.1285333333333334,-1.6800000000000002
1.88,1.96,CAF,CAF,-3.92,-3.9208,-2.1781333333333333,-1.7599999999999998
1.92,1.96,CAF,CAF,-3.92,-3.9208,-2.2287999999999997,-1.8399999999999999
1.96,1.96,CAF,CAF,-3.92,-3.9208,-2.2805333333333335,-1.92
2.0,1.96,CAF,CAF,-3.92,-3.9208,-2.333333333333333,-2.0
2.04,1.96,CAF,CAF,-3.92,-3.9208,-2.3872,-2.08
2.08,1.96,CAF,CAF,-3.92,-3.9208,-2.4421333333333335,-2.16
2.12,1.96,CAF,CAF,-3.92,-3.9208,-2.4981333333333335,-2.24
2.16,1.96,CAF,CAF,-3.92,-3.9208,-2.5552,-2.3200000000000003
2.2,1.96,CAF,CAF,-3.92,-3.9208,-2.6133333333333333,-2.4000000000000004
2.24,1.96,CAF,CAF,-3.92,-3.9208,-2.672533333333334,-2.4800000000000004
2.28,1.96,CAF,CAF,-3.92,-3.9208,-2.7328,-2.5599999999999996
2.32,1.96,CAF,CAF,-3.92,-3.9208,-2.794133333333333,-2.6399999999999997
2.36,1.96,CAF,CAF,-3.92,-3.9208,-2.856533333333333,-2.7199999999999998
2.4,1.96,CAF,CAF,-3.92,-3.9208,-2.92,-2.8
2.44,1.96,CAF,CAF,-3.92,-3.9208,-2.9845333333333333,-2.88
2.48,1.96,CAF,CAF,-3.92,-3.9208,-3.0501333333333336,-2.96
2.52,1.96,CAF,CAF,-3.92,-3.9208,-3.1168,-3.04
2.56,1.96,CAF,CAF,-3.92,-3.9208,-3.1845333333333334,-3.12
2.6,1.96,CAF,CAF,-3.92,-3.9208,-3.2533333333333334,-3.2
2.64,1.96,CAF,CAF,-3.92,-3.9208,-3.3232000000000004,-3.2800000000000002
2.68,1.96,CAF,CAF,-3.92,-3.9208,-3.394133333333334,-3.3600000000000003
2.72,1.96,CAF,CAF,-3.92,-3.9208,-3.466133333333334,-3.4400000000000004
2.76,1.96,CAF,CAF,-3.92,-3.9208,-3.5391999999999997,-3.5199999999999996
2.8,1.96,CAF,CAF,-3.92,-3.9208,-3.613333333333333,-3.5999999999999996
2.84,1.96,CAF,CAF,-3.92,-3.9208,-3.6885333333333334,-3.6799999999999997
2.88,1.96,CAF,CAF,-3.92,-3.9208,-3.7647999999999997,-3.76
2.92,1.96,CAF,CAF,-3.92,-3.9208,-3.842133333333333,-3.84
2.96,1.96,CAF,CAF,-3.92,-3.9208,-3.920533333333333,-3.92
3.0,1.96,degenerate,PLP|FLP,-3.92,-3.9208,-4.0,-4.0
3.04,1.96,FLP,FLP,-3.92,-3.9208,,-4.08
3.08,1.96,FLP,FLP,-3.92,-3.9208,,-4.16
3.12,1.96,FLP,FLP,-3.92,-3.9208,,-4.24
3.16,1.96,FLP,FLP,-3.92,-3.9208,,-4.32
3.2,1.96,FLP,FLP,-3.92,-3.9208,,-4.4
3.24,1.96,FLP,FLP,-3.92,-3.9208,,-4.48
3.28,1.96,FLP,FLP,-3.92,-3.9208,,-4.56
3.32,1.96,FLP,FLP,-3.92,-3.9208,,-4.64
3.36,1.96,FLP,FLP,-3.92,-3.9208,,-4.72
3.4,1.96,FLP,FLP,-3.92,-3.9208,,-4.8
3.44,1.96,FLP,FLP,-3.92,-3.9208,,-4.88
3.48,1.96,FLP,FLP,-3.92,-3.9208,,-4.96
3.52,1.96,FLP,FLP,-3.92,-3.9208,,-5.04
3.56,1.96,FLP,FLP,-3.92,-3.9208,,-5.12
3.6,1.96,FLP,FLP,-3.92,-3.9208,,-5.2
3.64,1.96,FLP,FLP,-3.92,-3.9208,,-5.28
3.68,1.96,FLP,FLP,-3.92,-3.9208,,-5.36
3.72,1.96,FLP,FLP,-3.92,-3.9208,,-5.44
3.76,1.96,FLP,FLP,-3.92,-3.9208,,-5.52
3.8,1.96,FLP,FLP,-3.92,-3.9208,,-5.6
3.84,1.96,FLP,FLP,-3.92,-3.9208,,-5.68
3.88,1.96,FLP,FLP,-3.92,-3.9208,,-5.76
3.92,1.96,FLP,FLP,-3.92,-3.9208,,-5.84
3.96,1.96,FLP,FLP,-3.92,-3.9208,,-5.92
4.0,1.96,FLP,FLP,-3.92,-3.9208,,-6.0
0.0,1.995,CAF,CAF,-3.99,-3.9900125,-1.0,2.0
0.04,1.995,CAF,CAF,-3.99,-3.9900125,-1.0005333333333333,1.92
0.08,1.995,CAF,CAF,-3.99,-3.9900125,-1.0021333333333333,1.84
0.12,1.995,CAF,CAF,-3.99,-3.9900125,-1.0048,1.76
0.16,1.995,CAF,CAF,-3.99,-3.9900125,-1.0085333333333333,1.68
0.2,1.995,CAF,CAF,-3.99,-3.9900125,-1.0133333333333334,1.6
0.24,1.995,CAF,CAF,-3.99,-3.9900125,-1.0192,1.52
0.28,1.995,CAF,CAF,-3.99,-3.9900125,-1.0261333333333333,1.44
0.32,1.995,CAF,CAF,-3.99,-3.9900125,-1.0341333333333333,1.3599999999999999
0.36,1.995,CAF,CAF,-3.99,-3.9900125,-1.0432,1.28
0.4,1.995,CAF,CAF,-3.99,-3.9900125,-1.0533333333333332,1.2
0.44,1.995,CAF,CAF,-3.99,-3.9900125,-1.0645333333333333,1.12
0.48,1.995,CAF,CAF,-3.99,-3.9900125,-1.0768,1.04
0.52,1.995,CAF,CAF,-3.99,-3.9900125,-1.0901333333333334,0.96
0.56,1.995,CAF,CAF,-3.99,-3.9900125,-1.1045333333333334,0.8799999999999999
0.6,1.995,CAF,CAF,-3.99,-3.9900125,-1.12,0.8
0.64,1.995,CAF,CAF,-3.99,-3.9900125,-1.1365333333333334,0.72
0.68,1.995,CAF,CAF,-3.99,-3.9900125,-1.1541333333333335,0.6399999999999999
0.72,1.995,CAF,CAF,-3.99,-3.9900125,-1.1728,0.56
0.76,1.995,CAF,CAF,-3.99,-3.9900125,-1.1925333333333334,0.48
0.8,1.995,CAF,CAF,-3.99,-3.9900125,-1.2133333333333334,0.3999999999999999
0.84,1.995,CAF,CAF,-3.99,-3.9900125,-1.2351999999999999,0.32000000000000006
0.88,1.995,CAF,CAF,-3.99,-3.9900125,-1.2581333333333333,0.24
0.92,1.995,CAF,CAF,-3.99,-3.9900125,-1.2821333333333333,0.15999999999999992
0.96,1.995,CAF,CAF,-3.99,-3.9900125,-1.3072,0.08000000000000007
1.0,1.995,CAF,CAF,-3.99,-3.9900125,-1.3333333333333333,0.0
1.04,1.995,CAF,CAF,-3.99,-3.9900125,-1.3605333333333334,-0.08000000000000007
1.08,1.995,CAF,CAF,-3.99,-3.9900125,-1.3888,-0.16000000000000014
1.12,1.995,CAF,CAF,-3.99,-3.9900125,-1.4181333333333335,-0.2400000000000002
1.16,1.995,CAF,CAF,-3.99,-3.9900125,-1.4485333333333332,-0.31999999999999984
1.2,1.995,CAF,CAF,-3.99,-3.9900125,-1.48,-0.3999999999999999
1.24,1.995,CAF,CAF,-3.99,-3.9900125,-1.5125333333333333,-0.48
1.28,1.995,CAF,CAF,-3.99,-3.9900125,-1.5461333333333334,-0.56
1.32,1.995,CAF,CAF,-3.99,-3.9900125,-1.5808,-0.6400000000000001
1.36,1.995,CAF,CAF,-3.99,-3.9900125,-1.6165333333333334,-0.7200000000000002
1.4,1.995,CAF,CAF,-3.99,-3.9900125,-1.6533333333333333,-0.7999999999999998
1.44,1.995,CAF,CAF,-3.99,-3.9900125,-1.6911999999999998,-0.8799999999999999
1.48,1.995,CAF,CAF,-3.99,-3.9900125,-1.7301333333333333,-0.96
1.52,1.995,CAF,CAF,-3.99,-3.9900125,-1.7701333333333333,-1.04
1.56,1.995,CAF,CAF,-3.99,-3.9900125,-1.8112,-1.12
1.6,1.995,CAF,CAF,-3.99,-3.9900125,-1.8533333333333335,-1.2000000000000002
1.64,1.995,CAF,CAF,-3.99,-3.9900125,-1.8965333333333332,-1.2799999999999998
1.68,1.995,CAF,CAF,-3.99,-3.9900125,-1.9407999999999999,-1.3599999999999999
1.72,1.995,CAF,CAF,-3.99,-3.9900125,-1.986133333333333,-1.44
1.76,1.995,CAF,CAF,-3.99,-3.9900125,-2.0325333333333333,-1.52
1.8,1.995,CAF,CAF,-3.99,-3.9900125,-2.08,-1.6
1.84,1.995,CAF,CAF,-3.99,-3.9900125,-2.1285333333333334,-1.6800000000000002
1.88,1.995,CAF,CAF,-3.99,-3.9900125,-2.1781333333333333,-1.7599999999999998
1.92,1.995,CAF,CAF,-3.99,-3.9900125,-2.2287999999999997,-1.8399999999999999
1.96,1.995,CAF,CAF,-3.99,-3.9900125,-2.2805333333333335,-1.92
2.0,1.995,CAF,CAF,-3.99,-3.9900125,-2.333333333333333,-2.0
2.04,1.995,CAF,CAF,-3.99,-3.9900125,-2.3872,-2.08
2.08,1.995,CAF,CAF,-3.99,-3.9900125,-2.4421333333333335,-2.16
2.12,1.995,CAF,CAF,-3.99,-3.9900125,-2.4981333333333335,-2.24
2.16,1.995,CAF,CAF,-3.99,-3.9900125,-2.5552,-2.3200000000000003
2.2,1.995,CAF,CAF,-3.99,-3.9900125,-2.6133333333333333,-2.4000000000000004
2.24,1.995,CAF,CAF,-3.99,-3.9900125,-2.672533333333334,-2.4800000000000004
2.28,1.995,CAF,CAF,-3.99,-3.9900125,-2.7328,-2.5599999999999996
2.32,1.995,CAF,CAF,-3.99,-3.9900125,-2.794133333333333,-2.6399999999999997
2.36,1.995,CAF,CAF,-3.99,-3.9900125,-2.856533333333333,-2.7199999999999998
2.4,1.995,CAF,CAF,-3.99,-3.9900125,-2.92,-2.8
2.44,1.995,CAF,CAF,-3.99,-3.9900125,-2.9845333333333333,-2.88
2.48,1.995,CAF,CAF,-3.99,-3.9900125,-3.0501333333333336,-2.96
2.52,1.995,CAF,CAF,-3.99,-3.9900125,-3.1168,-3.04
2.56,1.995,CAF,CAF,-3.99,-3.9900125,-3.1845333333333334,-3.12
2.6,1.995,CAF,CAF,-3.99,-3.9900125,-3.2533333333333334,-3.2
2.64,1.995,CAF,CAF,-3.99,-3.9900125,-3.3232000000000004,-3.2800000000000002
2.68,1.995,CAF,CAF,-3.99,-3.9900125,-3.394133333333334,-3.3600000000000003
2.72,1.995,CAF,CAF,-3.99,-3.9900125,-3.466133333333334,-3.4400000000000004
2.76,1.995,CAF,CAF,-3.99,-3.9900125,-3.5391999999999997,-3.5199999999999996
2.8,1.995,CAF,CAF,-3.99,-3.9900125,-3.613333333333333,-3.5999999999999996
2.84,1.995,CAF,CAF,-3.99,-3.9900125,-3.6885333333333334,-3.6799999999999997
2.88,1.995,CAF,CAF,-3.99,-3.9900125,-3.7647999999999997,-3.76
2.92,1.995,CAF,CAF,-3.99,-3.9900125,-3.842133333333333,-3.84
2.96,1.995,CAF,CAF,-3.99,-3.9900125,-3.920533333333333,-3.92
3.0,1.995,degenerate,PLP|FLP,-3.99,-3.9900125,-4.0,-4.0
3.04,1.995,FLP,FLP,-3.99,-3.9900125,,-4.08
3.08,1.995,FLP,FLP,-3.99,-3.9900125,,-4.16
3.12,1.995,FLP,FLP,-3.99,-3.9900125,,-4.24
3.16,1.995,FLP,FLP,-3.99,-3.9900125,,-4.32
3.2,1.995,FLP,FLP,-3.99,-3.9900125,,-4.4
3.24,1.995,FLP,FLP,-3.99,-3.9900125,,-4.48
3.28,1.995,FLP,FLP,-3.99,-3.9900125,,-4.56
3.32,1.995,FLP,FLP,-3.99,-3.9900125,,-4.64
3.36,1.995,FLP,FLP,-3.99,-3.9900125,,-4.72
3.4,1.995,FLP,FLP,-3.99,-3.9900125,,-4.8
3.44,1.995,FLP,FLP,-3.99,-3.9900125,,-4.88
3.48,1.995,FLP,FLP,-3.99,-3.9900125,,-4.96
3.52,1.995,FLP,FLP,-3.99,-3.9900125,,-5.04
3.56,1.995,FLP,FLP,-3.99,-3.9900125,,-5.12
3.6,1.995,FLP,FLP,-3.99,-3.9900125,,-5.2
3.64,1.995,FLP,FLP,-3.99,-3.9900125,,-5.28
3.68,1.995,FLP,FLP,-3.99,-3.9900125,,-5.36
3.72,1.995,FLP,FLP,-3.99,-3.9900125,,-5.44
3.76,1.995,FLP,FLP,-3.99,-3.9900125,,-5.52
3.8,1.995,FLP,FLP,-3.99,-3.9900125,,-5.6
3.84,1.995,FLP,FLP,-3.99,-3.9900125,,-5.68
3.88,1.995,FLP,FLP,-3.99,-3.9900125,,-5.76
3.92,1.995,FLP,FLP,-3.99,-3.9900125,,-5.84
3.96,1.995,FLP,FLP,-3.99,-3.9900125,,-5.92
4.0,1.995,FLP,FLP,-3.99,-3.9900125,,-6.0
0.0,2.03,F,F,-4.06,,-1.0,2.0
0.04,2.03,F,F,-4.06,,-1.0005333333333333,1.92
0.08,2.03,F,F,-4.06,,-1.0021333333333333,1.84
0.12,2.03,F,F,-4.06,,-1.0048,1.76
0.16,2.03,F,F,-4.06,,-1.0085333333333333,1.68
0.2,2.03,F,F,-4.06,,-1.0133333333333334,1.6
0.24,2.03,F,F,-4.06,,-1.0192,1.52
0.28,2.03,F,F,-4.06,,-1.0261333333333333,1.44
0.32,2.03,F,F,-4.06,,-1.0341333333333333,1.3599999999999999
0.36,2.03,F,F,-4.06,,-1.0432,1.28
0.4,2.03,F,F,-4.06,,-1.0533333333333332,1.2
0.44,2.03,F,F,-4.06,,-1.0645333333333333,1.12
0.48,2.03,F,F,-4.06,,-1.0768,1.04
0.52,2.03,F,F,-4.06,,-1.0901333333333334,0.96
0.56,2.03,F,F,-4.06,,-1.1045333333333334,0.8799999999999999
0.6,2.03,F,F,-4.06,,-1.12,0.8
0.64,2.03,F,F,-4.06,,-1.1365333333333334,0.72
0.68,2.03,F,F,-4.06,,-1.1541333333333335,0.6399999999999999
0.72,2.03,F,F,-4.06,,-1.1728,0.56
0.76,2.03,F,F,-4.06,,-1.1925333333333334,0.48
0.8,2.03,F,F,-4.06,,-1.2133333333333334,0.3999999999999999
0.84,2.03,F,F,-4.06,,-1.2351999999999999,0.32000000000000006
0.88,2.03,F,F,-4.06,,-1.2581333333333333,0.24
0.92,2.03,F,F,-4.06,,-1.2821333333333333,0.15999999999999992
0.96,2.03,F,F,-4.06,,-1.3072,0.08000000000000007
1.0,2.03,F,F,-4.06,,-1.3333333333333333,0.0
1.04,2.03,F,F,-4.06,,-1.3605333333333334,-0.08000000000000007
1.08,2.03,F,F,-4.06,,-1.3888,-0.16000000000000014
1.12,2.03,F,F,-4.06,,-1.4181333333333335,-0.2400000000000002
1.16,2.03,F,F,-4.06,,-1.4485333333333332,-0.31999999999999984
1.2,2.03,F,F,-4.06,,-1.48,-0.3999999999999999
1.24,2.03,F,F,-4.06,,-1.5125333333333333,-0.48
1.28,2.03,F,F,-4.06,,-1.5461333333333334,-0.56
1.32,2.03,F,F,-4.06,,-1.5808,-0.6400000000000001
1.36,2.03,F,F,-4.06,,-1.6165333333333334,-0.7200000000000002
1.4,2.03,F,F,-4.06,,-1.6533333333333333,-0.7999999999999998
1.44,2.03,F,F,-4.06,,-1.6911999999999998,-0.8799999999999999
1.48,2.03,F,F,-4.06,,-1.7301333333333333,-0.96
1.52,2.03,F,F,-4.06,,-1.7701333333333333,-1.04
1.56,2.03,F,F,-4.06,,-1.8112,-1.12
1.6,2.03,F,F,-4.06,,-1.8533333333333335,-1.2000000000000002
1.64,2.03,F,F,-4.06,,-1.8965333333333332,-1.2799999999999998
1.68,2.03,F,F,-4.06,,-1.9407999999999999,-1.3599999999999999
1.72,2.03,F,F,-4.06,,-1.986133333333333,-1.44
1.76,2.03,F,F,-4.06,,-2.0325333333333333,-1.52
1.8,2.03,F,F,-4.06,,-2.08,-1.6
1.84,2.03,F,F,-4.06,,-2.1285333333333334,-1.6800000000000002
1.88,2.03,F,F,-4.06,,-2.1781333333333333,-1.7599999999999998
1.92,2.03,F,F,-4.06,,-2.2287999999999997,-1.8399999999999999
1.96,2.03,F,F,-4.06,,-2.2805333333333335,-1.92
2.0,2.03,F,F,-4.06,,-2.333333333333333,-2.0
2.04,2.03,F,F,-4.06,,-2.3872,-2.08
2.08,2.03,F,F,-4.06,,-2.4421333333333335,-2.16
2.12,2.03,F,F,-4.06,,-2.4981333333333335,-2.24
2.16,2.03,F,F,-4.06,,-2.5552,-2.3200000000000003
2.2,2.03,F,F,-4.06,,-2.6133333333333333,-2.4000000000000004
2.24,2.03,F,F,-4.06,,-2.672533333333334,-2.4800000000000004
2.28,2.03,F,F,-4.06,,-2.7328,-2.5599999999999996
2.32,2.03,F,F,-4.06,,-2.794133333333333,-2.6399999999999997
2.36,2.03,F,F,-4.06,,-2.856533333333333,-2.7199999999999998
2.4,2.03,F,F,-4.06,,-2.92,-2.8
2.44,2.03,F,F,-4.06,,-2.9845333333333333,-2.88
2.48,2.03,F,F,-4.06,,-3.0501333333333336,-2.96
2.52,2.03,F,F,-4.06,,-3.1168,-3.04
2.56,2.03,F,F,-4.06,,-3.1845333333333334,-3.12
2.6,2.03,F,F,-4.06,,-3.2533333333333334,-3.2
2.64,2.03,F,F,-4.06,,-3.3232000000000004,-3.2800000000000002
2.68,2.03,F,F,-4.06,,-3.394133333333334,-3.3600000000000003
2.72,2.03,F,F,-4.06,,-3.466133333333334,-3.4400000000000004
2.76,2.03,F,F,-4.06,,-3.5391999999999997,-3.5199999999999996
2.8,2.03,F,F,-4.06,,-3.613333333333333,-3.5999999999999996
2.84,2.03,F,F,-4.06,,-3.6885333333333334,-3.6799999999999997
2.88,2.03,F,F,-4.06,,-3.7647999999999997,-3.76
2.92,2.03,F,F,-4.06,,-3.842133333333333,-3.84
2.96,2.03,F,F,-4.06,,-3.920533333333333,-3.92
3.0,2.03,F,F,-4.06,,-4.0,-4.0
3.04,2.03,FLP,FLP,-4.06,,,-4.08
3.08,2.03,FLP,FLP,-4.06,,,-4.16
3.12,2.03,FLP,FLP,-4.06,,,-4.24
3.16,2.03,FLP,FLP,-4.06,,,-4.32
3.2,2.03,FLP,FLP,-4.06,,,-4.4
3.24,2.03,FLP,FLP,-4.06,,,-4.48
3.28,2.03,FLP,FLP,-4.06,,,-4.56
3.32,2.03,FLP,FLP,-4.06,,,-4.64
3.36,2.03,FLP,FLP,-4.06,,,-4.72
3.4,2.03,FLP,FLP,-4.06,,,-4.8
3.44,2.03,FLP,FLP,-4.06,,,-4.88
3.48,2.03,FLP,FLP,-4.06,,,-4.96
3.52,2.03,FLP,FLP,-4.06,,,-5.04
3.56,2.03,FLP,FLP,-4.06,,,-5.12
3.6,2.03,FLP,FLP,-4.06,,,-5.2
3.64,2.03,FLP,FLP,-4.06,,,-5.28
3.68,2.03,FLP,FLP,-4.06,,,-5.36
3.72,2.03,FLP,FLP,-4.06,,,-5.44
3.76,2.03,FLP,FLP,-4.06,,,-5.52
3.8,2.03,FLP,FLP,-4.06,,,-5.6
3.84,2.03,FLP,FLP,-4.06,,,-5.68
3.88,2.03,FLP,FLP,-4.06,,,-5.76
3.92,2.03,FLP,FLP,-4.06,,,-5.84
3.96,2.03,FLP,FLP,-4.06,,,-5.92
4.0,2.03,FLP,FLP,-4.06,,,-6.0
0.0,2.065,F,F,-4.13,,-1.0,2.0
0.04,2.065,F,F,-4.13,,-1.0005333333333333,1.92
0.08,2.065,F,F,-4.13,,-1.0021333333333333,1.84
0.12,2.065,F,F,-4.13,,-1.0048,1.76
0.16,2.065,F,F,-4.13,,-1.0085333333333333,1.68
0.2,2.065,F,F,-4.13,,-1.0133333333333334,1.6
0.24,2.065,F,F,-4.13,,-1.0192,1.52
0.28,2.065,F,F,-4.13,,-1.0261333333333333,1.44
0.32,2.065,F,F,-4.13,,-1.0341333333333333,1.3599999999999999
0.36,2.065,F,F,-4.13,,-1.0432,1.28
0.4,2.065,F,F,-4.13,,-1.0533333333333332,1.2
0.44,2.065,F,F,-4.13,,-1.0645333333333333,1.12
0.48,2.065,F,F,-4.13,,-1.0768,1.04
0.52,2.065,F,F,-4.13,,-1.0901333333333334,0.96
0.56,2.065,F,F,-4.13,,-1.1045333333333334,0.8799999999999999
0.6,2.065,F,F,-4.13,,-1.12,0.8
0.64,2.065,F,F,-4.13,,-1.1365333333333334,0.72
0.68,2.065,F,F,-4.13,,-1.1541333333333335,0.6399999999999999
0.72,2.065,F,F,-4.13,,-1.1728,0.56
0.76,2.065,F,F,-4.13,,-1.1925333333333334,0.48
0.8,2.065,F,F,-4.13,,-1.2133333333333334,0.3999999999999999
0.84,2.065,F,F,-4.13,,-1.2351999999999999,0.32000000000000006
0.88,2.065,F,F,-4.13,,-1.2581333333333333,0.24
0.92,2.065,F,F,-4.13,,-1.2821333333333333,0.15999999999999992
0.96,2.065,F,F,-4.13,,-1.3072,0.08000000000000007
1.0,2.065,F,F,-4.13,,-1.3333333333333333,0.0
1.04,2.065,F,F,-4.13,,-1.3605333333333334,-0.08000000000000007
1.08,2.065,F,F,-4.13,,-1.3888,-0.16000000000000014
1.12,2.065,F,F,-4.13,,-1.4181333333333335,-0.2400000000000002
1.16,2.065,F,F,-4.13,,-1.4485333333333332,-0.31999999999999984
1.2,2.065,F,F,-4.13,,-1.48,-0.3999999999999999
1.24,2.065,F,F,-4.13,,-1.5125333333333333,-0.48
1.28,2.065,F,F,-4.13,,-1.5461333333333334,-0.56
1.32,2.065,F,F,-4.13,,-1.5808,-0.6400000000000001
1.36,2.065,F,F,-4.13,,-1.6165333333333334,-0.7200000000000002
1.4,2.065,F,F,-4.13,,-1.6533333333333333,-0.7999999999999998
1.44,2.065,F,F,-4.13,,-1.6911999999999998,-0.8799999999999999
1.48,2.065,F,F,-4.13,,-1.7301333333333333,-0.96
1.52,2.065,F,F,-4.13,,-1.7701333333333333,-1.04
1.56,2.065,F,F,-4.13,,-1.8112,-1.12
1.6,2.065,F,F,-4.13,,-1.8533333333333335,-1.2000000000000002
1.64,2.065,F,F,-4.13,,-1.8965333333333332,-1.2799999999999998
1.68,2.065,F,F,-4.13,,-1.9407999999999999,-1.3599999999999999
1.72,2.065,F,F,-4.13,,-1.986133333333333,-1.44
1.76,2.065,F,F,-4.13,,-2.0325333333333333,-1.52
1.8,2.065,F,F,-4.13,,-2.08,-1.6
1.84,2.065,F,F,-4.13,,-2.1285333333333334,-1.6800000000000002
1.88,2.065,F,F,-4.13,,-2.1781333333333333,-1.7599999999999998
1.92,2.065,F,F,-4.13,,-2.2287999999999997,-1.8399999999999999
1.96,2.065,F,F,-4.13,,-2.2805333333333335,-1.92
2.0,2.065,F,F,-4.13,,-2.333333333333333,-2.0
2.04,2.065,F,F,-4.13,,-2.3872,-2.08
2.08,2.065,F,F,-4.13,,-2.4421333333333335,-2.16
2.12,2.065,F,F,-4.13,,-2.4981333333333335,-2.24
2.16,2.065,F,F,-4.13,,-2.5552,-2.3200000000000003
2.2,2.065,F,F,-4.13,,-2.6133333333333333,-2.4000000000000004
2.24,2.065,F,F,-4.13,,-2.672533333333334,-2.4800000000000004
2.28,2.065,F,F,-4.13,,-2.7328,-2.5599999999999996
2.32,2.065,F,F,-4.13,,-2.794133333333333,-2.6399999999999997
2.36,2.065,F,F,-4.13,,-2.856533333333333,-2.7199999999999998
2.4,2.065,F,F,-4.13,,-2.92,-2.8
2.44,2.065,F,F,-4.13,,-2.9845333333333333,-2.88
2.48,2.065,F,F,-4.13,,-3.0501333333333336,-2.96
2.52,2.065,F,F,-4.13,,-3.1168,-3.04
2.56,2.065,F,F,-4.13,,-3.1845333333333334,-3.12
2.6,2.065,F,F,-4.13,,-3.2533333333333334,-3.2
2.64,2.065,F,F,-4.13,,-3.3232000000000004,-3.2800000000000002
2.68,2.065,F,F,-4.13,,-3.394133333333334,-3.3600000000000003
2.72,2.065,F,F,-4.13,,-3.466133333333334,-3.4400000000000004
2.76,2.065,F,F,-4.13,,-3.5391999999999997,-3.5199999999999996
2.8,2.065,F,F,-4.13,,-3.613333333333333,-3.5999999999999996
2.84,2.065,F,F,-4.13,,-3.6885333333333334,-3.6799999999999997
2.88,2.065,F,F,-4.13,,-3.7647999999999997,-3.76
2.92,2.065,F,F,-4.13,,-3.842133333333333,-3.84
2.96,2.065,F,F,-4.13,,-3.920533333333333,-3.92
3.0,2.065,F,F,-4.13,,-4.0,-4.0
3.04,2.065,F,F,-4.13,,,-4.08
3.08,2.065,FLP,FLP,-4.13,,,-4.16
3.12,2.065,FLP,FLP,-4.13,,,-4.24
3.16,2.065,FLP,FLP,-4.13,,,-4.32
3.2,2.065,FLP,FLP,-4.13,,,-4.4
3.24,2.065,FLP,FLP,-4.13,,,-4.48
3.28,2.065,FLP,FLP,-4.13,,,-4.56
3.32,2.065,FLP,FLP,-4.13,,,-4.64
3.36,2.065,FLP,FLP,-4.13,,,-4.72
3.4,2.065,FLP,FLP,-4.13,,,-4.8
3.44,2.065,FLP,FLP,-4.13,,,-4.88
3.48,2.065,FLP,FLP,-4.13,,,-4.96
3.52,2.065,FLP,FLP,-4.13,,,-5.04
3.56,2.065,FLP,FLP,-4.13,,,-5.12
3.6,2.065,FLP,FLP,-4.13,,,-5.2
3.64,2.065,FLP,FLP,-4.13,,,-5.28
3.68,2.065,FLP,FLP,-4.13,,,-5.36
3.72,2.065,FLP,FLP,-4.13,,,-5.44
3.76,2.065,FLP,FLP,-4.13,,,-5.52
3.8,2.065,FLP,FLP,-4.13,,,-5.6
3.84,2.065,FLP,FLP,-4.13,,,-5.68
3.88,2.065,FLP,FLP,-4.13,,,-5.76
3.92,2.065,FLP,FLP,-4.13,,,-5.84
3.96,2.065,FLP,FLP,-4.13,,,-5.92
4.0,2.065,FLP,FLP,-4.13,,,-6.0
0.0,2.1,F,F,-4.2,,-1.0,2.0
0.04,2.1,F,F,-4.2,,-1.0005333333333333,1.92
0.08,2.1,F,F,-4.2,,-1.0021333333333333,1.84
0.12,2.1,F,F,-4.2,,-1.0048,1.76
0.16,2.1,F,F,-4.2,,-1.0085333333333333,1.68
0.2,2.1,F,F,-4.2,,-1.0133333333333334,1.6
0.24,2.1,F,F,-4.2,,-1.0192,1.52
0.28,2.1,F,F,-4.2,,-1.0261333333333333,1.44
0.32,2.1,F,F,-4.2,,-1.0341333333333333,1.3599999999999999
0.36,2.1,F,F,-4.2,,-1.0432,1.28
0.4,2.1,F,F,-4.2,,-1.0533333333333332,1.2
0.44,2.1,F,F,-4.2,,-1.0645333333333333,1.12
0.48,2.1,F,F,-4.2,,-1.0768,1.04
0.52,2.1,F,F,-4.2,,-1.0901333333333334,0.96
0.56,2.1,F,F,-4.2,,-1.1045333333333334,0.8799999999999999
0.6,2.1,F,F,-4.2,,-1.12,0.8
0.64,2.1,F,F,-4.2,,-1.1365333333333334,0.72
0.68,2.1,F,F,-4.2,,-1.1541333333333335,0.6399999999999999
0.72,2.1,F,F,-4.2,,-1.1728,0.56
0.76,2.1,F,F,-4.2,,-1.1925333333333334,0.48
0.8,2.1,F,F,-4.2,,-1.2133333333333334,0.3999999999999999
0.84,2.1,F,F,-4.2,,-1.2351999999999999,0.32000000000000006
0.88,2.1,F,F,-4.2,,-1.2581333333333333,0.24
0.92,2.1,F,F,-4.2,,-1.2821333333333333,0.15999999999999992
0.96,2.1,F,F,-4.2,,-1.3072,0.08000000000000007
1.0,2.1,F,F,-4.2,,-1.3333333333333333,0.0
1.04,2.1,F,F,-4.2,,-1.3605333333333334,-0.08000000000000007
1.08,2.1,F,F,-4.2,,-1.3888,-0.16000000000000014
1.12,2.1,F,F,-4.2,,-1.4181333333333335,-0.2400000000000002
1.16,2.1,F,F,-4.2,,-1.4485333333333332,-0.31999999999999984
1.2,2.1,F,F,-4.2,,-1.48,-0.3999999999999999
1.24,2.1,F,F,-4.2,,-1.5125333333333333,-0.48
1.28,2.1,F,F,-4.2,,-1.5461333333333334,-0.56
1.32,2.1,F,F,-4.2,,-1.5808,-0.6400000000000001
1.36,2.1,F,F,-4.2,,-1.6165333333333334,-0.7200000000000002
1.4,2.1,F,F,-4.2,,-1.6533333333333333,-0.7999999999999998
1.44,2.1,F,F,-4.2,,-1.6911999999999998,-0.8799999999999999
1.48,2.1,F,F,-4.2,,-1.7301333333333333,-0.96
1.52,2.1,F,F,-4.2,,-1.7701333333333333,-1.04
1.56,2.1,F,F,-4.2,,-1.8112,-1.12
1.6,2.1,F,F,-4.2,,-1.8533333333333335,-1.2000000000000002
1.64,2.1,F,F,-4.2,,-1.8965333333333332,-1.2799999999999998
1.68,2.1,F,F,-4.2,,-1.9407999999999999,-1.3599999999999999
1.72,2.1,F,F,-4.2,,-1.986133333333333,-1.44
1.76,2.1,F,F,-4.2,,-2.0325333333333333,-1.52
1.8,2.1,F,F,-4.2,,-2.08,-1.6
1.84,2.1,F,F,-4.2,,-2.1285333333333334,-1.6800000000000002
1.88,2.1,F,F,-4.2,,-2.1781333333333333,-1.7599999999999998
1.92,2.1,F,F,-4.2,,-2.2287999999999997,-1.8399999999999999
1.96,2.1,F,F,-4.2,,-2.2805333333333335,-1.92
2.0,2.1,F,F,-4.2,,-2.333333333333333,-2.0
2.04,2.1,F,F,-4.2,,-2.3872,-2.08
2.08,2.1,F,F,-4.2,,-2.4421333333333335,-2.16
2.12,2.1,F,F,-4.2,,-2.4981333333333335,-2.24
2.16,2.1,F,F,-4.2,,-2.5552,-2.3200000000000003
2.2,2.1,F,F,-4.2,,-2.6133333333333333,-2.4000000000000004
2.24,2.1,F,F,-4.2,,-2.672533333333334,-2.4800000000000004
2.28,2.1,F,F,-4.2,,-2.7328,-2.5599999999999996
2.32,2.1,F,F,-4.2,,-2.794133333333333,-2.6399999999999997
2.36,2.1,F,F,-4.2,,-2.856533333333333,-2.7199999999999998
2.4,2.1,F,F,-4.2,,-2.92,-2.8
2.44,2.1,F,F,-4.2,,-2.9845333333333333,-2.88
2.48,2.1,F,F,-4.2,,-3.0501333333333336,-2.96
2.52,2.1,F,F,-4.2,,-3.1168,-3.04
2.56,2.1,F,F,-4.2,,-3.1845333333333334,-3.12
2.6,2.1,F,F,-4.2,,-3.2533333333333334,-3.2
2.64,2.1,F,F,-4.2,,-3.3232000000000004,-3.2800000000000002
2.68,2.1,F,F,-4.2,,-3.394133333333334,-3.3600000000000003
2.72,2.1,F,F,-4.2,,-3.466133333333334,-3.4400000000000004
2.76,2.1,F,F,-4.2,,-3.5391999999999997,-3.5199999999999996
2.8,2.1,F,F,-4.2,,-3.613333333333333,-3.5999999999999996
2.84,2.1,F,F,-4.2,,-3.6885333333333334,-3.6799999999999997
2.88,2.1,F,F,-4.2,,-3.7647999999999997,-3.76
2.92,2.1,F,F,-4.2,,-3.842133333333333,-3.84
2.96,2.1,F,F,-4.2,,-3.920533333333333,-3.92
3.0,2.1,F,F,-4.2,,-4.0,-4.0
3.04,2.1,F,F,-4.2,,,-4.08
3.08,2.1,F,F,-4.2,,,-4.16
3.12,2.1,FLP,FLP,-4.2,,,-4.24
3.16,2.1,FLP,FLP,-4.2,,,-4.32
3.2,2.1,FLP,FLP,-4.2,,,-4.4
3.24,2.1,FLP,FLP,-4.2,,,-4.48
3.28,2.1,FLP,FLP,-4.2,,,-4.56
3.32,2.1,FLP,FLP,-4.2,,,-4.64
3.36,2.1,FLP,FLP,-4.2,,,-4.72
3.4,2.1,FLP,FLP,-4.2,,,-4.8
3.44,2.1,FLP,FLP,-4.2,,,-4.88
3.48,2.1,FLP,FLP,-4.2,,,-4.96
3.52,2.1,FLP,FLP,-4.2,,,-5.04
3.56,2.1,FLP,FLP,-4.2,,,-5.12
3.6,2.1,FLP,FLP,-4.2,,,-5.2
3.64,2.1,FLP,FLP,-4.2,,,-5.28
3.68,2.1,FLP,FLP,-4.2,,,-5.36
3.72,2.1,FLP,FLP,-4.2,,,-5.44
3.76,2.1,FLP,FLP,-4.2,,,-5.52
3.8,2.1,FLP,FLP,-4.2,,,-5.6
3.84,2.1,FLP,FLP,-4.2,,,-5.68
3.88,2.1,FLP,FLP,-4.2,,,-5.76
3.92,2.1,FLP,FLP,-4.2,,,-5.84
3.96,2.1,FLP,FLP,-4.2,,,-5.92
4.0,2.1,FLP,FLP,-4.2,,,-6.0
0.0,2.135,F,F,-4.27,,-1.0,2.0
0.04,2.135,F,F,-4.27,,-1.0005333333333333,1.92
0.08,2.135,F,F,-4.27,,-1.0021333333333333,1.84
0.12,2.135,F,F,-4.27,,-1.0048,1.76
0.16,2.135,F,F,-4.27,,-1.0085333333333333,1.68
0.2,2.135,F,F,-4.27,,-1.0133333333333334,1.6
0.24,2.135,F,F,-4.27,,-1.0192,1.52
0.28,2.135,F,F,-4.27,,-1.0261333333333333,1.44
0.32,2.135,F,F,-4.27,,-1.0341333333333333,1.3599999999999999
0.36,2.135,F,F,-4.27,,-1.0432,1.28
0.4,2.135,F,F,-4.27,,-1.0533333333333332,1.2
0.44,2.135,F,F,-4.27,,-1.0645333333333333,1.12
0.48,2.135,F,F,-4.27,,-1.0768,1.04
0.52,2.135,F,F,-4.27,,-1.0901333333333334,0.96
0.56,2.135,F,F,-4.27,,-1.1045333333333334,0.8799999999999999
0.6,2.135,F,F,-4.27,,-1.12,0.8
0.64,2.135,F,F,-4.27,,-1.1365333333333334,0.72
0.68,2.135,F,F,-4.27,,-1.1541333333333335,0.6399999999999999
0.72,2.135,F,F,-4.27,,-1.1728,0.56
0.76,2.135,F,F,-4.27,,-1.1925333333333334,0.48
0.8,2.135,F,F,-4.27,,-1.2133333333333334,0.3999999999999999
0.84,2.135,F,F,-4.27,,-1.2351999999999999,0.32000000000000006
0.88,2.135,F,F,-4.27,,-1.2581333333333333,0.24
0.92,2.135,F,F,-4.27,,-1.2821333333333333,0.15999999999999992
0.96,2.135,F,F,-4.27,,-1.3072,0.08000000000000007
1.0,2.135,F,F,-4.27,,-1.3333333333333333,0.0
1.04,2.135,F,F,-4.27,,-1.3605333333333334,-0.08000000000000007
1.08,2.135,F,F,-4.27,,-1.3888,-0.16000000000000014
1.12,2.135,F,F,-4.27,,-1.4181333333333335,-0.2400000000000002
1.16,2.135,F,F,-4.27,,-1.4485333333333332,-0.31999999999999984
1.2,2.135,F,F,-4.27,,-1.48,-0.3999999999999999
1.24,2.135,F,F,-4.27,,-1.5125333333333333,-0.48
1.28,2.135,F,F,-4.27,,-1.5461333333333334,-0.56
1.32,2.135,F,F,-4.27,,-1.5808,-0.6400000000000001
1.36,2.135,F,F,-4.27,,-1.6165333333333334,-0.7200000000000002
1.4,2.135,F,F,-4.27,,-1.6533333333333333,-0.7999999999999998
1.44,2.135,F,F,-4.27,,-1.6911999999999998,-0.8799999999999999
1.48,2.135,F,F,-4.27,,-1.7301333333333333,-0.96
1.52,2.135,F,F,-4.27,,-1.7701333333333333,-1.04
1.56,2.135,F,F,-4.27,,-1.8112,-1.12
1.6,2.135,F,F,-4.27,,-1.8533333333333335,-1.2000000000000002
1.64,2.135,F,F,-4.27,,-1.8965333333333332,-1.2799999999999998
1.68,2.135,F,F,-4.27,,-1.9407999999999999,-1.3599999999999999
1.72,2.135,F,F,-4.27,,-1.986133333333333,-1.44
1.76,2.135,F,F,-4.27,,-2.0325333333333333,-1.52
1.8,2.135,F,F,-4.27,,-2.08,-1.6
1.84,2.135,F,F,-4.27,,-2.1285333333333334,-1.6800000000000002
1.88,2.135,F,F,-4.27,,-2.1781333333333333,-1.7599999999999998
1.92,2.135,F,F,-4.27,,-2.2287999999999997,-1.8399999999999999
1.96,2.135,F,F,-4.27,,-2.2805333333333335,-1.92
2.0,2.135,F,F,-4.27,,-2.333333333333333,-2.0
2.04,2.135,F,F,-4.27,,-2.3872,-2.08
2.08,2.135,F,F,-4.27,,-2.4421333333333335,-2.16
2.12,2.135,F,F,-4.27,,-2.4981333333333335,-2.24
2.16,2.135,F,F,-4.27,,-2.5552,-2.3200000000000003
2.2,2.135,F,F,-4.27,,-2.6133333333333333,-2.4000000000000004
2.24,2.135,F,F,-4.27,,-2.672533333333334,-2.4800000000000004
2.28,2.135,F,F,-4.27,,-2.7328,-2.5599999999999996
2.32,2.135,F,F,-4.27,,-2.794133333333333,-2.6399999999999997
2.36,2.135,F,F,-4.27,,-2.856533333333333,-2.7199999999999998
2.4,2.135,F,F,-4.27,,-2.92,-2.8
2.44,2.135,F,F,-4.27,,-2.9845333333333333,-2.88
2.48,2.135,F,F,-4.27,,-3.0501333333333336,-2.96
2.52,2.135,F,F,-4.27,,-3.1168,-3.04
2.56,2.135,F,F,-4.27,,-3.1845333333333334,-3.12
2.6,2.135,F,F,-4.27,,-3.2533333333333334,-3.2
2.64,2.135,F,F,-4.27,,-3.3232000000000004,-3.2800000000000002
2.68,2.135,F,F,-4.27,,-3.394133333333334,-3.3600000000000003
2.72,2.135,F,F,-4.27,,-3.466133333333334,-3.4400000000000004
2.76,2.135,F,F,-4.27,,-3.5391999999999997,-3.5199999999999996
2.8,2.135,F,F,-4.27,,-3.613333333333333,-3.5999999999999996
2.84,2.135,F,F,-4.27,,-3.6885333333333334,-3.6799999999999997
2.88,2.135,F,F,-4.27,,-3.7647999999999997,-3.76
2.92,2.135,F,F,-4.27,,-3.842133333333333,-3.84
2.96,2.135,F,F,-4.27,,-3.920533333333333,-3.92
3.0,2.135,F,F,-4.27,,-4.0,-4.0
3.04,2.135,F,F,-4.27,,,-4.08
3.08,2.135,F,F,-4.27,,,-4.16
3.12,2.135,F,F,-4.27,,,-4.24
3.16,2.135,FLP,FLP,-4.27,,,-4.32
3.2,2.135,FLP,FLP,-4.27,,,-4.4
3.24,2.135,FLP,FLP,-4.27,,,-4.48
3.28,2.135,FLP,FLP,-4.27,,,-4.56
3.32,2.135,FLP,FLP,-4.27,,,-4.64
3.36,2.135,FLP,FLP,-4.27,,,-4.72
3.4,2.135,FLP,FLP,-4.27,,,-4.8
3.44,2.135,FLP,FLP,-4.27,,,-4.88
3.48,2.135,FLP,FLP,-4.27,,,-4.96
3.52,2.135,FLP,FLP,-4.27,,,-5.04
3.56,2.135,FLP,FLP,-4.27,,,-5.12
3.6,2.135,FLP,FLP,-4.27,,,-5.2
3.64,2.135,FLP,FLP,-4.27,,,-5.28
3.68,2.135,FLP,FLP,-4.27,,,-5.36
3.72,2.135,FLP,FLP,-4.27,,,-5.44
3.76,2.135,FLP,FLP,-4.27,,,-5.52
3.8,2.135,FLP,FLP,-4.27,,,-5.6
3.84,2.135,FLP,FLP,-4.27,,,-5.68
3.88,2.135,FLP,FLP,-4.27,,,-5.76
3.92,2.135,FLP,FLP,-4.27,,,-5.84
3.96,2.135,FLP,FLP,-4.27,,,-5.92
4.0,2.135,FLP,FLP,-4.27,,,-6.0
0.0,2.17,F,F,-4.34,,-1.0,2.0
0.04,2.17,F,F,-4.34,,-1.0005333333333333,1.92
0.08,2.17,F,F,-4.34,,-1.0021333333333333,1.84
0.12,2.17,F,F,-4.34,,-1.0048,1.76
0.16,2.17,F,F,-4.34,,-1.0085333333333333,1.68
0.2,2.17,F,F,-4.34,,-1.0133333333333334,1.6
0.24,2.17,F,F,-4.34,,-1.0192,1.52
0.28,2.17,F,F,-4.34,,-1.0261333333333333,1.44
0.32,2.17,F,F,-4.34,,-1.0341333333333333,1.3599999999999999
0.36,2.17,F,F,-4.34,,-1.0432,1.28
0.4,2.17,F,F,-4.34,,-1.0533333333333332,1.2
0.44,2.17,F,F,-4.34,,-1.0645333333333333,1.12
0.48,2.17,F,F,-4.34,,-1.0768,1.04
0.52,2.17,F,F,-4.34,,-1.0901333333333334,0.96
0.56,2.17,F,F,-4.34,,-1.1045333333333334,0.8799999999999999
0.6,2.17,F,F,-4.34,,-1.12,0.8
0.64,2.17,F,F,-4.34,,-1.1365333333333334,0.72
0.68,2.17,F,F,-4.34,,-1.1541333333333335,0.6399999999999999
0.72,2.17,F,F,-4.34,,-1.1728,0.56
0.76,2.17,F,F,-4.34,,-1.1925333333333334,0.48
0.8,2.17,F,F,-4.34,,-1.2133333333333334,0.3999999999999999
0.84,2.17,F,F,-4.34,,-1.2351999999999999,0.32000000000000006
0.88,2.17,F,F,-4.34,,-1.2581333333333333,0.24
0.92,2.17,F,F,-4.34,,-1.2821333333333333,0.15999999999999992
0.96,2.17,F,F,-4.34,,-1.3072,0.08000000000000007
1.0,2.17,F,F,-4.34,,-1.3333333333333333,0.0
1.04,2.17,F,F,-4.34,,-1.3605333333333334,-0.08000000000000007
1.08,2.17,F,F,-4.34,,-1.3888,-0.16000000000000014
1.12,2.17,F,F,-4.34,,-1.4181333333333335,-0.2400000000000002
1.16,2.17,F,F,-4.34,,-1.4485333333333332,-0.31999999999999984
1.2,2.17,F,F,-4.34,,-1.48,-0.3999999999999999
1.24,2.17,F,F,-4.34,,-1.5125333333333333,-0.48
1.28,2.17,F,F,-4.34,,-1.5461333333333334,-0.56
1.32,2.17,F,F,-4.34,,-1.5808,-0.6400000000000001
1.36,2.17,F,F,-4.34,,-1.6165333333333334,-0.7200000000000002
1.4,2.17,F,F,-4.34,,-1.6533333333333333,-0.7999999999999998
1.44,2.17,F,F,-4.34,,-1.6911999999999998,-0.8799999999999999
1.48,2.17,F,F,-4.34,,-1.7301333333333333,-0.96
1.52,2.17,F,F,-4.34,,-1.7701333333333333,-1.04
1.56,2.17,F,F,-4.34,,-1.8112,-1.12
1.6,2.17,F,F,-4.34,,-1.8533333333333335,-1.2000000000000002
1.64,2.17,F,F,-4.34,,-1.8965333333333332,-1.2799999999999998
1.68,2.17,F,F,-4.34,,-1.9407999999999999,-1.3599999999999999
1.72,2.17,F,F,-4.34,,-1.986133333333333,-1.44
1.76,2.17,F,F,-4.34,,-2.0325333333333333,-1.52
1.8,2.17,F,F,-4.34,,-2.08,-1.6
1.84,2.17,F,F,-4.34,,-2.1285333333333334,-1.6800000000000002
1.88,2.17,F,F,-4.34,,-2.1781333333333333,-1.7599999999999998
1.92,2.17,F,F,-4.34,,-2.2287999999999997,-1.8399999999999999
1.96,2.17,F,F,-4.34,,-2.2805333333333335,-1.92
2.0,2.17,F,F,-4.34,,-2.333333333333333,-2.0
2.04,2.17,F,F,-4.34,,-2.3872,-2.08
2.08,2.17,F,F,-4.34,,-2.4421333333333335,-2.16
2.12,2.17,F,F,-4.34,,-2.4981333333333335,-2.24
2.16,2.17,F,F,-4.34,,-2.5552,-2.3200000000000003
2.2,2.17,F,F,-4.34,,-2.6133333333333333,-2.4000000000000004
2.24,2.17,F,F,-4.34,,-2.672533333333334,-2.4800000000000004
2.28,2.17,F,F,-4.34,,-2.7328,-2.5599999999999996
2.32,2.17,F,F,-4.34,,-2.794133333333333,-2.6399999999999997
2.36,2.17,F,F,-4.34,,-2.856533333333333,-2.7199999999999998
2.4,2.17,F,F,-4.34,,-2.92,-2.8
2.44,2.17,F,F,-4.34,,-2.9845333333333333,-2.88
2.48,2.17,F,F,-4.34,,-3.0501333333333336,-2.96
2.52,2.17,F,F,-4.34,,-3.1168,-3.04
2.56,2.17,F,F,-4.34,,-3.1845333333333334,-3.12
2.6,2.17,F,F,-4.34,,-3.2533333333333334,-3.2
2.64,2.17,F,F,-4.34,,-3.3232000000000004,-3.2800000000000002
2.68,2.17,F,F,-4.34,,-3.394133333333334,-3.3600000000000003
2.72,2.17,F,F,-4.34,,-3.466133333333334,-3.4400000000000004
2.76,2.17,F,F,-4.34,,-3.5391999999999997,-3.5199999999999996
2.8,2.17,F,F,-4.34,,-3.613333333333333,-3.5999999999999996
2.84,2.17,F,F,-4.34,,-3.6885333333333334,-3.6799999999999997
2.88,2.17,F,F,-4.34,,-3.7647999999999997,-3.76
2.92,2.17,F,F,-4.34,,-3.842133333333333,-3.84
2.96,2.17,F,F,-4.34,,-3.920533333333333,-3.92
3.0,2.17,F,F,-4.34,,-4.0,-4.0
3.04,2.17,F,F,-4.34,,,-4.08
3.08,2.17,F,F,-4.34,,,-4.16
3.12,2.17,F,F,-4.34,,,-4.24
3.16,2.17,F,F,-4.34,,,-4.32
3.2,2.17,FLP,FLP,-4.34,,,-4.4
3.24,2.17,FLP,FLP,-4.34,,,-4.48
3.28,2.17,FLP,FLP,-4.34,,,-4.56
3.32,2.17,FLP,FLP,-4.34,,,-4.64
3.36,2.17,FLP,FLP,-4.34,,,-4.72
3.4,2.17,FLP,FLP,-4.34,,,-4.8
3.44,2.17,FLP,FLP,-4.34,,,-4.88
3.48,2.17,FLP,FLP,-4.34,,,-4.96
3.52,2.17,FLP,FLP,-4.34,,,-5.04
3.56,2.17,FLP,FLP,-4.34,,,-5.12
3.6,2.17,FLP,FLP,-4.34,,,-5.2
3.64,2.17,FLP,FLP,-4.34,,,-5.28
3.68,2.17,FLP,FLP,-4.34,,,-5.36
3.72,2.17,FLP,FLP,-4.34,,,-5.44
3.76,2.17,FLP,FLP,-4.34,,,-5.52
3.8,2.17,FLP,FLP,-4.34,,,-5.6
3.84,2.17,FLP,FLP,-4.34,,,-5.68
3.88,2.17,FLP,FLP,-4.34,,,-5.76
3.92,2.17,FLP,FLP,-4.34,,,-5.84
3.96,2.17,FLP,FLP,-4.34,,,-5.92
4.0,2.17,FLP,FLP,-4.34,,,-6.0
0.0,2.205,F,F,-4.41,,-1.0,2.0
0.04,2.205,F,F,-4.41,,-1.0005333333333333,1.92
0.08,2.205,F,F,-4.41,,-1.0021333333333333,1.84
0.12,2.205,F,F,-4.41,,-1.0048,1.76
0.16,2.205,F,F,-4.41,,-1.0085333333333333,1.68
0.2,2.205,F,F,-4.41,,-1.0133333333333334,1.6
0.24,2.205,F,F,-4.41,,-1.0192,1.52
0.28,2.205,F,F,-4.41,,-1.0261333333333333,1.44
0.32,2.205,F,F,-4.41,,-1.0341333333333333,1.3599999999999999
0.36,2.205,F,F,-4.41,,-1.0432,1.28
0.4,2.205,F,F,-4.41,,-1.0533333333333332,1.2
0.44,2.205,F,F,-4.41,,-1.0645333333333333,1.12
0.48,2.205,F,F,-4.41,,-1.0768,1.04
0.52,2.205,F,F,-4.41,,-1.0901333333333334,0.96
0.56,2.205,F,F,-4.41,,-1.1045333333333334,0.8799999999999999
0.6,2.205,F,F,-4.41,,-1.12,0.8
0.64,2.205,F,F,-4.41,,-1.1365333333333334,0.72
0.68,2.205,F,F,-4.41,,-1.1541333333333335,0.6399999999999999
0.72,2.205,F,F,-4.41,,-1.1728,0.56
0.76,2.205,F,F,-4.41,,-1.1925333333333334,0.48
0.8,2.205,F,F,-4.41,,-1.2133333333333334,0.3999999999999999
0.84,2.205,F,F,-4.41,,-1.2351999999999999,0.32000000000000006
0.88,2.205,F,F,-4.41,,-1.2581333333333333,0.24
0.92,2.205,F,F,-4.41,,-1.2821333333333333,0.15999999999999992
0.96,2.205,F,F,-4.41,,-1.3072,0.08000000000000007
1.0,2.205,F,F,-4.41,,-1.3333333333333333,0.0
1.04,2.205,F,F,-4.41,,-1.3605333333333334,-0.08000000000000007
1.08,2.205,F,F,-4.41,,-1.3888,-0.16000000000000014
1.12,2.205,F,F,-4.41,,-1.4181333333333335,-0.2400000000000002
1.16,2.205,F,F,-4.41,,-1.4485333333333332,-0.31999999999999984
1.2,2.205,F,F,-4.41,,-1.48,-0.3999999999999999
1.24,2.205,F,F,-4.41,,-1.5125333333333333,-0.48
1.28,2.205,F,F,-4.41,,-1.5461333333333334,-0.56
1.32,2.205,F,F,-4.41,,-1.5808,-0.6400000000000001
1.36,2.205,F,F,-4.41,,-1.6165333333333334,-0.7200000000000002
1.4,2.205,F,F,-4.41,,-1.6533333333333333,-0.7999999999999998
1.44,2.205,F,F,-4.41,,-1.6911999999999998,-0.8799999999999999
1.48,2.205,F,F,-4.41,,-1.7301333333333333,-0.96
1.52,2.205,F,F,-4.41,,-1.7701333333333333,-1.04
1.56,2.205,F,F,-4.41,,-1.8112,-1.12
1.6,2.205,F,F,-4.41,,-1.8533333333333335,-1.2000000000000002
1.64,2.205,F,F,-4.41,,-1.8965333333333332,-1.2799999999999998
1.68,2.205,F,F,-4.41,,-1.9407999999999999,-1.3599999999999999
1.72,2.205,F,F,-4.41,,-1.986133333333333,-1.44
1.76,2.205,F,F,-4.41,,-2.0325333333333333,-1.52
1.8,2.205,F,F,-4.41,,-2.08,-1.6
1.84,2.205,F,F,-4.41,,-2.1285333333333334,-1.6800000000000002
1.88,2.205,F,F,-4.41,,-2.1781333333333333,-1.7599999999999998
1.92,2.205,F,F,-4.41,,-2.2287999999999997,-1.8399999999999999
1.96,2.205,F,F,-4.41,,-2.2805333333333335,-1.92
2.0,2.205,F,F,-4.41,,-2.333333333333333,-2.0
2.04,2.205,F,F,-4.41,,-2.3872,-2.08
2.08,2.205,F,F,-4.41,,-2.4421333333333335,-2.16
2.12,2.205,F,F,-4.41,,-2.4981333333333335,-2.24
2.16,2.205,F,F,-4.41,,-2.5552,-2.3200000000000003
2.2,2.205,F,F,-4.41,,-2.6133333333333333,-2.4000000000000004
2.24,2.205,F,F,-4.41,,-2.672533333333334,-2.4800000000000004
2.28,2.205,F,F,-4.41,,-2.7328,-2.5599999999999996
2.32,2.205,F,F,-4.41,,-2.794133333333333,-2.6399999999999997
2.36,2.205,F,F,-4.41,,-2.856533333333333,-2.7199999999999998
2.4,2.205,F,F,-4.41,,-2.92,-2.8
2.44,2.205,F,F,-4.41,,-2.9845333333333333,-2.88
2.48,2.205,F,F,-4.41,,-3.0501333333333336,-2.96
2.52,2.205,F,F,-4.41,,-3.1168,-3.04
2.56,2.205,F,F,-4.41,,-3.1845333333333334,-3.12
2.6,2.205,F,F,-4.41,,-3.2533333333333334,-3.2
2.64,2.205,F,F,-4.41,,-3.3232000000000004,-3.2800000000000002
2.68,2.205,F,F,-4.41,,-3.394133333333334,-3.3600000000000003
2.72,2.205,F,F,-4.41,,-3.466133333333334,-3.4400000000000004
2.76,2.205,F,F,-4.41,,-3.5391999999999997,-3.5199999999999996
2.8,2.205,F,F,-4.41,,-3.613333333333333,-3.5999999999999996
2.84,2.205,F,F,-4.41,,-3.6885333333333334,-3.6799999999999997
2.88,2.205,F,F,-4.41,,-3.7647999999999997,-3.76
2.92,2.205,F,F,-4.41,,-3.842133333333333,-3.84
2.96,2.205,F,F,-4.41,,-3.920533333333333,-3.92
3.0,2.205,F,F,-4.41,,-4.0,-4.0
3.04,2.205,F,F,-4.41,,,-4.08
3.08,2.205,F,F,-4.41,,,-4.16
3.12,2.205,F,F,-4.41,,,-4.24
3.16,2.205,F,F,-4.41,,,-4.32
3.2,2.205,F,F,-4.41,,,-4.4
3.24,2.205,FLP,FLP,-4.41,,,-4.48
3.28,2.205,FLP,FLP,-4.41,,,-4.56
3.32,2.205,FLP,FLP,-4.41,,,-4.64
3.36,2.205,FLP,FLP,-4.41,,,-4.72
3.4,2.205,FLP,FLP,-4.41,,,-4.8
3.44,2.205,FLP,FLP,-4.41,,,-4.88
3.48,2.205,FLP,FLP,-4.41,,,-4.96
3.52,2.205,FLP,FLP,-4.41,,,-5.04
3.56,2.205,FLP,FLP,-4.41,,,-5.12
3.6,2.205,FLP,FLP,-4.41,,,-5.2
3.64,2.205,FLP,FLP,-4.41,,,-5.28
3.68,2.205,FLP,FLP,-4.41,,,-5.36
3.72,2.205,FLP,FLP,-4.41,,,-5.44
3.76,2.205,FLP,FLP,-4.41,,,-5.52
3.8,2.205,FLP,FLP,-4.41,,,-5.6
3.84,2.205,FLP,FLP,-4.41,,,-5.68
3.88,2.205,FLP,FLP,-4.41,,,-5.76
3.92,2.205,FLP,FLP,-4.41,,,-5.84
3.96,2.205,FLP,FLP,-4.41,,,-5.92
4.0,2.205,FLP,FLP,-4.41,,,-6.0
0.0,2.24,F,F,-4.48,,-1.0,2.0
0.04,2.24,F,F,-4.48,,-1.0005333333333333,1.92
0.08,2.24,F,F,-4.48,,-1.0021333333333333,1.84
0.12,2.24,F,F,-4.48,,-1.0048,1.76
0.16,2.24,F,F,-4.48,,-1.0085333333333333,1.68
0.2,2.24,F,F,-4.48,,-1.0133333333333334,1.6
0.24,2.24,F,F,-4.48,,-1.0192,1.52
0.28,2.24,F,F,-4.48,,-1.0261333333333333,1.44
0.32,2.24,F,F,-4.48,,-1.0341333333333333,1.3599999999999999
0.36,2.24,F,F,-4.48,,-1.0432,1.28
0.4,2.24,F,F,-4.48,,-1.0533333333333332,1.2
0.44,2.24,F,F,-4.48,,-1.0645333333333333,1.12
0.48,2.24,F,F,-4.48,,-1.0768,1.04
0.52,2.24,F,F,-4.48,,-1.0901333333333334,0.96
0.56,2.24,F,F,-4.48,,-1.1045333333333334,0.8799999999999999
0.6,2.24,F,F,-4.48,,-1.12,0.8
0.64,2.24,F,F,-4.48,,-1.1365333333333334,0.72
0.68,2.24,F,F,-4.48,,-1.1541333333333335,0.6399999999999999
0.72,2.24,F,F,-4.48,,-1.1728,0.56
0.76,2.24,F,F,-4.48,,-1.1925333333333334,0.48
0.8,2.24,F,F,-4.48,,-1.2133333333333334,0.3999999999999999
0.84,2.24,F,F,-4.48,,-1.2351999999999999,0.32000000000000006
0.88,2.24,F,F,-4.48,,-1.2581333333333333,0.24
0.92,2.24,F,F,-4.48,,-1.2821333333333333,0.15999999999999992
0.96,2.24,F,F,-4.48,,-1.3072,0.08000000000000007
1.0,2.24,F,F,-4.48,,-1.3333333333333333,0.0
1.04,2.24,F,F,-4.48,,-1.3605333333333334,-0.08000000000000007
1.08,2.24,F,F,-4.48,,-1.3888,-0.16000000000000014
1.12,2.24,F,F,-4.48,,-1.4181333333333335,-0.2400000000000002
1.16,2.24,F,F,-4.48,,-1.4485333333333332,-0.31999999999999984
1.2,2.24,F,F,-4.48,,-1.48,-0.3999999999999999
1.24,2.24,F,F,-4.48,,-1.5125333333333333,-0.48
1.28,2.24,F,F,-4.48,,-1.5461333333333334,-0.56
1.32,2.24,F,F,-4.48,,-1.5808,-0.6400000000000001
1.36,2.24,F,F,-4.48,,-1.6165333333333334,-0.7200000000000002
1.4,2.24,F,F,-4.48,,-1.6533333333333333,-0.7999999999999998
1.44,2.24,F,F,-4.48,,-1.6911999999999998,-0.8799999999999999
1.48,2.24,F,F,-4.48,,-1.7301333333333333,-0.96
1.52,2.24,F,F,-4.48,,-1.7701333333333333,-1.04
1.56,2.24,F,F,-4.48,,-1.8112,-1.12
1.6,2.24,F,F,-4.48,,-1.8533333333333335,-1.2000000000000002
1.64,2.24,F,F,-4.48,,-1.8965333333333332,-1.2799999999999998
1.68,2.24,F,F,-4.48,,-1.9407999999999999,-1.3599999999999999
1.72,2.24,F,F,-4.48,,-1.986133333333333,-1.44
1.76,2.24,F,F,-4.48,,-2.0325333333333333,-1.52
1.8,2.24,F,F,-4.48,,-2.08,-1.6
1.84,2.24,F,F,-4.48,,-2.1285333333333334,-1.6800000000000002
1.88,2.24,F,F,-4.48,,-2.1781333333333333,-1.7599999999999998
1.92,2.24,F,F,-4.48,,-2.2287999999999997,-1.8399999999999999
1.96,2.24,F,F,-4.48,,-2.2805333333333335,-1.92
2.0,2.24,F,F,-4.48,,-2.333333333333333,-2.0
2.04,2.24,F,F,-4.48,,-2.3872,-2.08
2.08,2.24,F,F,-4.48,,-2.4421333333333335,-2.16
2.12,2.24,F,F,-4.48,,-2.4981333333333335,-2.24
2.16,2.24,F,F,-4.48,,-2.5552,-2.3200000000000003
2.2,2.24,F,F,-4.48,,-2.6133333333333333,-2.4000000000000004
2.24,2.24,F,F,-4.48,,-2.672533333333334,-2.4800000000000004
2.28,2.24,F,F,-4.48,,-2.7328,-2.5599999999999996
2.32,2.24,F,F,-4.48,,-2.794133333333333,-2.6399999999999997
2.36,2.24,F,F,-4.48,,-2.856533333333333,-2.7199999999999998
2.4,2.24,F,F,-4.48,,-2.92,-2.8
2.44,2.24,F,F,-4.48,,-2.9845333333333333,-2.88
2.48,2.24,F,F,-4.48,,-3.0501333333333336,-2.96
2.52,2.24,F,F,-4.48,,-3.1168,-3.04
2.56,2.24,F,F,-4.48,,-3.1845333333333334,-3.12
2.6,2.24,F,F,-4.48,,-3.2533333333333334,-3.2
2.64,2.24,F,F,-4.48,,-3.3232000000000004,-3.2800000000000002
2.68,2.24,F,F,-4.48,,-3.394133333333334,-3.3600000000000003
2.72,2.24,F,F,-4.48,,-3.466133333333334,-3.4400000000000004
2.76,2.24,F,F,-4.48,,-3.5391999999999997,-3.5199999999999996
2.8,2.24,F,F,-4.48,,-3.613333333333333,-3.5999999999999996
2.84,2.24,F,F,-4.48,,-3.6885333333333334,-3.6799999999999997
2.88,2.24,F,F,-4.48,,-3.7647999999999997,-3.76
2.92,2.24,F,F,-4.48,,-3.842133333333333,-3.84
2.96,2.24,F,F,-4.48,,-3.920533333333333,-3.92
3.0,2.24,F,F,-4.48,,-4.0,-4.0
3.04,2.24,F,F,-4.48,,,-4.08
3.08,2.24,F,F,-4.48,,,-4.16
3.12,2.24,F,F,-4.48,,,-4.24
3.16,2.24,F,F,-4.48,,,-4.32
3.2,2.24,F,F,-4.48,,,-4.4
3.24,2.24,degenerate,F|FLP,-4.48,,,-4.48
3.28,2.24,FLP,FLP,-4.48,,,-4.56
3.32,2.24,FLP,FLP,-4.48,,,-4.64
3.36,2.24,FLP,FLP,-4.48,,,-4.72
3.4,2.24,FLP,FLP,-4.48,,,-4.8
3.44,2.24,FLP,FLP,-4.48,,,-4.88
3.48,2.24,FLP,FLP,-4.48,,,-4.96
3.52,2.24,FLP,FLP,-4.48,,,-5.04
3.56,2.24,FLP,FLP,-4.48,,,-5.12
3.6,2.24,FLP,FLP,-4.48,,,-5.2
3.64,2.24,FLP,FLP,-4.48,,,-5.28
3.68,2.24,FLP,FLP,-4.48,,,-5.36
3.72,2.24,FLP,FLP,-4.48,,,-5.44
3.76,2.24,FLP,FLP,-4.48,,,-5.52
3.8,2.24,FLP,FLP,-4.48,,,-5.6
3.84,2.24,FLP,FLP,-4.48,,,-5.68
3.88,2.24,FLP,FLP,-4.48,,,-5.76
3.92,2.24,FLP,FLP,-4.48,,,-5.84
3.96,2.24,FLP,FLP,-4.48,,,-5.92
4.0,2.24,FLP,FLP,-4.48,,,-6.0
0.0,2.275,F,F,-4.55,,-1.0,2.0
0.04,2.275,F,F,-4.55,,-1.0005333333333333,1.92
0.08,2.275,F,F,-4.55,,-1.0021333333333333,1.84
0.12,2.275,F,F,-4.55,,-1.0048,1.76
0.16,2.275,F,F,-4.55,,-1.0085333333333333,1.68
0.2,2.275,F,F,-4.55,,-1.0133333333333334,1.6
0.24,2.275,F,F,-4.55,,-1.0192,1.52
0.28,2.275,F,F,-4.55,,-1.0261333333333333,1.44
0.32,2.275,F,F,-4.55,,-1.0341333333333333,1.3599999999999999
0.36,2.275,F,F,-4.55,,-1.0432,1.28
0.4,2.275,F,F,-4.55,,-1.0533333333333332,1.2
0.44,2.275,F,F,-4.55,,-1.0645333333333333,1.12
0.48,2.275,F,F,-4.55,,-1.0768,1.04
0.52,2.275,F,F,-4.55,,-1.0901333333333334,0.96
0.56,2.275,F,F,-4.55,,-1.1045333333333334,0.8799999999999999
0.6,2.275,F,F,-4.55,,-1.12,0.8
0.64,2.275,F,F,-4.55,,-1.1365333333333334,0.72
0.68,2.275,F,F,-4.55,,-1.1541333333333335,0.6399999999999999
0.72,2.275,F,F,-4.55,,-1.1728,0.56
0.76,2.275,F,F,-4.55,,-1.1925333333333334,0.48
0.8,2.275,F,F,-4.55,,-1.2133333333333334,0.3999999999999999
0.84,2.275,F,F,-4.55,,-1.2351999999999999,0.32000000000000006
0.88,2.275,F,F,-4.55,,-1.2581333333333333,0.24
0.92,2.275,F,F,-4.55,,-1.2821333333333333,0.15999999999999992
0.96,2.275,F,F,-4.55,,-1.3072,0.08000000000000007
1.0,2.275,F,F,-4.55,,-1.3333333333333333,0.0
1.04,2.275,F,F,-4.55,,-1.3605333333333334,-0.08000000000000007
1.08,2.275,F,F,-4.55,,-1.3888,-0.16000000000000014
1.12,2.275,F,F,-4.55,,-1.4181333333333335,-0.2400000000000002
1.16,2.275,F,F,-4.55,,-1.4485333333333332,-0.31999999999999984
1.2,2.275,F,F,-4.55,,-1.48,-0.3999999999999999
1.24,2.275,F,F,-4.55,,-1.5125333333333333,-0.48
1.28,2.275,F,F,-4.55,,-1.5461333333333334,-0.56
1.32,2.275,F,F,-4.55,,-1.5808,-0.6400000000000001
1.36,2.275,F,F,-4.55,,-1.6165333333333334,-0.7200000000000002
1.4,2.275,F,F,-4.55,,-1.6533333333333333,-0.7999999999999998
1.44,2.275,F,F,-4.55,,-1.6911999999999998,-0.8799999999999999
1.48,2.275,F,F,-4.55,,-1.7301333333333333,-0.96
1.52,2.275,F,F,-4.55,,-1.7701333333333333,-1.04
1.56,2.275,F,F,-4.55,,-1.8112,-1.12
1.6,2.275,F,F,-4.55,,-1.8533333333333335,-1.2000000000000002
1.64,2.275,F,F,-4.55,,-1.8965333333333332,-1.2799999999999998
1.68,2.275,F,F,-4.55,,-1.9407999999999999,-1.3599999999999999
1.72,2.275,F,F,-4.55,,-1.986133333333333,-1.44
1.76,2.275,F,F,-4.55,,-2.0325333333333333,-1.52
1.8,2.275,F,F,-4.55,,-2.08,-1.6
1.84,2.275,F,F,-4.55,,-2.1285333333333334,-1.6800000000000002
1.88,2.275,F,F,-4.55,,-2.1781333333333333,-1.7599999999999998
1.92,2.275,F,F,-4.55,,-2.2287999999999997,-1.8399999999999999
1.96,2.275,F,F,-4.55,,-2.2805333333333335,-1.92
2.0,2.275,F,F,-4.55,,-2.333333333333333,-2.0
2.04,2.275,F,F,-4.55,,-2.3872,-2.08
2.08,2.275,F,F,-4.55,,-2.4421333333333335,-2.16
2.12,2.275,F,F,-4.55,,-2.4981333333333335,-2.24
2.16,2.275,F,F,-4.55,,-2.5552,-2.3200000000000003
2.2,2.275,F,F,-4.55,,-2.6133333333333333,-2.4000000000000004
2.24,2.275,F,F,-4.55,,-2.672533333333334,-2.4800000000000004
2.28,2.275,F,F,-4.55,,-2.7328,-2.5599999999999996
2.32,2.275,F,F,-4.55,,-2.794133333333333,-2.6399999999999997
2.36,2.275,F,F,-4.55,,-2.856533333333333,-2.7199999999999998
2.4,2.275,F,F,-4.55,,-2.92,-2.8
2.44,2.275,F,F,-4.55,,-2.9845333333333333,-2.88
2.48,2.275,F,F,-4.55,,-3.0501333333333336,-2.96
2.52,2.275,F,F,-4.55,,-3.1168,-3.04
2.56,2.275,F,F,-4.55,,-3.1845333333333334,-3.12
2.6,2.275,F,F,-4.55,,-3.2533333333333334,-3.2
2.64,2.275,F,F,-4.55,,-3.3232000000000004,-3.2800000000000002
2.68,2.275,F,F,-4.55,,-3.394133333333334,-3.3600000000000003
2.72,2.275,F,F,-4.55,,-3.466133333333334,-3.4400000000000004
2.76,2.275,F,F,-4.55,,-3.5391999999999997,-3.5199999999999996
2.8,2.275,F,F,-4.55,,-3.613333333333333,-3.5999999999999996
2.84,2.275,F,F,-4.55,,-3.6885333333333334,-3.6799999999999997
2.88,2.275,F,F,-4.55,,-3.7647999999999997,-3.76
2.92,2.275,F,F,-4.55,,-3.842133333333333,-3.84
2.96,2.275,F,F,-4.55,,-3.920533333333333,-3.92
3.0,2.275,F,F,-4.55,,-4.0,-4.0
3.04,2.275,F,F,-4.55,,,-4.08
3.08,2.275,F,F,-4.55,,,-4.16
3.12,2.275,F,F,-4.55,,,-4.24
3.16,2.275,F,F,-4.55,,,-4.32
3.2,2.275,F,F,-4.55,,,-4.4
3.24,2.275,F,F,-4.55,,,-4.48
3.28,2.275,FLP,FLP,-4.55,,,-4.56
3.32,2.275,FLP,FLP,-4.55,,,-4.64
3.36,2.275,FLP,FLP,-4.55,,,-4.72
3.4,2.275,FLP,FLP,-4.55,,,-4.8
3.44,2.275,FLP,FLP,-4.55,,,-4.88
3.48,2.275,FLP,FLP,-4.55,,,-4.96
3.52,2.275,FLP,FLP,-4.55,,,-5.04
3.56,2.275,FLP,FLP,-4.55,,,-5.12
3.6,2.275,FLP,FLP,-4.55,,,-5.2
3.64,2.275,FLP,FLP,-4.55,,,-5.28
3.68,2.275,FLP,FLP,-4.55,,,-5.36
3.72,2.275,FLP,FLP,-4.55,,,-5.44
3.76,2.275,FLP,FLP,-4.55,,,-5.52
3.8,2.275,FLP,FLP,-4.55,,,-5.6
3.84,2.275,FLP,FLP,-4.55,,,-5.68
3.88,2.275,FLP,FLP,-4.55,,,-5.76
3.92,2.275,FLP,FLP,-4.55,,,-5.84
3.96,2.275,FLP,FLP,-4.55,,,-5.92
4.0,2.275,FLP,FLP,-4.55,,,-6.0
0.0,2.31,F,F,-4.62,,-1.0,2.0
0.04,2.31,F,F,-4.62,,-1.0005333333333333,1.92
0.08,2.31,F,F,-4.62,,-1.0021333333333333,1.84
0.12,2.31,F,F,-4.62,,-1.0048,1.76
0.16,2.31,F,F,-4.62,,-1.0085333333333333,1.68
0.2,2.31,F,F,-4.62,,-1.0133333333333334,1.6
0.24,2.31,F,F,-4.62,,-1.0192,1.52
0.28,2.31,F,F,-4.62,,-1.0261333333333333,1.44
0.32,2.31,F,F,-4.62,,-1.0341333333333333,1.3599999999999999
0.36,2.31,F,F,-4.62,,-1.0432,1.28
0.4,2.31,F,F,-4.62,,-1.0533333333333332,1.2
0.44,2.31,F,F,-4.62,,-1.0645333333333333,1.12
0.48,2.31,F,F,-4.62,,-1.0768,1.04
0.52,2.31,F,F,-4.62,,-1.0901333333333334,0.96
0.56,2.31,F,F,-4.62,,-1.1045333333333334,0.8799999999999999
0.6,2.31,F,F,-4.62,,-1.12,0.8
0.64,2.31,F,F,-4.62,,-1.1365333333333334,0.72
0.68,2.31,F,F,-4.62,,-1.1541333333333335,0.6399999999999999
0.72,2.31,F,F,-4.62,,-1.1728,0.56
0.76,2.31,F,F,-4.62,,-1.1925333333333334,0.48
0.8,2.31,F,F,-4.62,,-1.2133333333333334,0.3999999999999999
0.84,2.31,F,F,-4.62,,-1.2351999999999999,0.32000000000000006
0.88,2.31,F,F,-4.62,,-1.2581333333333333,0.24
0.92,2.31,F,F,-4.62,,-1.2821333333333333,0.15999999999999992
0.96,2.31,F,F,-4.62,,-1.3072,0.08000000000000007
1.0,2.31,F,F,-4.62,,-1.3333333333333333,0.0
1.04,2.31,F,F,-4.62,,-1.3605333333333334,-0.08000000000000007
1.08,2.31,F,F,-4.62,,-1.3888,-0.16000000000000014
1.12,2.31,F,F,-4.62,,-1.4181333333333335,-0.2400000000000002
1.16,2.31,F,F,-4.62,,-1.4485333333333332,-0.31999999999999984
1.2,2.31,F,F,-4.62,,-1.48,-0.3999999999999999
1.24,2.31,F,F,-4.62,,-1.5125333333333333,-0.48
1.28,2.31,F,F,-4.62,,-1.5461333333333334,-0.56
1.32,2.31,F,F,-4.62,,-1.5808,-0.6400000000000001
1.36,2.31,F,F,-4.62,,-1.6165333333333334,-0.7200000000000002
1.4,2.31,F,F,-4.62,,-1.6533333333333333,-0.7999999999999998
1.44,2.31,F,F,-4.62,,-1.6911999999999998,-0.8799999999999999
1.48,2.31,F,F,-4.62,,-1.7301333333333333,-0.96
1.52,2.31,F,F,-4.62,,-1.7701333333333333,-1.04
1.56,2.31,F,F,-4.62,,-1.8112,-1.12
1.6,2.31,F,F,-4.62,,-1.8533333333333335,-1.2000000000000002
1.64,2.31,F,F,-4.62,,-1.8965333333333332,-1.2799999999999998
1.68,2.31,F,F,-4.62,,-1.9407999999999999,-1.3599999999999999
1.72,2.31,F,F,-4.62,,-1.986133333333333,-1.44
1.76,2.31,F,F,-4.62,,-2.0325333333333333,-1.52
1.8,2.31,F,F,-4.62,,-2.08,-1.6
1.84,2.31,F,F,-4.62,,-2.1285333333333334,-1.6800000000000002
1.88,2.31,F,F,-4.62,,-2.1781333333333333,-1.7599999999999998
1.92,2.31,F,F,-4.62,,-2.2287999999999997,-1.8399999999999999
1.96,2.31,F,F,-4.62,,-2.2805333333333335,-1.92
2.0,2.31,F,F,-4.62,,-2.333333333333333,-2.0
2.04,2.31,F,F,-4.62,,-2.3872,-2.08
2.08,2.31,F,F,-4.62,,-2.4421333333333335,-2.16
2.12,2.31,F,F,-4.62,,-2.4981333333333335,-2.24
2.16,2.31,F,F,-4.62,,-2.5552,-2.3200000000000003
2.2,2.31,F,F,-4.62,,-2.6133333333333333,-2.4000000000000004
2.24,2.31,F,F,-4.62,,-2.672533333333334,-2.4800000000000004
2.28,2.31,F,F,-4.62,,-2.7328,-2.5599999999999996
2.32,2.31,F,F,-4.62,,-2.794133333333333,-2.6399999999999997
2.36,2.31,F,F,-4.62,,-2.856533333333333,-2.7199999999999998
2.4,2.31,F,F,-4.62,,-2.92,-2.8
2.44,2.31,F,F,-4.62,,-2.9845333333333333,-2.88
2.48,2.31,F,F,-4.62,,-3.0501333333333336,-2.96
2.52,2.31,F,F,-4.62,,-3.1168,-3.04
2.56,2.31,F,F,-4.62,,-3.1845333333333334,-3.12
2.6,2.31,F,F,-4.62,,-3.2533333333333334,-3.2
2.64,2.31,F,F,-4.62,,-3.3232000000000004,-3.2800000000000002
2.68,2.31,F,F,-4.62,,-3.394133333333334,-3.3600000000000003
2.72,2.31,F,F,-4.62,,-3.466133333333334,-3.4400000000000004
2.76,2.31,F,F,-4.62,,-3.5391999999999997,-3.5199999999999996
2.8,2.31,F,F,-4.62,,-3.613333333333333,-3.5999999999999996
2.84,2.31,F,F,-4.62,,-3.6885333333333334,-3.6799999999999997
2.88,2.31,F,F,-4.62,,-3.7647999999999997,-3.76
2.92,2.31,F,F,-4.62,,-3.842133333333333,-3.84
2.96,2.31,F,F,-4.62,,-3.920533333333333,-3.92
3.0,2.31,F,F,-4.62,,-4.0,-4.0
3.04,2.31,F,F,-4.62,,,-4.08
3.08,2.31,F,F,-4.62,,,-4.16
3.12,2.31,F,F,-4.62,,,-4.24
3.16,2.31,F,F,-4.62,,,-4.32
3.2,2.31,F,F,-4.62,,,-4.4
3.24,2.31,F,F,-4.62,,,-4.48
3.28,2.31,F,F,-4.62,,,-4.56
3.32,2.31,FLP,FLP,-4.62,,,-4.64
3.36,2.31,FLP,FLP,-4.62,,,-4.72
3.4,2.31,FLP,FLP,-4.62,,,-4.8
3.44,2.31,FLP,FLP,-4.62,,,-4.88
3.48,2.31,FLP,FLP,-4.62,,,-4.96
3.52,2.31,FLP,FLP,-4.62,,,-5.04
3.56,2.31,FLP,FLP,-4.62,,,-5.12
3.6,2.31,FLP,FLP,-4.62,,,-5.2
3.64,2.31,FLP,FLP,-4.62,,,-5.28
3.68,2.31,FLP,FLP,-4.62,,,-5.36
3.72,2.31,FLP,FLP,-4.62,,,-5.44
3.76,2.31,FLP,FLP,-4.62,,,-5.52
3.8,2.31,FLP,FLP,-4.62,,,-5.6
3.84,2.31,FLP,FLP,-4.62,,,-5.68
3.88,2.31,FLP,FLP,-4.62,,,-5.76
3.92,2.31,FLP,FLP,-4.62,,,-5.84
3.96,2.31,FLP,FLP,-4.62,,,-5.92
4.0,2.31,FLP,FLP,-4.62,,,-6.0
0.0,2.345,F,F,-4.69,,-1.0,2.0
0.04,2.345,F,F,-4.69,,-1.0005333333333333,1.92
0.08,2.345,F,F,-4.69,,-1.0021333333333333,1.84
0.12,2.345,F,F,-4.69,,-1.0048,1.76
0.16,2.345,F,F,-4.69,,-1.0085333333333333,1.68
0.2,2.345,F,F,-4.69,,-1.0133333333333334,1.6
0.24,2.345,F,F,-4.69,,-1.0192,1.52
0.28,2.345,F,F,-4.69,,-1.0261333333333333,1.44
0.32,2.345,F,F,-4.69,,-1.0341333333333333,1.3599999999999999
0.36,2.345,F,F,-4.69,,-1.0432,1.28
0.4,2.345,F,F,-4.69,,-1.0533333333333332,1.2
0.44,2.345,F,F,-4.69,,-1.0645333333333333,1.12
0.48,2.345,F,F,-4.69,,-1.0768,1.04
0.52,2.345,F,F,-4.69,,-1.0901333333333334,0.96
0.56,2.345,F,F,-4.69,,-1.1045333333333334,0.8799999999999999
0.6,2.345,F,F,-4.69,,-1.12,0.8
0.64,2.345,F,F,-4.69,,-1.1365333333333334,0.72
0.68,2.345,F,F,-4.69,,-1.1541333333333335,0.6399999999999999
0.72,2.345,F,F,-4.69,,-1.1728,0.56
0.76,2.345,F,F,-4.69,,-1.1925333333333334,0.48
0.8,2.345,F,F,-4.69,,-1.2133333333333334,0.3999999999999999
0.84,2.345,F,F,-4.69,,-1.2351999999999999,0.32000000000000006
0.88,2.345,F,F,-4.69,,-1.2581333333333333,0.24
0.92,2.345,F,F,-4.69,,-1.2821333333333333,0.15999999999999992
0.96,2.345,F,F,-4.69,,-1.3072,0.08000000000000007
1.0,2.345,F,F,-4.69,,-1.3333333333333333,0.0
1.04,2.345,F,F,-4.69,,-1.3605333333333334,-0.08000000000000007
1.08,2.345,F,F,-4.69,,-1.3888,-0.16000000000000014
1.12,2.345,F,F,-4.69,,-1.4181333333333335,-0.2400000000000002
1.16,2.345,F,F,-4.69,,-1.4485333333333332,-0.31999999999999984
1.2,2.345,F,F,-4.69,,-1.48,-0.3999999999999999
1.24,2.345,F,F,-4.69,,-1.5125333333333333,-0.48
1.28,2.345,F,F,-4.69,,-1.5461333333333334,-0.56
1.32,2.345,F,F,-4.69,,-1.5808,-0.6400000000000001
1.36,2.345,F,F,-4.69,,-1.6165333333333334,-0.7200000000000002
1.4,2.345,F,F,-4.69,,-1.6533333333333333,-0.7999999999999998
1.44,2.345,F,F,-4.69,,-1.6911999999999998,-0.8799999999999999
1.48,2.345,F,F,-4.69,,-1.7301333333333333,-0.96
1.52,2.345,F,F,-4.69,,-1.7701333333333333,-1.04
1.56,2.345,F,F,-4.69,,-1.8112,-1.12
1.6,2.345,F,F,-4.69,,-1.8533333333333335,-1.2000000000000002
1.64,2.345,F,F,-4.69,,-1.8965333333333332,-1.2799999999999998
1.68,2.345,F,F,-4.69,,-1.9407999999999999,-1.3599999999999999
1.72,2.345,F,F,-4.69,,-1.986133333333333,-1.44
1.76,2.345,F,F,-4.69,,-2.0325333333333333,-1.52
1.8,2.345,F,F,-4.69,,-2.08,-1.6
1.84,2.345,F,F,-4.69,,-2.1285333333333334,-1.6800000000000002
1.88,2.345,F,F,-4.69,,-2.1781333333333333,-1.7599999999999998
1.92,2.345,F,F,-4.69,,-2.2287999999999997,-1.8399999999999999
1.96,2.345,F,F,-4.69,,-2.2805333333333335,-1.92
2.0,2.345,F,F,-4.69,,-2.333333333333333,-2.0
2.04,2.345,F,F,-4.69,,-2.3872,-2.08
2.08,2.345,F,F,-4.69,,-2.4421333333333335,-2.16
2.12,2.345,F,F,-4.69,,-2.4981333333333335,-2.24
2.16,2.345,F,F,-4.69,,-2.5552,-2.3200000000000003
2.2,2.345,F,F,-4.69,,-2.6133333333333333,-2.4000000000000004
2.24,2.345,F,F,-4.69,,-2.672533333333334,-2.4800000000000004
2.28,2.345,F,F,-4.69,,-2.7328,-2.5599999999999996
2.32,2.345,F,F,-4.69,,-2.794133333333333,-2.6399999999999997
2.36,2.345,F,F,-4.69,,-2.856533333333333,-2.7199999999999998
2.4,2.345,F,F,-4.69,,-2.92,-2.8
2.44,2.345,F,F,-4.69,,-2.9845333333333333,-2.88
2.48,2.345,F,F,-4.69,,-3.0501333333333336,-2.96
2.52,2.345,F,F,-4.69,,-3.1168,-3.04
2.56,2.345,F,F,-4.69,,-3.1845333333333334,-3.12
2.6,2.345,F,F,-4.69,,-3.2533333333333334,-3.2
2.64,2.345,F,F,-4.69,,-3.3232000000000004,-3.2800000000000002
2.68,2.345,F,F,-4.69,,-3.394133333333334,-3.3600000000000003
2.72,2.345,F,F,-4.69,,-3.466133333333334,-3.4400000000000004
2.76,2.345,F,F,-4.69,,-3.5391999999999997,-3.5199999999999996
2.8,2.345,F,F,-4.69,,-3.613333333333333,-3.5999999999999996
2.84,2.345,F,F,-4.69,,-3.6885333333333334,-3.6799999999999997
2.88,2.345,F,F,-4.69,,-3.7647999999999997,-3.76
2.92,2.345,F,F,-4.69,,-3.842133333333333,-3.84
2.96,2.345,F,F,-4.69,,-3.920533333333333,-3.92
3.0,2.345,F,F,-4.69,,-4.0,-4.0
3.04,2.345,F,F,-4.69,,,-4.08
3.08,2.345,F,F,-4.69,,,-4.16
3.12,2.345,F,F,-4.69,,,-4.24
3.16,2.345,F,F,-4.69,,,-4.32
3.2,2.345,F,F,-4.69,,,-4.4
3.24,2.345,F,F,-4.69,,,-4.48
3.28,2.345,F,F,-4.69,,,-4.56
3.32,2.345,F,F,-4.69,,,-4.64
3.36,2.345,FLP,FLP,-4.69,,,-4.72
3.4,2.345,FLP,FLP,-4.69,,,-4.8
3.44,2.345,FLP,FLP,-4.69,,,-4.88
3.48,2.345,FLP,FLP,-4.69,,,-4.96
3.52,2.345,FLP,FLP,-4.69,,,-5.04
3.56,2.345,FLP,FLP,-4.69,,,-5.12
3.6,2.345,FLP,FLP,-4.69,,,-5.2
3.64,2.345,FLP,FLP,-4.69,,,-5.28
3.68,2.345,FLP,FLP,-4.69,,,-5.36
3.72,2.345,FLP,FLP,-4.69,,,-5.44
3.76,2.345,FLP,FLP,-4.69,,,-5.52
3.8,2.345,FLP,FLP,-4.69,,,-5.6
3.84,2.345,FLP,FLP,-4.69,,,-5.68
3.88,2.345,FLP,FLP,-4.69,,,-5.76
3.92,2.345,FLP,FLP,-4.69,,,-5.84
3.96,2.345,FLP,FLP,-4.69,,,-5.92
4.0,2.345,FLP,FLP,-4.69,,,-6.0
0.0,2.38,F,F,-4.76,,-1.0,2.0
0.04,2.38,F,F,-4.76,,-1.0005333333333333,1.92
0.08,2.38,F,F,-4.76,,-1.0021333333333333,1.84
0.12,2.38,F,F,-4.76,,-1.0048,1.76
0.16,2.38,F,F,-4.76,,-1.0085333333333333,1.68
0.2,2.38,F,F,-4.76,,-1.0133333333333334,1.6
0.24,2.38,F,F,-4.76,,-1.0192,1.52
0.28,2.38,F,F,-4.76,,-1.0261333333333333,1.44
0.32,2.38,F,F,-4.76,,-1.0341333333333333,1.3599999999999999
0.36,2.38,F,F,-4.76,,-1.0432,1.28
0.4,2.38,F,F,-4.76,,-1.0533333333333332,1.2
0.44,2.38,F,F,-4.76,,-1.0645333333333333,1.12
0.48,2.38,F,F,-4.76,,-1.0768,1.04
0.52,2.38,F,F,-4.76,,-1.0901333333333334,0.96
0.56,2.38,F,F,-4.76,,-1.1045333333333334,0.8799999999999999
0.6,2.38,F,F,-4.76,,-1.12,0.8
0.64,2.38,F,F,-4.76,,-1.1365333333333334,0.72
0.68,2.38,F,F,-4.76,,-1.1541333333333335,0.6399999999999999
0.72,2.38,F,F,-4.76,,-1.1728,0.56
0.76,2.38,F,F,-4.76,,-1.1925333333333334,0.48
0.8,2.38,F,F,-4.76,,-1.2133333333333334,0.3999999999999999
0.84,2.38,F,F,-4.76,,-1.2351999999999999,0.32000000000000006
0.88,2.38,F,F,-4.76,,-1.2581333333333333,0.24
0.92,2.38,F,F,-4.76,,-1.2821333333333333,0.15999999999999992
0.96,2.38,F,F,-4.76,,-1.3072,0.08000000000000007
1.0,2.38,F,F,-4.76,,-1.3333333333333333,0.0
1.04,2.38,F,F,-4.76,,-1.3605333333333334,-0.08000000000000007
1.08,2.38,F,F,-4.76,,-1.3888,-0.16000000000000014
1.12,2.38,F,F,-4.76,,-1.4181333333333335,-0.2400000000000002
1.16,2.38,F,F,-4.76,,-1.4485333333333332,-0.31999999999999984
1.2,2.38,F,F,-4.76,,-1.48,-0.3999999999999999
1.24,2.38,F,F,-4.76,,-1.5125333333333333,-0.48
1.28,2.38,F,F,-4.76,,-1.5461333333333334,-0.56
1.32,2.38,F,F,-4.76,,-1.5808,-0.6400000000000001
1.36,2.38,F,F,-4.76,,-1.6165333333333334,-0.7200000000000002
1.4,2.38,F,F,-4.76,,-1.6533333333333333,-0.7999999999999998
1.44,2.38,F,F,-4.76,,-1.6911999999999998,-0.8799999999999999
1.48,2.38,F,F,-4.76,,-1.7301333333333333,-0.96
1.52,2.38,F,F,-4.76,,-1.7701333333333333,-1.04
1.56,2.38,F,F,-4.76,,-1.8112,-1.12
1.6,2.38,F,F,-4.76,,-1.8533333333333335,-1.2000000000000002
1.64,2.38,F,F,-4.76,,-1.8965333333333332,-1.2799999999999998
1.68,2.38,F,F,-4.76,,-1.9407999999999999,-1.3599999999999999
1.72,2.38,F,F,-4.76,,-1.986133333333333,-1.44
1.76,2.38,F,F,-4.76,,-2.0325333333333333,-1.52
1.8,2.38,F,F,-4.76,,-2.08,-1.6
1.84,2.38,F,F,-4.76,,-2.1285333333333334,-1.6800000000000002
1.88,2.38,F,F,-4.76,,-2.1781333333333333,-1.7599999999999998
1.92,2.38,F,F,-4.76,,-2.2287999999999997,-1.8399999999999999
1.96,2.38,F,F,-4.76,,-2.2805333333333335,-1.92
2.0,2.38,F,F,-4.76,,-2.333333333333333,-2.0
2.04,2.38,F,F,-4.76,,-2.3872,-2.08
2.08,2.38,F,F,-4.76,,-2.4421333333333335,-2.16
2.12,2.38,F,F,-4.76,,-2.4981333333333335,-2.24
2.16,2.38,F,F,-4.76,,-2.5552,-2.3200000000000003
2.2,2.38,F,F,-4.76,,-2.6133333333333333,-2.4000000000000004
2.24,2.38,F,F,-4.76,,-2.672533333333334,-2.4800000000000004
2.28,2.38,F,F,-4.76,,-2.7328,-2.5599999999999996
2.32,2.38,F,F,-4.76,,-2.794133333333333,-2.6399999999999997
2.36,2.38,F,F,-4.76,,-2.856533333333333,-2.7199999999999998
2.4,2.38,F,F,-4.76,,-2.92,-2.8
2.44,2.38,F,F,-4.76,,-2.9845333333333333,-2.88
2.48,2.38,F,F,-4.76,,-3.0501333333333336,-2.96
2.52,2.38,F,F,-4.76,,-3.1168,-3.04
2.56,2.38,F,F,-4.76,,-3.1845333333333334,-3.12
2.6,2.38,F,F,-4.76,,-3.2533333333333334,-3.2
2.64,2.38,F,F,-4.76,,-3.3232000000000004,-3.2800000000000002
2.68,2.38,F,F,-4.76,,-3.394133333333334,-3.3600000000000003
2.72,2.38,F,F,-4.76,,-3.466133333333334,-3.4400000000000004
2.76,2.38,F,F,-4.76,,-3.5391999999999997,-3.5199999999999996
2.8,2.38,F,F,-4.76,,-3.613333333333333,-3.5999999999999996
2.84,2.38,F,F,-4.76,,-3.6885333333333334,-3.6799999999999997
2.88,2.38,F,F,-4.76,,-3.7647999999999997,-3.76
2.92,2.38,F,F,-4.76,,-3.842133333333333,-3.84
2.96,2.38,F,F,-4.76,,-3.920533333333333,-3.92
3.0,2.38,F,F,-4.76,,-4.0,-4.0
3.04,2.38,F,F,-4.76,,,-4.08
3.08,2.38,F,F,-4.76,,,-4.16
3.12,2.38,F,F,-4.76,,,-4.24
3.16,2.38,F,F,-4.76,,,-4.32
3.2,2.38,F,F,-4.76,,,-4.4
3.24,2.38,F,F,-4.76,,,-4.48
3.28,2.38,F,F,-4.76,,,-4.56
3.32,2.38,F,F,-4.76,,,-4.64
3.36,2.38,F,F,-4.76,,,-4.72
3.4,2.38,FLP,FLP,-4.76,,,-4.8
3.44,2.38,FLP,FLP,-4.76,,,-4.88
3.48,2.38,FLP,FLP,-4.76,,,-4.96
3.52,2.38,FLP,FLP,-4.76,,,-5.04
3.56,2.38,FLP,FLP,-4.76,,,-5.12
3.6,2.38,FLP,FLP,-4.76,,,-5.2
3.64,2.38,FLP,FLP,-4.76,,,-5.28
3.68,2.38,FLP,FLP,-4.76,,,-5.36
3.72,2.38,FLP,FLP,-4.76,,,-5.44
3.76,2.38,FLP,FLP,-4.76,,,-5.52
3.8,2.38,FLP,FLP,-4.76,,,-5.6
3.84,2.38,FLP,FLP,-4.76,,,-5.68
3.88,2.38,FLP,FLP,-4.76,,,-5.76
3.92,2.38,FLP,FLP,-4.76,,,-5.84
3.96,2.38,FLP,FLP,-4.76,,,-5.92
4.0,2.38,FLP,FLP,-4.76,,,-6.0
0.0,2.415,F,F,-4.83,,-1.0,2.0
0.04,2.415,F,F,-4.83,,-1.0005333333333333,1.92
0.08,2.415,F,F,-4.83,,-1.0021333333333333,1.84
0.12,2.415,F,F,-4.83,,-1.0048,1.76
0.16,2.415,F,F,-4.83,,-1.0085333333333333,1.68
0.2,2.415,F,F,-4.83,,-1.0133333333333334,1.6
0.24,2.415,F,F,-4.83,,-1.0192,1.52
0.28,2.415,F,F,-4.83,,-1.0261333333333333,1.44
0.32,2.415,F,F,-4.83,,-1.0341333333333333,1.3599999999999999
0.36,2.415,F,F,-4.83,,-1.0432,1.28
0.4,2.415,F,F,-4.83,,-1.0533333333333332,1.2
0.44,2.415,F,F,-4.83,,-1.0645333333333333,1.12
0.48,2.415,F,F,-4.83,,-1.0768,1.04
0.52,2.415,F,F,-4.83,,-1.0901333333333334,0.96
0.56,2.415,F,F,-4.83,,-1.1045333333333334,0.8799999999999999
0.6,2.415,F,F,-4.83,,-1.12,0.8
0.64,2.415,F,F,-4.83,,-1.1365333333333334,0.72
0.68,2.415,F,F,-4.83,,-1.1541333333333335,0.6399999999999999
0.72,2.415,F,F,-4.83,,-1.1728,0.56
0.76,2.415,F,F,-4.83,,-1.1925333333333334,0.48
0.8,2.415,F,F,-4.83,,-1.2133333333333334,0.3999999999999999
0.84,2.415,F,F,-4.83,,-1.2351999999999999,0.32000000000000006
0.88,2.415,F,F,-4.83,,-1.2581333333333333,0.24
0.92,2.415,F,F,-4.83,,-1.2821333333333333,0.15999999999999992
0.96,2.415,F,F,-4.83,,-1.3072,0.08000000000000007
1.0,2.415,F,F,-4.83,,-1.3333333333333333,0.0
1.04,2.415,F,F,-4.83,,-1.3605333333333334,-0.08000000000000007
1.08,2.415,F,F,-4.83,,-1.3888,-0.16000000000000014
1.12,2.415,F,F,-4.83,,-1.4181333333333335,-0.2400000000000002
1.16,2.415,F,F,-4.83,,-1.4485333333333332,-0.31999999999999984
1.2,2.415,F,F,-4.83,,-1.48,-0.3999999999999999
1.24,2.415,F,F,-4.83,,-1.5125333333333333,-0.48
1.28,2.415,F,F,-4.83,,-1.5461333333333334,-0.56
1.32,2.415,F,F,-4.83,,-1.5808,-0.6400000000000001
1.36,2.415,F,F,-4.83,,-1.6165333333333334,-0.7200000000000002
1.4,2.415,F,F,-4.83,,-1.6533333333333333,-0.7999999999999998
1.44,2.415,F,F,-4.83,,-1.6911999999999998,-0.8799999999999999
1.48,2.415,F,F,-4.83,,-1.7301333333333333,-0.96
1.52,2.415,F,F,-4.83,,-1.7701333333333333,-1.04
1.56,2.415,F,F,-4.83,,-1.8112,-1.12
1.6,2.415,F,F,-4.83,,-1.8533333333333335,-1.2000000000000002
1.64,2.415,F,F,-4.83,,-1.8965333333333332,-1.2799999999999998
1.68,2.415,F,F,-4.83,,-1.9407999999999999,-1.3599999999999999
1.72,2.415,F,F,-4.83,,-1.986133333333333,-1.44
1.76,2.415,F,F,-4.83,,-2.0325333333333333,-1.52
1.8,2.415,F,F,-4.83,,-2.08,-1.6
1.84,2.415,F,F,-4.83,,-2.1285333333333334,-1.6800000000000002
1.88,2.415,F,F,-4.83,,-2.1781333333333333,-1.7599999999999998
1.92,2.415,F,F,-4.83,,-2.2287999999999997,-1.8399999999999999
1.96,2.415,F,F,-4.83,,-2.2805333333333335,-1.92
2.0,2.415,F,F,-4.83,,-2.333333333333333,-2.0
2.04,2.415,F,F,-4.83,,-2.3872,-2.08
2.08,2.415,F,F,-4.83,,-2.4421333333333335,-2.16
2.12,2.415,F,F,-4.83,,-2.4981333333333335,-2.24
2.16,2.415,F,F,-4.83,,-2.5552,-2.3200000000000003
2.2,2.415,F,F,-4.83,,-2.6133333333333333,-2.4000000000000004
2.24,2.415,F,F,-4.83,,-2.672533333333334,-2.4800000000000004
2.28,2.415,F,F,-4.83,,-2.7328,-2.5599999999999996
2.32,2.415,F,F,-4.83,,-2.794133333333333,-2.6399999999999997
2.36,2.415,F,F,-4.83,,-2.856533333333333,-2.7199999999999998
2.4,2.415,F,F,-4.83,,-2.92,-2.8
2.44,2.415,F,F,-4.83,,-2.9845333333333333,-2.88
2.48,2.415,F,F,-4.83,,-3.0501333333333336,-2.96
2.52,2.415,F,F,-4.83,,-3.1168,-3.04
2.56,2.415,F,F,-4.83,,-3.1845333333333334,-3.12
2.6,2.415,F,F,-4.83,,-3.2533333333333334,-3.2
2.64,2.415,F,F,-4.83,,-3.3232000000000004,-3.2800000000000002
2.68,2.415,F,F,-4.83,,-3.394133333333334,-3.3600000000000003
2.72,2.415,F,F,-4.83,,-3.466133333333334,-3.4400000000000004
2.76,2.415,F,F,-4.83,,-3.5391999999999997,-3.5199999999999996
2.8,2.415,F,F,-4.83,,-3.613333333333333,-3.5999999999999996
2.84,2.415,F,F,-4.83,,-3.6885333333333334,-3.6799999999999997
2.88,2.415,F,F,-4.83,,-3.7647999999999997,-3.76
2.92,2.415,F,F,-4.83,,-3.842133333333333,-3.84
2.96,2.415,F,F,-4.83,,-3.920533333333333,-3.92
3.0,2.415,F,F,-4.83,,-4.0,-4.0
3.04,2.415,F,F,-4.83,,,-4.08
3.08,2.415,F,F,-4.83,,,-4.16
3.12,2.415,F,F,-4.83,,,-4.24
3.16,2.415,F,F,-4.83,,,-4.32
3.2,2.415,F,F,-4.83,,,-4.4
3.24,2.415,F,F,-4.83,,,-4.48
3.28,2.415,F,F,-4.83,,,-4.56
3.32,2.415,F,F,-4.83,,,-4.64
3.36,2.415,F,F,-4.83,,,-4.72
3.4,2.415,F,F,-4.83,,,-4.8
3.44,2.415,FLP,FLP,-4.83,,,-4.88
3.48,2.415,FLP,FLP,-4.83,,,-4.96
3.52,2.415,FLP,FLP,-4.83,,,-5.04
3.56,2.415,FLP,FLP,-4.83,,,-5.12
3.6,2.415,FLP,FLP,-4.83,,,-5.2
3.64,2.415,FLP,FLP,-4.83,,,-5.28
3.68,2.415,FLP,FLP,-4.83,,,-5.36
3.72,2.415,FLP,FLP,-4.83,,,-5.44
3.76,2.415,FLP,FLP,-4.83,,,-5.52
3.8,2.415,FLP,FLP,-4.83,,,-5.6
3.84,2.415,FLP,FLP,-4.83,,,-5.68
3.88,2.415,FLP,FLP,-4.83,,,-5.76
3.92,2.415,FLP,FLP,-4.83,,,-5.84
3.96,2.415,FLP,FLP,-4.83,,,-5.92
4.0,2.415,FLP,FLP,-4.83,,,-6.0
0.0,2.45,F,F,-4.9,,-1.0,2.0
0.04,2.45,F,F,-4.9,,-1.0005333333333333,1.92
0.08,2.45,F,F,-4.9,,-1.0021333333333333,1.84
0.12,2.45,F,F,-4.9,,-1.0048,1.76
0.16,2.45,F,F,-4.9,,-1.0085333333333333,1.68
0.2,2.45,F,F,-4.9,,-1.0133333333333334,1.6
0.24,2.45,F,F,-4.9,,-1.0192,1.52
0.28,2.45,F,F,-4.9,,-1.0261333333333333,1.44
0.32,2.45,F,F,-4.9,,-1.0341333333333333,1.3599999999999999
0.36,2.45,F,F,-4.9,,-1.0432,1.28
0.4,2.45,F,F,-4.9,,-1.0533333333333332,1.2
0.44,2.45,F,F,-4.9,,-1.0645333333333333,1.12
0.48,2.45,F,F,-4.9,,-1.0768,1.04
0.52,2.45,F,F,-4.9,,-1.0901333333333334,0.96
0.56,2.45,F,F,-4.9,,-1.1045333333333334,0.8799999999999999
0.6,2.45,F,F,-4.9,,-1.12,0.8
0.64,2.45,F,F,-4.9,,-1.1365333333333334,0.72
0.68,2.45,F,F,-4.9,,-1.1541333333333335,0.6399999999999999
0.72,2.45,F,F,-4.9,,-1.1728,0.56
0.76,2.45,F,F,-4.9,,-1.1925333333333334,0.48
0.8,2.45,F,F,-4.9,,-1.2133333333333334,0.3999999999999999
0.84,2.45,F,F,-4.9,,-1.2351999999999999,0.32000000000000006
0.88,2.45,F,F,-4.9,,-1.2581333333333333,0.24
0.92,2.45,F,F,-4.9,,-1.2821333333333333,0.15999999999999992
0.96,2.45,F,F,-4.9,,-1.3072,0.08000000000000007
1.0,2.45,F,F,-4.9,,-1.3333333333333333,0.0
1.04,2.45,F,F,-4.9,,-1.3605333333333334,-0.08000000000000007
1.08,2.45,F,F,-4.9,,-1.3888,-0.16000000000000014
1.12,2.45,F,F,-4.9,,-1.4181333333333335,-0.2400000000000002
1.16,2.45,F,F,-4.9,,-1.4485333333333332,-0.31999999999999984
1.2,2.45,F,F,-4.9,,-1.48,-0.3999999999999999
1.24,2.45,F,F,-4.9,,-1.5125333333333333,-0.48
1.28,2.45,F,F,-4.9,,-1.5461333333333334,-0.56
1.32,2.45,F,F,-4.9,,-1.5808,-0.6400000000000001
1.36,2.45,F,F,-4.9,,-1.6165333333333334,-0.7200000000000002
1.4,2.45,F,F,-4.9,,-1.6533333333333333,-0.7999999999999998
1.44,2.45,F,F,-4.9,,-1.6911999999999998,-0.8799999999999999
1.48,2.45,F,F,-4.9,,-1.7301333333333333,-0.96
1.52,2.45,F,F,-4.9,,-1.7701333333333333,-1.04
1.56,2.45,F,F,-4.9,,-1.8112,-1.12
1.6,2.45,F,F,-4.9,,-1.8533333333333335,-1.2000000000000002
1.64,2.45,F,F,-4.9,,-1.8965333333333332,-1.2799999999999998
1.68,2.45,F,F,-4.9,,-1.9407999999999999,-1.3599999999999999
1.72,2.45,F,F,-4.9,,-1.986133333333333,-1.44
1.76,2.45,F,F,-4.9,,-2.0325333333333333,-1.52
1.8,2.45,F,F,-4.9,,-2.08,-1.6
1.84,2.45,F,F,-4.9,,-2.1285333333333334,-1.6800000000000002
1.88,2.45,F,F,-4.9,,-2.1781333333333333,-1.7599999999999998
1.92,2.45,F,F,-4.9,,-2.2287999999999997,-1.8399999999999999
1.96,2.45,F,F,-4.9,,-2.2805333333333335,-1.92
2.0,2.45,F,F,-4.9,,-2.333333333333333,-2.0
2.04,2.45,F,F,-4.9,,-2.3872,-2.08
2.08,2.45,F,F,-4.9,,-2.4421333333333335,-2.16
2.12,2.45,F,F,-4.9,,-2.4981333333333335,-2.24
2.16,2.45,F,F,-4.9,,-2.5552,-2.3200000000000003
2.2,2.45,F,F,-4.9,,-2.6133333333333333,-2.4000000000000004
2.24,2.45,F,F,-4.9,,-2.672533333333334,-2.4800000000000004
2.28,2.45,F,F,-4.9,,-2.7328,-2.5599999999999996
2.32,2.45,F,F,-4.9,,-2.794133333333333,-2.6399999999999997
2.36,2.45,F,F,-4.9,,-2.856533333333333,-2.7199999999999998
2.4,2.45,F,F,-4.9,,-2.92,-2.8
2.44,2.45,F,F,-4.9,,-2.9845333333333333,-2.88
2.48,2.45,F,F,-4.9,,-3.0501333333333336,-2.96
2.52,2.45,F,F,-4.9,,-3.1168,-3.04
2.56,2.45,F,F,-4.9,,-3.1845333333333334,-3.12
2.6,2.45,F,F,-4.9,,-3.2533333333333334,-3.2
2.64,2.45,F,F,-4.9,,-3.3232000000000004,-3.2800000000000002
2.68,2.45,F,F,-4.9,,-3.394133333333334,-3.3600000000000003
2.72,2.45,F,F,-4.9,,-3.466133333333334,-3.4400000000000004
2.76,2.45,F,F,-4.9,,-3.5391999999999997,-3.5199999999999996
2.8,2.45,F,F,-4.9,,-3.613333333333333,-3.5999999999999996
2.84,2.45,F,F,-4.9,,-3.6885333333333334,-3.6799999999999997
2.88,2.45,F,F,-4.9,,-3.7647999999999997,-3.76
2.92,2.45,F,F,-4.9,,-3.842133333333333,-3.84
2.96,2.45,F,F,-4.9,,-3.920533333333333,-3.92
3.0,2.45,F,F,-4.9,,-4.0,-4.0
3.04,2.45,F,F,-4.9,,,-4.08
3.08,2.45,F,F,-4.9,,,-4.16
3.12,2.45,F,F,-4.9,,,-4.24
3.16,2.45,F,F,-4.9,,,-4.32
3.2,2.45,F,F,-4.9,,,-4.4
3.24,2.45,F,F,-4.9,,,-4.48
3.28,2.45,F,F,-4.9,,,-4.56
3.32,2.45,F,F,-4.9,,,-4.64
3.36,2.45,F,F,-4.9,,,-4.72
3.4,2.45,F,F,-4.9,,,-4.8
3.44,2.45,F,F,-4.9,,,-4.88
3.48,2.45,FLP,FLP,-4.9,,,-4.96
3.52,2.45,FLP,FLP,-4.9,,,-5.04
3.56,2.45,FLP,FLP,-4.9,,,-5.12
3.6,2.45,FLP,FLP,-4.9,,,-5.2
3.64,2.45,FLP,FLP,-4.9,,,-5.28
3.68,2.45,FLP,FLP,-4.9,,,-5.36
3.72,2.45,FLP,FLP,-4.9,,,-5.44
3.76,2.45,FLP,FLP,-4.9,,,-5.52
3.8,2.45,FLP,FLP,-4.9,,,-5.6
3.84,2.45,FLP,FLP,-4.9,,,-5.68
3.88,2.45,FLP,FLP,-4.9,,,-5.76
3.92,2.45,FLP,FLP,-4.9,,,-5.84
3.96,2.45,FLP,FLP,-4.9,,,-5.92
4.0,2.45,FLP,FLP,-4.9,,,-6.0
0.0,2.485,F,F,-4.97,,-1.0,2.0
0.04,2.485,F,F,-4.97,,-1.0005333333333333,1.92
0.08,2.485,F,F,-4.97,,-1.0021333333333333,1.84
0.12,2.485,F,F,-4.97,,-1.0048,1.76
0.16,2.485,F,F,-4.97,,-1.0085333333333333,1.68
0.2,2.485,F,F,-4.97,,-1.0133333333333334,1.6
0.24,2.485,F,F,-4.97,,-1.0192,1.52
0.28,2.485,F,F,-4.97,,-1.0261333333333333,1.44
0.32,2.485,F,F,-4.97,,-1.0341333333333333,1.3599999999999999
0.36,2.485,F,F,-4.97,,-1.0432,1.28
0.4,2.485,F,F,-4.97,,-1.0533333333333332,1.2
0.44,2.485,F,F,-4.97,,-1.0645333333333333,1.12
0.48,2.485,F,F,-4.97,,-1.0768,1.04
0.52,2.485,F,F,-4.97,,-1.0901333333333334,0.96
0.56,2.485,F,F,-4.97,,-1.1045333333333334,0.8799999999999999
0.6,2.485,F,F,-4.97,,-1.12,0.8
0.64,2.485,F,F,-4.97,,-1.1365333333333334,0.72
0.68,2.485,F,F,-4.97,,-1.1541333333333335,0.6399999999999999
0.72,2.485,F,F,-4.97,,-1.1728,0.56
0.76,2.485,F,F,-4.97,,-1.1925333333333334,0.48
0.8,2.485,F,F,-4.97,,-1.2133333333333334,0.3999999999999999
0.84,2.485,F,F,-4.97,,-1.2351999999999999,0.32000000000000006
0.88,2.485,F,F,-4.97,,-1.2581333333333333,0.24
0.92,2.485,F,F,-4.97,,-1.2821333333333333,0.15999999999999992
0.96,2.485,F,F,-4.97,,-1.3072,0.08000000000000007
1.0,2.485,F,F,-4.97,,-1.3333333333333333,0.0
1.04,2.485,F,F,-4.97,,-1.3605333333333334,-0.08000000000000007
1.08,2.485,F,F,-4.97,,-1.3888,-0.16000000000000014
1.12,2.485,F,F,-4.97,,-1.4181333333333335,-0.2400000000000002
1.16,2.485,F,F,-4.97,,-1.4485333333333332,-0.31999999999999984
1.2,2.485,F,F,-4.97,,-1.48,-0.3999999999999999
1.24,2.485,F,F,-4.97,,-1.5125333333333333,-0.48
1.28,2.485,F,F,-4.97,,-1.5461333333333334,-0.56
1.32,2.485,F,F,-4.97,,-1.5808,-0.6400000000000001
1.36,2.485,F,F,-4.97,,-1.6165333333333334,-0.7200000000000002
1.4,2.485,F,F,-4.97,,-1.6533333333333333,-0.7999999999999998
1.44,2.485,F,F,-4.97,,-1.6911999999999998,-0.8799999999999999
1.48,2.485,F,F,-4.97,,-1.7301333333333333,-0.96
1.52,2.485,F,F,-4.97,,-1.7701333333333333,-1.04
1.56,2.485,F,F,-4.97,,-1.8112,-1.12
1.6,2.485,F,F,-4.97,,-1.8533333333333335,-1.2000000000000002
1.64,2.485,F,F,-4.97,,-1.8965333333333332,-1.2799999999999998
1.68,2.485,F,F,-4.97,,-1.9407999999999999,-1.3599999999999999
1.72,2.485,F,F,-4.97,,-1.986133333333333,-1.44
1.76,2.485,F,F,-4.97,,-2.0325333333333333,-1.52
1.8,2.485,F,F,-4.97,,-2.08,-1.6
1.84,2.485,F,F,-4.97,,-2.1285333333333334,-1.6800000000000002
1.88,2.485,F,F,-4.97,,-2.1781333333333333,-1.7599999999999998
1.92,2.485,F,F,-4.97,,-2.2287999999999997,-1.8399999999999999
1.96,2.485,F,F,-4.97,,-2.2805333333333335,-1.92
2.0,2.485,F,F,-4.97,,-2.333333333333333,-2.0
2.04,2.485,F,F,-4.97,,-2.3872,-2.08
2.08,2.485,F,F,-4.97,,-2.4421333333333335,-2.16
2.12,2.485,F,F,-4.97,,-2.4981333333333335,-2.24
2.16,2.485,F,F,-4.97,,-2.5552,-2.3200000000000003
2.2,2.485,F,F,-4.97,,-2.6133333333333333,-2.4000000000000004
2.24,2.485,F,F,-4.97,,-2.672533333333334,-2.4800000000000004
2.28,2.485,F,F,-4.97,,-2.7328,-2.5599999999999996
2.32,2.485,F,F,-4.97,,-2.794133333333333,-2.6399999999999997
2.36,2.485,F,F,-4.97,,-2.856533333333333,-2.7199999999999998
2.4,2.485,F,F,-4.97,,-2.92,-2.8
2.44,2.485,F,F,-4.97,,-2.9845333333333333,-2.88
2.48,2.485,F,F,-4.97,,-3.0501333333333336,-2.96
2.52,2.485,F,F,-4.97,,-3.1168,-3.04
2.56,2.485,F,F,-4.97,,-3.1845333333333334,-3.12
2.6,2.485,F,F,-4.97,,-3.2533333333333334,-3.2
2.64,2.485,F,F,-4.97,,-3.3232000000000004,-3.2800000000000002
2.68,2.485,F,F,-4.97,,-3.394133333333334,-3.3600000000000003
2.72,2.485,F,F,-4.97,,-3.466133333333334,-3.4400000000000004
2.76,2.485,F,F,-4.97,,-3.5391999999999997,-3.5199999999999996
2.8,2.485,F,F,-4.97,,-3.613333333333333,-3.5999999999999996
2.84,2.485,F,F,-4.97,,-3.6885333333333334,-3.6799999999999997
2.88,2.485,F,F,-4.97,,-3.7647999999999997,-3.76
2.92,2.485,F,F,-4.97,,-3.842133333333333,-3.84
2.96,2.485,F,F,-4.97,,-3.920533333333333,-3.92
3.0,2.485,F,F,-4.97,,-4.0,-4.0
3.04,2.485,F,F,-4.97,,,-4.08
3.08,2.485,F,F,-4.97,,,-4.16
3.12,2.485,F,F,-4.97,,,-4.24
3.16,2.485,F,F,-4.97,,,-4.32
3.2,2.485,F,F,-4.97,,,-4.4
3.24,2.485,F,F,-4.97,,,-4.48
3.28,2.485,F,F,-4.97,,,-4.56
3.32,2.485,F,F,-4.97,,,-4.64
3.36,2.485,F,F,-4.97,,,-4.72
3.4,2.485,F,F,-4.97,,,-4.8
3.44,2.485,F,F,-4.97,,,-4.88
3.48,2.485,F,F,-4.97,,,-4.96
3.52,2.485,FLP,FLP,-4.97,,,-5.04
3.56,2.485,FLP,FLP,-4.97,,,-5.12
3.6,2.485,FLP,FLP,-4.97,,,-5.2
3.64,2.485,FLP,FLP,-4.97,,,-5.28
3.68,2.485,FLP,FLP,-4.97,,,-5.36
3.72,2.485,FLP,FLP,-4.97,,,-5.44
3.76,2.485,FLP,FLP,-4.97,,,-5.52
3.8,2.485,FLP,FLP,-4.97,,,-5.6
3.84,2.485,FLP,FLP,-4.97,,,-5.68
3.88,2.485,FLP,FLP,-4.97,,,-5.76
3.92,2.485,FLP,FLP,-4.97,,,-5.84
3.96,2.485,FLP,FLP,-4.97,,,-5.92
4.0,2.485,FLP,FLP,-4.97,,,-6.0
0.0,2.52,F,F,-5.04,,-1.0,2.0
0.04,2.52,F,F,-5.04,,-1.0005333333333333,1.92
0.08,2.52,F,F,-5.04,,-1.0021333333333333,1.84
0.12,2.52,F,F,-5.04,,-1.0048,1.76
0.16,2.52,F,F,-5.04,,-1.0085333333333333,1.68
0.2,2.52,F,F,-5.04,,-1.0133333333333334,1.6
0.24,2.52,F,F,-5.04,,-1.0192,1.52
0.28,2.52,F,F,-5.04,,-1.0261333333333333,1.44
0.32,2.52,F,F,-5.04,,-1.0341333333333333,1.3599999999999999
0.36,2.52,F,F,-5.04,,-1.0432,1.28
0.4,2.52,F,F,-5.04,,-1.0533333333333332,1.2
0.44,2.52,F,F,-5.04,,-1.0645333333333333,1.12
0.48,2.52,F,F,-5.04,,-1.0768,1.04
0.52,2.52,F,F,-5.04,,-1.0901333333333334,0.96
0.56,2.52,F,F,-5.04,,-1.1045333333333334,0.8799999999999999
0.6,2.52,F,F,-5.04,,-1.12,0.8
0.64,2.52,F,F,-5.04,,-1.1365333333333334,0.72
0.68,2.52,F,F,-5.04,,-1.1541333333333335,0.6399999999999999
0.72,2.52,F,F,-5.04,,-1.1728,0.56
0.76,2.52,F,F,-5.04,,-1.1925333333333334,0.48
0.8,2.52,F,F,-5.04,,-1.2133333333333334,0.3999999999999999
0.84,2.52,F,F,-5.04,,-1.2351999999999999,0.32000000000000006
0.88,2.52,F,F,-5.04,,-1.2581333333333333,0.24
0.92,2.52,F,F,-5.04,,-1.2821333333333333,0.15999999999999992
0.96,2.52,F,F,-5.04,,-1.3072,0.08000000000000007
1.0,2.52,F,F,-5.04,,-1.3333333333333333,0.0
1.04,2.52,F,F,-5.04,,-1.3605333333333334,-0.08000000000000007
1.08,2.52,F,F,-5.04,,-1.3888,-0.16000000000000014
1.12,2.52,F,F,-5.04,,-1.4181333333333335,-0.2400000000000002
1.16,2.52,F,F,-5.04,,-1.4485333333333332,-0.31999999999999984
1.2,2.52,F,F,-5.04,,-1.48,-0.3999999999999999
1.24,2.52,F,F,-5.04,,-1.5125333333333333,-0.48
1.28,2.52,F,F,-5.04,,-1.5461333333333334,-0.56
1.32,2.52,F,F,-5.04,,-1.5808,-0.6400000000000001
1.36,2.52,F,F,-5.04,,-1.6165333333333334,-0.7200000000000002
1.4,2.52,F,F,-5.04,,-1.6533333333333333,-0.7999999999999998
1.44,2.52,F,F,-5.04,,-1.6911999999999998,-0.8799999999999999
1.48,2.52,F,F,-5.04,,-1.7301333333333333,-0.96
1.52,2.52,F,F,-5.04,,-1.7701333333333333,-1.04
1.56,2.52,F,F,-5.04,,-1.8112,-1.12
1.6,2.52,F,F,-5.04,,-1.8533333333333335,-1.2000000000000002
1.64,2.52,F,F,-5.04,,-1.8965333333333332,-1.2799999999999998
1.68,2.52,F,F,-5.04,,-1.9407999999999999,-1.3599999999999999
1.72,2.52,F,F,-5.04,,-1.986133333333333,-1.44
1.76,2.52,F,F,-5.04,,-2.0325333333333333,-1.52
1.8,2.52,F,F,-5.04,,-2.08,-1.6
1.84,2.52,F,F,-5.04,,-2.1285333333333334,-1.6800000000000002
1.88,2.52,F,F,-5.04,,-2.1781333333333333,-1.7599999999999998
1.92,2.52,F,F,-5.04,,-2.2287999999999997,-1.8399999999999999
1.96,2.52,F,F,-5.04,,-2.2805333333333335,-1.92
2.0,2.52,F,F,-5.04,,-2.333333333333333,-2.0
2.04,2.52,F,F,-5.04,,-2.3872,-2.08
2.08,2.52,F,F,-5.04,,-2.4421333333333335,-2.16
2.12,2.52,F,F,-5.04,,-2.4981333333333335,-2.24
2.16,2.52,F,F,-5.04,,-2.5552,-2.3200000000000003
2.2,2.52,F,F,-5.04,,-2.6133333333333333,-2.4000000000000004
2.24,2.52,F,F,-5.04,,-2.672533333333334,-2.4800000000000004
2.28,2.52,F,F,-5.04,,-2.7328,-2.5599999999999996
2.32,2.52,F,F,-5.04,,-2.794133333333333,-2.6399999999999997
2.36,2.52,F,F,-5.04,,-2.856533333333333,-2.7199999999999998
2.4,2.52,F,F,-5.04,,-2.92,-2.8
2.44,2.52,F,F,-5.04,,-2.9845333333333333,-2.88
2.48,2.52,F,F,-5.04,,-3.0501333333333336,-2.96
2.52,2.52,F,F,-5.04,,-3.1168,-3.04
2.56,2.52,F,F,-5.04,,-3.1845333333333334,-3.12
2.6,2.52,F,F,-5.04,,-3.2533333333333334,-3.2
2.64,2.52,F,F,-5.04,,-3.3232000000000004,-3.2800000000000002
2.68,2.52,F,F,-5.04,,-3.394133333333334,-3.3600000000000003
2.72,2.52,F,F,-5.04,,-3.466133333333334,-3.4400000000000004
2.76,2.52,F,F,-5.04,,-3.5391999999999997,-3.5199999999999996
2.8,2.52,F,F,-5.04,,-3.613333333333333,-3.5999999999999996
2.84,2.52,F,F,-5.04,,-3.6885333333333334,-3.6799999999999997
2.88,2.52,F,F,-5.04,,-3.7647999999999997,-3.76
2.92,2.52,F,F,-5.04,,-3.842133333333333,-3.84
2.96,2.52,F,F,-5.04,,-3.920533333333333,-3.92
3.0,2.52,F,F,-5.04,,-4.0,-4.0
3.04,2.52,F,F,-5.04,,,-4.08
3.08,2.52,F,F,-5.04,,,-4.16
3.12,2.52,F,F,-5.04,,,-4.24
3.16,2.52,F,F,-5.04,,,-4.32
3.2,2.52,F,F,-5.04,,,-4.4
3.24,2.52,F,F,-5.04,,,-4.48
3.28,2.52,F,F,-5.04,,,-4.56
3.32,2.52,F,F,-5.04,,,-4.64
3.36,2.52,F,F,-5.04,,,-4.72
3.4,2.52,F,F,-5.04,,,-4.8
3.44,2.52,F,F,-5.04,,,-4.88
3.48,2.52,F,F,-5.04,,,-4.96
3.52,2.52,degenerate,F|FLP,-5.04,,,-5.04
3.56,2.52,FLP,FLP,-5.04,,,-5.12
3.6,2.52,FLP,FLP,-5.04,,,-5.2
3.64,2.52,FLP,FLP,-5.04,,,-5.28
3.68,2.52,FLP,FLP,-5.04,,,-5.36
3.72,2.52,FLP,FLP,-5.04,,,-5.44
3.76,2.52,FLP,FLP,-5.04,,,-5.52
3.8,2.52,FLP,FLP,-5.04,,,-5.6
3.84,2.52,FLP,FLP,-5.04,,,-5.68
3.88,2.52,FLP,FLP,-5.04,,,-5.76
3.92,2.52,FLP,FLP,-5.04,,,-5.84
3.96,2.52,FLP,FLP,-5.04,,,-5.92
4.0,2.52,FLP,FLP,-5.04,,,-6.0
0.0,2.555,F,F,-5.11,,-1.0,2.0
0.04,2.555,F,F,-5.11,,-1.0005333333333333,1.92
0.08,2.555,F,F,-5.11,,-1.0021333333333333,1.84
0.12,2.555,F,F,-5.11,,-1.0048,1.76
0.16,2.555,F,F,-5.11,,-1.0085333333333333,1.68
0.2,2.555,F,F,-5.11,,-1.0133333333333334,1.6
0.24,2.555,F,F,-5.11,,-1.0192,1.52
0.28,2.555,F,F,-5.11,,-1.0261333333333333,1.44
0.32,2.555,F,F,-5.11,,-1.0341333333333333,1.3599999999999999
0.36,2.555,F,F,-5.11,,-1.0432,1.28
0.4,2.555,F,F,-5.11,,-1.0533333333333332,1.2
0.44,2.555,F,F,-5.11,,-1.0645333333333333,1.12
0.48,2.555,F,F,-5.11,,-1.0768,1.04
0.52,2.555,F,F,-5.11,,-1.0901333333333334,0.96
0.56,2.555,F,F,-5.11,,-1.1045333333333334,0.8799999999999999
0.6,2.555,F,F,-5.11,,-1.12,0.8
0.64,2.555,F,F,-5.11,,-1.1365333333333334,0.72
0.68,2.555,F,F,-5.11,,-1.1541333333333335,0.6399999999999999
0.72,2.555,F,F,-5.11,,-1.1728,0.56
0.76,2.555,F,F,-5.11,,-1.1925333333333334,0.48
0.8,2.555,F,F,-5.11,,-1.2133333333333334,0.3999999999999999
0.84,2.555,F,F,-5.11,,-1.2351999999999999,0.32000000000000006
0.88,2.555,F,F,-5.11,,-1.2581333333333333,0.24
0.92,2.555,F,F,-5.11,,-1.2821333333333333,0.15999999999999992
0.96,2.555,F,F,-5.11,,-1.3072,0.08000000000000007
1.0,2.555,F,F,-5.11,,-1.3333333333333333,0.0
1.04,2.555,F,F,-5.11,,-1.3605333333333334,-0.08000000000000007
1.08,2.555,F,F,-5.11,,-1.3888,-0.16000000000000014
1.12,2.555,F,F,-5.11,,-1.4181333333333335,-0.2400000000000002
1.16,2.555,F,F,-5.11,,-1.4485333333333332,-0.31999999999999984
1.2,2.555,F,F,-5.11,,-1.48,-0.3999999999999999
1.24,2.555,F,F,-5.11,,-1.5125333333333333,-0.48
1.28,2.555,F,F,-5.11,,-1.5461333333333334,-0.56
1.32,2.555,F,F,-5.11,,-1.5808,-0.6400000000000001
1.36,2.555,F,F,-5.11,,-1.6165333333333334,-0.7200000000000002
1.4,2.555,F,F,-5.11,,-1.6533333333333333,-0.7999999999999998
1.44,2.555,F,F,-5.11,,-1.6911999999999998,-0.8799999999999999
1.48,2.555,F,F,-5.11,,-1.7301333333333333,-0.96
1.52,2.555,F,F,-5.11,,-1.7701333333333333,-1.04
1.56,2.555,F,F,-5.11,,-1.8112,-1.12
1.6,2.555,F,F,-5.11,,-1.8533333333333335,-1.2000000000000002
1.64,2.555,F,F,-5.11,,-1.8965333333333332,-1.2799999999999998
1.68,2.555,F,F,-5.11,,-1.9407999999999999,-1.3599999999999999
1.72,2.555,F,F,-5.11,,-1.986133333333333,-1.44
1.76,2.555,F,F,-5.11,,-2.0325333333333333,-1.52
1.8,2.555,F,F,-5.11,,-2.08,-1.6
1.84,2.555,F,F,-5.11,,-2.1285333333333334,-1.6800000000000002
1.88,2.555,F,F,-5.11,,-2.1781333333333333,-1.7599999999999998
1.92,2.555,F,F,-5.11,,-2.2287999999999997,-1.8399999999999999
1.96,2.555,F,F,-5.11,,-2.2805333333333335,-1.92
2.0,2.555,F,F,-5.11,,-2.333333333333333,-2.0
2.04,2.555,F,F,-5.11,,-2.3872,-2.08
2.08,2.555,F,F,-5.11,,-2.4421333333333335,-2.16
2.12,2.555,F,F,-5.11,,-2.4981333333333335,-2.24
2.16,2.555,F,F,-5.11,,-2.5552,-2.3200000000000003
2.2,2.555,F,F,-5.11,,-2.6133333333333333,-2.4000000000000004
2.24,2.555,F,F,-5.11,,-2.672533333333334,-2.4800000000000004
2.28,2.555,F,F,-5.11,,-2.7328,-2.5599999999999996
2.32,2.555,F,F,-5.11,,-2.794133333333333,-2.6399999999999997
2.36,2.555,F,F,-5.11,,-2.856533333333333,-2.7199999999999998
2.4,2.555,F,F,-5.11,,-2.92,-2.8
2.44,2.555,F,F,-5.11,,-2.9845333333333333,-2.88
2.48,2.555,F,F,-5.11,,-3.0501333333333336,-2.96
2.52,2.555,F,F,-5.11,,-3.1168,-3.04
2.56,2.555,F,F,-5.11,,-3.1845333333333334,-3.12
2.6,2.555,F,F,-5.11,,-3.2533333333333334,-3.2
2.64,2.555,F,F,-5.11,,-3.3232000000000004,-3.2800000000000002
2.68,2.555,F,F,-5.11,,-3.394133333333334,-3.3600000000000003
2.72,2.555,F,F,-5.11,,-3.466133333333334,-3.4400000000000004
2.76,2.555,F,F,-5.11,,-3.5391999999999997,-3.5199999999999996
2.8,2.555,F,F,-5.11,,-3.613333333333333,-3.5999999999999996
2.84,2.555,F,F,-5.11,,-3.6885333333333334,-3.6799999999999997
2.88,2.555,F,F,-5.11,,-3.7647999999999997,-3.76
2.92,2.555,F,F,-5.11,,-3.842133333333333,-3.84
2.96,2.555,F,F,-5.11,,-3.920533333333333,-3.92
3.0,2.555,F,F,-5.11,,-4.0,-4.0
3.04,2.555,F,F,-5.11,,,-4.08
3.08,2.555,F,F,-5.11,,,-4.16
3.12,2.555,F,F,-5.11,,,-4.24
3.16,2.555,F,F,-5.11,,,-4.32
3.2,2.555,F,F,-5.11,,,-4.4
3.24,2.555,F,F,-5.11,,,-4.48
3.28,2.555,F,F,-5.11,,,-4.56
3.32,2.555,F,F,-5.11,,,-4.64
3.36,2.555,F,F,-5.11,,,-4.72
3.4,2.555,F,F,-5.11,,,-4.8
3.44,2.555,F,F,-5.11,,,-4.88
3.48,2.555,F,F,-5.11,,,-4.96
3.52,2.555,F,F,-5.11,,,-5.04
3.56,2.555,FLP,FLP,-5.11,,,-5.12
3.6,2.555,FLP,FLP,-5.11,,,-5.2
3.64,2.555,FLP,FLP,-5.11,,,-5.28
3.68,2.555,FLP,FLP,-5.11,,,-5.36
3.72,2.555,FLP,FLP,-5.11,,,-5.44
3.76,2.555,FLP,FLP,-5.11,,,-5.52
3.8,2.555,FLP,FLP,-5.11,,,-5.6
3.84,2.555,FLP,FLP,-5.11,,,-5.68
3.88,2.555,FLP,FLP,-5.11,,,-5.76
3.92,2.555,FLP,FLP,-5.11,,,-5.84
3.96,2.555,FLP,FLP,-5.11,,,-5.92
4.0,2.555,FLP,FLP,-5.11,,,-6.0
0.0,2.59,F,F,-5.18,,-1.0,2.0
0.04,2.59,F,F,-5.18,,-1.0005333333333333,1.92
0.08,2.59,F,F,-5.18,,-1.0021333333333333,1.84
0.12,2.59,F,F,-5.18,,-1.0048,1.76
0.16,2.59,F,F,-5.18,,-1.0085333333333333,1.68
0.2,2.59,F,F,-5.18,,-1.0133333333333334,1.6
0.24,2.59,F,F,-5.18,,-1.0192,1.52
0.28,2.59,F,F,-5.18,,-1.0261333333333333,1.44
0.32,2.59,F,F,-5.18,,-1.0341333333333333,1.3599999999999999
0.36,2.59,F,F,-5.18,,-1.0432,1.28
0.4,2.59,F,F,-5.18,,-1.0533333333333332,1.2
0.44,2.59,F,F,-5.18,,-1.0645333333333333,1.12
0.48,2.59,F,F,-5.18,,-1.0768,1.04
0.52,2.59,F,F,-5.18,,-1.0901333333333334,0.96
0.56,2.59,F,F,-5.18,,-1.1045333333333334,0.8799999999999999
0.6,2.59,F,F,-5.18,,-1.12,0.8
0.64,2.59,F,F,-5.18,,-1.1365333333333334,0.72
0.68,2.59,F,F,-5.18,,-1.1541333333333335,0.6399999999999999
0.72,2.59,F,F,-5.18,,-1.1728,0.56
0.76,2.59,F,F,-5.18,,-1.1925333333333334,0.48
0.8,2.59,F,F,-5.18,,-1.2133333333333334,0.3999999999999999
0.84,2.59,F,F,-5.18,,-1.2351999999999999,0.32000000000000006
0.88,2.59,F,F,-5.18,,-1.2581333333333333,0.24
0.92,2.59,F,F,-5.18,,-1.2821333333333333,0.15999999999999992
0.96,2.59,F,F,-5.18,,-1.3072,0.08000000000000007
1.0,2.59,F,F,-5.18,,-1.3333333333333333,0.0
1.04,2.59,F,F,-5.18,,-1.3605333333333334,-0.08000000000000007
1.08,2.59,F,F,-5.18,,-1.3888,-0.16000000000000014
1.12,2.59,F,F,-5.18,,-1.4181333333333335,-0.2400000000000002
1.16,2.59,F,F,-5.18,,-1.4485333333333332,-0.31999999999999984
1.2,2.59,F,F,-5.18,,-1.48,-0.3999999999999999
1.24,2.59,F,F,-5.18,,-1.5125333333333333,-0.48
1.28,2.59,F,F,-5.18,,-1.5461333333333334,-0.56
1.32,2.59,F,F,-5.18,,-1.5808,-0.6400000000000001
1.36,2.59,F,F,-5.18,,-1.6165333333333334,-0.7200000000000002
1.4,2.59,F,F,-5.18,,-1.6533333333333333,-0.7999999999999998
1.44,2.59,F,F,-5.18,,-1.6911999999999998,-0.8799999999999999
1.48,2.59,F,F,-5.18,,-1.7301333333333333,-0.96
1.52,2.59,F,F,-5.18,,-1.7701333333333333,-1.04
1.56,2.59,F,F,-5.18,,-1.8112,-1.12
1.6,2.59,F,F,-5.18,,-1.8533333333333335,-1.2000000000000002
1.64,2.59,F,F,-5.18,,-1.8965333333333332,-1.2799999999999998
1.68,2.59,F,F,-5.18,,-1.9407999999999999,-1.3599999999999999
1.72,2.59,F,F,-5.18,,-1.986133333333333,-1.44
1.76,2.59,F,F,-5.18,,-2.0325333333333333,-1.52
1.8,2.59,F,F,-5.18,,-2.08,-1.6
1.84,2.59,F,F,-5.18,,-2.1285333333333334,-1.6800000000000002
1.88,2.59,F,F,-5.18,,-2.1781333333333333,-1.7599999999999998
1.92,2.59,F,F,-5.18,,-2.2287999999999997,-1.8399999999999999
1.96,2.59,F,F,-5.18,,-2.2805333333333335,-1.92
2.0,2.59,F,F,-5.18,,-2.333333333333333,-2.0
2.04,2.59,F,F,-5.18,,-2.3872,-2.08
2.08,2.59,F,F,-5.18,,-2.4421333333333335,-2.16
2.12,2.59,F,F,-5.18,,-2.4981333333333335,-2.24
2.16,2.59,F,F,-5.18,,-2.5552,-2.3200000000000003
2.2,2.59,F,F,-5.18,,-2.6133333333333333,-2.4000000000000004
2.24,2.59,F,F,-5.18,,-2.672533333333334,-2.4800000000000004
2.28,2.59,F,F,-5.18,,-2.7328,-2.5599999999999996
2.32,2.59,F,F,-5.18,,-2.794133333333333,-2.6399999999999997
2.36,2.59,F,F,-5.18,,-2.856533333333333,-2.7199999999999998
2.4,2.59,F,F,-5.18,,-2.92,-2.8
2.44,2.59,F,F,-5.18,,-2.9845333333333333,-2.88
2.48,2.59,F,F,-5.18,,-3.0501333333333336,-2.96
2.52,2.59,F,F,-5.18,,-3.1168,-3.04
2.56,2.59,F,F,-5.18,,-3.1845333333333334,-3.12
2.6,2.59,F,F,-5.18,,-3.2533333333333334,-3.2
2.64,2.59,F,F,-5.18,,-3.3232000000000004,-3.2800000000000002
2.68,2.59,F,F,-5.18,,-3.394133333333334,-3.3600000000000003
2.72,2.59,F,F,-5.18,,-3.466133333333334,-3.4400000000000004
2.76,2.59,F,F,-5.18,,-3.5391999999999997,-3.5199999999999996
2.8,2.59,F,F,-5.18,,-3.613333333333333,-3.5999999999999996
2.84,2.59,F,F,-5.18,,-3.6885333333333334,-3.6799999999999997
2.88,2.59,F,F,-5.18,,-3.7647999999999997,-3.76
2.92,2.59,F,F,-5.18,,-3.842133333333333,-3.84
2.96,2.59,F,F,-5.18,,-3.920533333333333,-3.92
3.0,2.59,F,F,-5.18,,-4.0,-4.0
3.04,2.59,F,F,-5.18,,,-4.08
3.08,2.59,F,F,-5.18,,,-4.16
3.12,2.59,F,F,-5.18,,,-4.24
3.16,2.59,F,F,-5.18,,,-4.32
3.2,2.59,F,F,-5.18,,,-4.4
3.24,2.59,F,F,-5.18,,,-4.48
3.28,2.59,F,F,-5.18,,,-4.56
3.32,2.59,F,F,-5.18,,,-4.64
3.36,2.59,F,F,-5.18,,,-4.72
3.4,2.59,F,F,-5.18,,,-4.8
3.44,2.59,F,F,-5.18,,,-4.88
3.48,2.59,F,F,-5.18,,,-4.96
3.52,2.59,F,F,-5.18,,,-5.04
3.56,2.59,F,F,-5.18,,,-5.12
3.6,2.59,FLP,FLP,-5.18,,,-5.2
3.64,2.59,FLP,FLP,-5.18,,,-5.28
3.68,2.59,FLP,FLP,-5.18,,,-5.36
3.72,2.59,FLP,FLP,-5.18,,,-5.44
3.76,2.59,FLP,FLP,-5.18,,,-5.52
3.8,2.59,FLP,FLP,-5.18,,,-5.6
3.84,2.59,FLP,FLP,-5.18,,,-5.68
3.88,2.59,FLP,FLP,-5.18,,,-5.76
3.92,2.59,FLP,FLP,-5.18,,,-5.84
3.96,2.59,FLP,FLP,-5.18,,,-5.92
4.0,2.59,FLP,FLP,-5.18,,,-6.0
0.0,2.625,F,F,-5.25,,-1.0,2.0
0.04,2.625,F,F,-5.25,,-1.0005333333333333,1.92
0.08,2.625,F,F,-5.25,,-1.0021333333333333,1.84
0.12,2.625,F,F,-5.25,,-1.0048,1.76
0.16,2.625,F,F,-5.25,,-1.0085333333333333,1.68
0.2,2.625,F,F,-5.25,,-1.0133333333333334,1.6
0.24,2.625,F,F,-5.25,,-1.0192,1.52
0.28,2.625,F,F,-5.25,,-1.0261333333333333,1.44
0.32,2.625,F,F,-5.25,,-1.0341333333333333,1.3599999999999999
0.36,2.625,F,F,-5.25,,-1.0432,1.28
0.4,2.625,F,F,-5.25,,-1.0533333333333332,1.2
0.44,2.625,F,F,-5.25,,-1.0645333333333333,1.12
0.48,2.625,F,F,-5.25,,-1.0768,1.04
0.52,2.625,F,F,-5.25,,-1.0901333333333334,0.96
0.56,2.625,F,F,-5.25,,-1.1045333333333334,0.8799999999999999
0.6,2.625,F,F,-5.25,,-1.12,0.8
0.64,2.625,F,F,-5.25,,-1.1365333333333334,0.72
0.68,2.625,F,F,-5.25,,-1.1541333333333335,0.6399999999999999
0.72,2.625,F,F,-5.25,,-1.1728,0.56
0.76,2.625,F,F,-5.25,,-1.1925333333333334,0.48
0.8,2.625,F,F,-5.25,,-1.2133333333333334,0.3999999999999999
0.84,2.625,F,F,-5.25,,-1.2351999999999999,0.32000000000000006
0.88,2.625,F,F,-5.25,,-1.2581333333333333,0.24
0.92,2.625,F,F,-5.25,,-1.2821333333333333,0.15999999999999992
0.96,2.625,F,F,-5.25,,-1.3072,0.08000000000000007
1.0,2.625,F,F,-5.25,,-1.3333333333333333,0.0
1.04,2.625,F,F,-5.25,,-1.3605333333333334,-0.08000000000000007
1.08,2.625,F,F,-5.25,,-1.3888,-0.16000000000000014
1.12,2.625,F,F,-5.25,,-1.4181333333333335,-0.2400000000000002
1.16,2.625,F,F,-5.25,,-1.4485333333333332,-0.31999999999999984
1.2,2.625,F,F,-5.25,,-1.48,-0.3999999999999999
1.24,2.625,F,F,-5.25,,-1.5125333333333333,-0.48
1.28,2.625,F,F,-5.25,,-1.5461333333333334,-0.56
1.32,2.625,F,F,-5.25,,-1.5808,-0.6400000000000001
1.36,2.625,F,F,-5.25,,-1.6165333333333334,-0.7200000000000002
1.4,2.625,F,F,-5.25,,-1.6533333333333333,-0.7999999999999998
1.44,2.625,F,F,-5.25,,-1.6911999999999998,-0.8799999999999999
1.48,2.625,F,F,-5.25,,-1.7301333333333333,-0.96
1.52,2.625,F,F,-5.25,,-1.7701333333333333,-1.04
1.56,2.625,F,F,-5.25,,-1.8112,-1.12
1.6,2.625,F,F,-5.25,,-1.8533333333333335,-1.2000000000000002
1.64,2.625,F,F,-5.25,,-1.8965333333333332,-1.2799999999999998
1.68,2.625,F,F,-5.25,,-1.9407999999999999,-1.3599999999999999
1.72,2.625,F,F,-5.25,,-1.986133333333333,-1.44
1.76,2.625,F,F,-5.25,,-2.0325333333333333,-1.52
1.8,2.625,F,F,-5.25,,-2.08,-1.6
1.84,2.625,F,F,-5.25,,-2.1285333333333334,-1.6800000000000002
1.88,2.625,F,F,-5.25,,-2.1781333333333333,-1.7599999999999998
1.92,2.625,F,F,-5.25,,-2.2287999999999997,-1.8399999999999999
1.96,2.625,F,F,-5.25,,-2.2805333333333335,-1.92
2.0,2.625,F,F,-5.25,,-2.333333333333333,-2.0
2.04,2.625,F,F,-5.25,,-2.3872,-2.08
2.08,2.625,F,F,-5.25,,-2.4421333333333335,-2.16
2.12,2.625,F,F,-5.25,,-2.4981333333333335,-2.24
2.16,2.625,F,F,-5.25,,-2.5552,-2.3200000000000003
2.2,2.625,F,F,-5.25,,-2.6133333333333333,-2.4000000000000004
2.24,2.625,F,F,-5.25,,-2.672533333333334,-2.4800000000000004
2.28,2.625,F,F,-5.25,,-2.7328,-2.5599999999999996
2.32,2.625,F,F,-5.25,,-2.794133333333333,-2.6399999999999997
2.36,2.625,F,F,-5.25,,-2.856533333333333,-2.7199999999999998
2.4,2.625,F,F,-5.25,,-2.92,-2.8
2.44,2.625,F,F,-5.25,,-2.9845333333333333,-2.88
2.48,2.625,F,F,-5.25,,-3.0501333333333336,-2.96
2.52,2.625,F,F,-5.25,,-3.1168,-3.04
2.56,2.625,F,F,-5.25,,-3.1845333333333334,-3.12
2.6,2.625,F,F,-5.25,,-3.2533333333333334,-3.2
2.64,2.625,F,F,-5.25,,-3.3232000000000004,-3.2800000000000002
2.68,2.625,F,F,-5.25,,-3.394133333333334,-3.3600000000000003
2.72,2.625,F,F,-5.25,,-3.466133333333334,-3.4400000000000004
2.76,2.625,F,F,-5.25,,-3.5391999999999997,-3.5199999999999996
2.8,2.625,F,F,-5.25,,-3.613333333333333,-3.5999999999999996
2.84,2.625,F,F,-5.25,,-3.6885333333333334,-3.6799999999999997
2.88,2.625,F,F,-5.25,,-3.7647999999999997,-3.76
2.92,2.625,F,F,-5.25,,-3.842133333333333,-3.84
2.96,2.625,F,F,-5.25,,-3.920533333333333,-3.92
3.0,2.625,F,F,-5.25,,-4.0,-4.0
3.04,2.625,F,F,-5.25,,,-4.08
3.08,2.625,F,F,-5.25,,,-4.16
3.12,2.625,F,F,-5.25,,,-4.24
3.16,2.625,F,F,-5.25,,,-4.32
3.2,2.625,F,F,-5.25,,,-4.4
3.24,2.625,F,F,-5.25,,,-4.48
3.28,2.625,F,F,-5.25,,,-4.56
3.32,2.625,F,F,-5.25,,,-4.64
3.36,2.625,F,F,-5.25,,,-4.72
3.4,2.625,F,F,-5.25,,,-4.8
3.44,2.625,F,F,-5.25,,,-4.88
3.48,2.625,F,F,-5.25,,,-4.96
3.52,2.625,F,F,-5.25,,,-5.04
3.56,2.625,F,F,-5.25,,,-5.12
3.6,2.625,F,F,-5.25,,,-5.2
3.64,2.625,FLP,FLP,-5.25,,,-5.28
3.68,2.625,FLP,FLP,-5.25,,,-5.36
3.72,2.625,FLP,FLP,-5.25,,,-5.44
3.76,2.625,FLP,FLP,-5.25,,,-5.52
3.8,2.625,FLP,FLP,-5.25,,,-5.6
3.84,2.625,FLP,FLP,-5.25,,,-5.68
3.88,2.625,FLP,FLP,-5.25,,,-5.76
3.92,2.625,FLP,FLP,-5.25,,,-5.84
3.96,2.625,FLP,FLP,-5.25,,,-5.92
4.0,2.625,FLP,FLP,-5.25,,,-6.0
0.0,2.66,F,F,-5.32,,-1.0,2.0
0.04,2.66,F,F,-5.32,,-1.0005333333333333,1.92
0.08,2.66,F,F,-5.32,,-1.0021333333333333,1.84
0.12,2.66,F,F,-5.32,,-1.0048,1.76
0.16,2.66,F,F,-5.32,,-1.0085333333333333,1.68
0.2,2.66,F,F,-5.32,,-1.0133333333333334,1.6
0.24,2.66,F,F,-5.32,,-1.0192,1.52
0.28,2.66,F,F,-5.32,,-1.0261333333333333,1.44
0.32,2.66,F,F,-5.32,,-1.0341333333333333,1.3599999999999999
0.36,2.66,F,F,-5.32,,-1.0432,1.28
0.4,2.66,F,F,-5.32,,-1.0533333333333332,1.2
0.44,2.66,F,F,-5.32,,-1.0645333333333333,1.12
0.48,2.66,F,F,-5.32,,-1.0768,1.04
0.52,2.66,F,F,-5.32,,-1.0901333333333334,0.96
0.56,2.66,F,F,-5.32,,-1.1045333333333334,0.8799999999999999
0.6,2.66,F,F,-5.32,,-1.12,0.8
0.64,2.66,F,F,-5.32,,-1.1365333333333334,0.72
0.68,2.66,F,F,-5.32,,-1.1541333333333335,0.6399999999999999
0.72,2.66,F,F,-5.32,,-1.1728,0.56
0.76,2.66,F,F,-5.32,,-1.1925333333333334,0.48
0.8,2.66,F,F,-5.32,,-1.2133333333333334,0.3999999999999999
0.84,2.66,F,F,-5.32,,-1.2351999999999999,0.32000000000000006
0.88,2.66,F,F,-5.32,,-1.2581333333333333,0.24
0.92,2.66,F,F,-5.32,,-1.2821333333333333,0.15999999999999992
0.96,2.66,F,F,-5.32,,-1.3072,0.08000000000000007
1.0,2.66,F,F,-5.32,,-1.3333333333333333,0.0
1.04,2.66,F,F,-5.32,,-1.3605333333333334,-0.08000000000000007
1.08,2.66,F,F,-5.32,,-1.3888,-0.16000000000000014
1.12,2.66,F,F,-5.32,,-1.4181333333333335,-0.2400000000000002
1.16,2.66,F,F,-5.32,,-1.4485333333333332,-0.31999999999999984
1.2,2.66,F,F,-5.32,,-1.48,-0.3999999999999999
1.24,2.66,F,F,-5.32,,-1.5125333333333333,-0.48
1.28,2.66,F,F,-5.32,,-1.5461333333333334,-0.56
1.32,2.66,F,F,-5.32,,-1.5808,-0.6400000000000001
1.36,2.66,F,F,-5.32,,-1.6165333333333334,-0.7200000000000002
1.4,2.66,F,F,-5.32,,-1.6533333333333333,-0.7999999999999998
1.44,2.66,F,F,-5.32,,-1.6911999999999998,-0.8799999999999999
1.48,2.66,F,F,-5.32,,-1.7301333333333333,-0.96
1.52,2.66,F,F,-5.32,,-1.7701333333333333,-1.04
1.56,2.66,F,F,-5.32,,-1.8112,-1.12
1.6,2.66,F,F,-5.32,,-1.8533333333333335,-1.2000000000000002
1.64,2.66,F,F,-5.32,,-1.8965333333333332,-1.2799999999999998
1.68,2.66,F,F,-5.32,,-1.9407999999999999,-1.3599999999999999
1.72,2.66,F,F,-5.32,,-1.986133333333333,-1.44
1.76,2.66,F,F,-5.32,,-2.0325333333333333,-1.52
1.8,2.66,F,F,-5.32,,-2.08,-1.6
1.84,2.66,F,F,-5.32,,-2.1285333333333334,-1.6800000000000002
1.88,2.66,F,F,-5.32,,-2.1781333333333333,-1.7599999999999998
1.92,2.66,F,F,-5.32,,-2.2287999999999997,-1.8399999999999999
1.96,2.66,F,F,-5.32,,-2.2805333333333335,-1.92
2.0,2.66,F,F,-5.32,,-2.333333333333333,-2.0
2.04,2.66,F,F,-5.32,,-2.3872,-2.08
2.08,2.66,F,F,-5.32,,-2.4421333333333335,-2.16
2.12,2.66,F,F,-5.32,,-2.4981333333333335,-2.24
2.16,2.66,F,F,-5.32,,-2.5552,-2.3200000000000003
2.2,2.66,F,F,-5.32,,-2.6133333333333333,-2.4000000000000004
2.24,2.66,F,F,-5.32,,-2.672533333333334,-2.4800000000000004
2.28,2.66,F,F,-5.32,,-2.7328,-2.5599999999999996
2.32,2.66,F,F,-5.32,,-2.794133333333333,-2.6399999999999997
2.36,2.66,F,F,-5.32,,-2.856533333333333,-2.7199999999999998
2.4,2.66,F,F,-5.32,,-2.92,-2.8
2.44,2.66,F,F,-5.32,,-2.9845333333333333,-2.88
2.48,2.66,F,F,-5.32,,-3.0501333333333336,-2.96
2.52,2.66,F,F,-5.32,,-3.1168,-3.04
2.56,2.66,F,F,-5.32,,-3.1845333333333334,-3.12
2.6,2.66,F,F,-5.32,,-3.2533333333333334,-3.2
2.64,2.66,F,F,-5.32,,-3.3232000000000004,-3.2800000000000002
2.68,2.66,F,F,-5.32,,-3.394133333333334,-3.3600000000000003
2.72,2.66,F,F,-5.32,,-3.466133333333334,-3.4400000000000004
2.76,2.66,F,F,-5.32,,-3.5391999999999997,-3.5199999999999996
2.8,2.66,F,F,-5.32,,-3.613333333333333,-3.5999999999999996
2.84,2.66,F,F,-5.32,,-3.6885333333333334,-3.6799999999999997
2.88,2.66,F,F,-5.32,,-3.7647999999999997,-3.76
2.92,2.66,F,F,-5.32,,-3.842133333333333,-3.84
2.96,2.66,F,F,-5.32,,-3.920533333333333,-3.92
3.0,2.66,F,F,-5.32,,-4.0,-4.0
3.04,2.66,F,F,-5.32,,,-4.08
3.08,2.66,F,F,-5.32,,,-4.16
3.12,2.66,F,F,-5.32,,,-4.24
3.16,2.66,F,F,-5.32,,,-4.32
3.2,2.66,F,F,-5.32,,,-4.4
3.24,2.66,F,F,-5.32,,,-4.48
3.28,2.66,F,F,-5.32,,,-4.56
3.32,2.66,F,F,-5.32,,,-4.64
3.36,2.66,F,F,-5.32,,,-4.72
3.4,2.66,F,F,-5.32,,,-4.8
3.44,2.66,F,F,-5.32,,,-4.88
3.48,2.66,F,F,-5.32,,,-4.96
3.52,2.66,F,F,-5.32,,,-5.04
3.56,2.66,F,F,-5.32,,,-5.12
3.6,2.66,F,F,-5.32,,,-5.2
3.64,2.66,F,F,-5.32,,,-5.28
3.68,2.66,FLP,FLP,-5.32,,,-5.36
3.72,2.66,FLP,FLP,-5.32,,,-5.44
3.76,2.66,FLP,FLP,-5.32,,,-5.52
3.8,2.66,FLP,FLP,-5.32,,,-5.6
3.84,2.66,FLP,FLP,-5.32,,,-5.68
3.88,2.66,FLP,FLP,-5.32,,,-5.76
3.92,2.66,FLP,FLP,-5.32,,,-5.84
3.96,2.66,FLP,FLP,-5.32,,,-5.92
4.0,2.66,FLP,FLP,-5.32,,,-6.0
0.0,2.695,F,F,-5.39,,-1.0,2.0
0.04,2.695,F,F,-5.39,,-1.0005333333333333,1.92
0.08,2.695,F,F,-5.39,,-1.0021333333333333,1.84
0.12,2.695,F,F,-5.39,,-1.0048,1.76
0.16,2.695,F,F,-5.39,,-1.0085333333333333,1.68
0.2,2.695,F,F,-5.39,,-1.0133333333333334,1.6
0.24,2.695,F,F,-5.39,,-1.0192,1.52
0.28,2.695,F,F,-5.39,,-1.0261333333333333,1.44
0.32,2.695,F,F,-5.39,,-1.0341333333333333,1.3599999999999999
0.36,2.695,F,F,-5.39,,-1.0432,1.28
0.4,2.695,F,F,-5.39,,-1.0533333333333332,1.2
0.44,2.695,F,F,-5.39,,-1.0645333333333333,1.12
0.48,2.695,F,F,-5.39,,-1.0768,1.04
0.52,2.695,F,F,-5.39,,-1.0901333333333334,0.96
0.56,2.695,F,F,-5.39,,-1.1045333333333334,0.8799999999999999
0.6,2.695,F,F,-5.39,,-1.12,0.8
0.64,2.695,F,F,-5.39,,-1.1365333333333334,0.72
0.68,2.695,F,F,-5.39,,-1.1541333333333335,0.6399999999999999
0.72,2.695,F,F,-5.39,,-1.1728,0.56
0.76,2.695,F,F,-5.39,,-1.1925333333333334,0.48
0.8,2.695,F,F,-5.39,,-1.2133333333333334,0.3999999999999999
0.84,2.695,F,F,-5.39,,-1.2351999999999999,0.32000000000000006
0.88,2.695,F,F,-5.39,,-1.2581333333333333,0.24
0.92,2.695,F,F,-5.39,,-1.2821333333333333,0.15999999999999992
0.96,2.695,F,F,-5.39,,-1.3072,0.08000000000000007
1.0,2.695,F,F,-5.39,,-1.3333333333333333,0.0
1.04,2.695,F,F,-5.39,,-1.3605333333333334,-0.08000000000000007
1.08,2.695,F,F,-5.39,,-1.3888,-0.16000000000000014
1.12,2.695,F,F,-5.39,,-1.4181333333333335,-0.2400000000000002
1.16,2.695,F,F,-5.39,,-1.4485333333333332,-0.31999999999999984
1.2,2.695,F,F,-5.39,,-1.48,-0.3999999999999999
1.24,2.695,F,F,-5.39,,-1.5125333333333333,-0.48
1.28,2.695,F,F,-5.39,,-1.5461333333333334,-0.56
1.32,2.695,F,F,-5.39,,-1.5808,-0.6400000000000001
1.36,2.695,F,F,-5.39,,-1.6165333333333334,-0.7200000000000002
1.4,2.695,F,F,-5.39,,-1.6533333333333333,-0.7999999999999998
1.44,2.695,F,F,-5.39,,-1.6911999999999998,-0.8799999999999999
1.48,2.695,F,F,-5.39,,-1.7301333333333333,-0.96
1.52,2.695,F,F,-5.39,,-1.7701333333333333,-1.04
1.56,2.695,F,F,-5.39,,-1.8112,-1.12
1.6,2.695,F,F,-5.39,,-1.8533333333333335,-1.2000000000000002
1.64,2.695,F,F,-5.39,,-1.8965333333333332,-1.2799999999999998
1.68,2.695,F,F,-5.39,,-1.9407999999999999,-1.3599999999999999
1.72,2.695,F,F,-5.39,,-1.986133333333333,-1.44
1.76,2.695,F,F,-5.39,,-2.0325333333333333,-1.52
1.8,2.695,F,F,-5.39,,-2.08,-1.6
1.84,2.695,F,F,-5.39,,-2.1285333333333334,-1.6800000000000002
1.88,2.695,F,F,-5.39,,-2.1781333333333333,-1.7599999999999998
1.92,2.695,F,F,-5.39,,-2.2287999999999997,-1.8399999999999999
1.96,2.695,F,F,-5.39,,-2.2805333333333335,-1.92
2.0,2.695,F,F,-5.39,,-2.333333333333333,-2.0
2.04,2.695,F,F,-5.39,,-2.3872,-2.08
2.08,2.695,F,F,-5.39,,-2.4421333333333335,-2.16
2.12,2.695,F,F,-5.39,,-2.4981333333333335,-2.24
2.16,2.695,F,F,-5.39,,-2.5552,-2.3200000000000003
2.2,2.695,F,F,-5.39,,-2.6133333333333333,-2.4000000000000004
2.24,2.695,F,F,-5.39,,-2.672533333333334,-2.4800000000000004
2.28,2.695,F,F,-5.39,,-2.7328,-2.5599999999999996
2.32,2.695,F,F,-5.39,,-2.794133333333333,-2.6399999999999997
2.36,2.695,F,F,-5.39,,-2.856533333333333,-2.7199999999999998
2.4,2.695,F,F,-5.39,,-2.92,-2.8
2.44,2.695,F,F,-5.39,,-2.9845333333333333,-2.88
2.48,2.695,F,F,-5.39,,-3.0501333333333336,-2.96
2.52,2.695,F,F,-5.39,,-3.1168,-3.04
2.56,2.695,F,F,-5.39,,-3.1845333333333334,-3.12
2.6,2.695,F,F,-5.39,,-3.2533333333333334,-3.2
2.64,2.695,F,F,-5.39,,-3.3232000000000004,-3.2800000000000002
2.68,2.695,F,F,-5.39,,-3.394133333333334,-3.3600000000000003
2.72,2.695,F,F,-5.39,,-3.466133333333334,-3.4400000000000004
2.76,2.695,F,F,-5.39,,-3.5391999999999997,-3.5199999999999996
2.8,2.695,F,F,-5.39,,-3.613333333333333,-3.5999999999999996
2.84,2.695,F,F,-5.39,,-3.6885333333333334,-3.6799999999999997
2.88,2.695,F,F,-5.39,,-3.7647999999999997,-3.76
2.92,2.695,F,F,-5.39,,-3.842133333333333,-3.84
2.96,2.695,F,F,-5.39,,-3.920533333333333,-3.92
3.0,2.695,F,F,-5.39,,-4.0,-4.0
3.04,2.695,F,F,-5.39,,,-4.08
3.08,2.695,F,F,-5.39,,,-4.16
3.12,2.695,F,F,-5.39,,,-4.24
3.16,2.695,F,F,-5.39,,,-4.32
3.2,2.695,F,F,-5.39,,,-4.4
3.24,2.695,F,F,-5.39,,,-4.48
3.28,2.695,F,F,-5.39,,,-4.56
3.32,2.695,F,F,-5.39,,,-4.64
3.36,2.695,F,F,-5.39,,,-4.72
3.4,2.695,F,F,-5.39,,,-4.8
3.44,2.695,F,F,-5.39,,,-4.88
3.48,2.695,F,F,-5.39,,,-4.96
3.52,2.695,F,F,-5.39,,,-5.04
3.56,2.695,F,F,-5.39,,,-5.12
3.6,2.695,F,F,-5.39,,,-5.2
3.64,2.695,F,F,-5.39,,,-5.28
3.68,2.695,F,F,-5.39,,,-5.36
3.72,2.695,FLP,FLP,-5.39,,,-5.44
3.76,2.695,FLP,FLP,-5.39,,,-5.52
3.8,2.695,FLP,FLP,-5.39,,,-5.6
3.84,2.695,FLP,FLP,-5.39,,,-5.68
3.88,2.695,FLP,FLP,-5.39,,,-5.76
3.92,2.695,FLP,FLP,-5.39,,,-5.84
3.96,2.695,FLP,FLP,-5.39,,,-5.92
4.0,2.695,FLP,FLP,-5.39,,,-6.0
0.0,2.73,F,F,-5.46,,-1.0,2.0
0.04,2.73,F,F,-5.46,,-1.0005333333333333,1.92
0.08,2.73,F,F,-5.46,,-1.0021333333333333,1.84
0.12,2.73,F,F,-5.46,,-1.0048,1.76
0.16,2.73,F,F,-5.46,,-1.0085333333333333,1.68
0.2,2.73,F,F,-5.46,,-1.0133333333333334,1.6
0.24,2.73,F,F,-5.46,,-1.0192,1.52
0.28,2.73,F,F,-5.46,,-1.0261333333333333,1.44
0.32,2.73,F,F,-5.46,,-1.0341333333333333,1.3599999999999999
0.36,2.73,F,F,-5.46,,-1.0432,1.28
0.4,2.73,F,F,-5.46,,-1.0533333333333332,1.2
0.44,2.73,F,F,-5.46,,-1.0645333333333333,1.12
0.48,2.73,F,F,-5.46,,-1.0768,1.04
0.52,2.73,F,F,-5.46,,-1.0901333333333334,0.96
0.56,2.73,F,F,-5.46,,-1.1045333333333334,0.8799999999999999
0.6,2.73,F,F,-5.46,,-1.12,0.8
0.64,2.73,F,F,-5.46,,-1.1365333333333334,0.72
0.68,2.73,F,F,-5.46,,-1.1541333333333335,0.6399999999999999
0.72,2.73,F,F,-5.46,,-1.1728,0.56
0.76,2.73,F,F,-5.46,,-1.1925333333333334,0.48
0.8,2.73,F,F,-5.46,,-1.2133333333333334,0.3999999999999999
0.84,2.73,F,F,-5.46,,-1.2351999999999999,0.32000000000000006
0.88,2.73,F,F,-5.46,,-1.2581333333333333,0.24
0.92,2.73,F,F,-5.46,,-1.2821333333333333,0.15999999999999992
0.96,2.73,F,F,-5.46,,-1.3072,0.08000000000000007
1.0,2.73,F,F,-5.46,,-1.3333333333333333,0.0
1.04,2.73,F,F,-5.46,,-1.3605333333333334,-0.08000000000000007
1.08,2.73,F,F,-5.46,,-1.3888,-0.16000000000000014
1.12,2.73,F,F,-5.46,,-1.4181333333333335,-0.2400000000000002
1.16,2.73,F,F,-5.46,,-1.4485333333333332,-0.31999999999999984
1.2,2.73,F,F,-5.46,,-1.48,-0.3999999999999999
1.24,2.73,F,F,-5.46,,-1.5125333333333333,-0.48
1.28,2.73,F,F,-5.46,,-1.5461333333333334,-0.56
1.32,2.73,F,F,-5.46,,-1.5808,-0.6400000000000001
1.36,2.73,F,F,-5.46,,-1.6165333333333334,-0.7200000000000002
1.4,2.73,F,F,-5.46,,-1.6533333333333333,-0.7999999999999998
1.44,2.73,F,F,-5.46,,-1.6911999999999998,-0.8799999999999999
1.48,2.73,F,F,-5.46,,-1.7301333333333333,-0.96
1.52,2.73,F,F,-5.46,,-1.7701333333333333,-1.04
1.56,2.73,F,F,-5.46,,-1.8112,-1.12
1.6,2.73,F,F,-5.46,,-1.8533333333333335,-1.2000000000000002
1.64,2.73,F,F,-5.46,,-1.8965333333333332,-1.2799999999999998
1.68,2.73,F,F,-5.46,,-1.9407999999999999,-1.3599999999999999
1.72,2.73,F,F,-5.46,,-1.986133333333333,-1.44
1.76,2.73,F,F,-5.46,,-2.0325333333333333,-1.52
1.8,2.73,F,F,-5.46,,-2.08,-1.6
1.84,2.73,F,F,-5.46,,-2.1285333333333334,-1.6800000000000002
1.88,2.73,F,F,-5.46,,-2.1781333333333333,-1.7599999999999998
1.92,2.73,F,F,-5.46,,-2.2287999999999997,-1.8399999999999999
1.96,2.73,F,F,-5.46,,-2.2805333333333335,-1.92
2.0,2.73,F,F,-5.46,,-2.333333333333333,-2.0
2.04,2.73,F,F,-5.46,,-2.3872,-2.08
2.08,2.73,F,F,-5.46,,-2.4421333333333335,-2.16
2.12,2.73,F,F,-5.46,,-2.4981333333333335,-2.24
2.16,2.73,F,F,-5.46,,-2.5552,-2.3200000000000003
2.2,2.73,F,F,-5.46,,-2.6133333333333333,-2.4000000000000004
2.24,2.73,F,F,-5.46,,-2.672533333333334,-2.4800000000000004
2.28,2.73,F,F,-5.46,,-2.7328,-2.5599999999999996
2.32,2.73,F,F,-5.46,,-2.794133333333333,-2.6399999999999997
2.36,2.73,F,F,-5.46,,-2.856533333333333,-2.7199999999999998
2.4,2.73,F,F,-5.46,,-2.92,-2.8
2.44,2.73,F,F,-5.46,,-2.9845333333333333,-2.88
2.48,2.73,F,F,-5.46,,-3.0501333333333336,-2.96
2.52,2.73,F,F,-5.46,,-3.1168,-3.04
2.56,2.73,F,F,-5.46,,-3.1845333333333334,-3.12
2.6,2.73,F,F,-5.46,,-3.2533333333333334,-3.2
2.64,2.73,F,F,-5.46,,-3.3232000000000004,-3.2800000000000002
2.68,2.73,F,F,-5.46,,-3.394133333333334,-3.3600000000000003
2.72,2.73,F,F,-5.46,,-3.466133333333334,-3.4400000000000004
2.76,2.73,F,F,-5.46,,-3.5391999999999997,-3.5199999999999996
2.8,2.73,F,F,-5.46,,-3.613333333333333,-3.5999999999999996
2.84,2.73,F,F,-5.46,,-3.6885333333333334,-3.6799999999999997
2.88,2.73,F,F,-5.46,,-3.7647999999999997,-3.76
2.92,2.73,F,F,-5.46,,-3.842133333333333,-3.84
2.96,2.73,F,F,-5.46,,-3.920533333333333,-3.92
3.0,2.73,F,F,-5.46,,-4.0,-4.0
3.04,2.73,F,F,-5.46,,,-4.08
3.08,2.73,F,F,-5.46,,,-4.16
3.12,2.73,F,F,-5.46,,,-4.24
3.16,2.73,F,F,-5.46,,,-4.32
3.2,2.73,F,F,-5.46,,,-4.4
3.24,2.73,F,F,-5.46,,,-4.48
3.28,2.73,F,F,-5.46,,,-4.56
3.32,2.73,F,F,-5.46,,,-4.64
3.36,2.73,F,F,-5.46,,,-4.72
3.4,2.73,F,F,-5.46,,,-4.8
3.44,2.73,F,F,-5.46,,,-4.88
3.48,2.73,F,F,-5.46,,,-4.96
3.52,2.73,F,F,-5.46,,,-5.04
3.56,2.73,F,F,-5.46,,,-5.12
3.6,2.73,F,F,-5.46,,,-5.2
3.64,2.73,F,F,-5.46,,,-5.28
3.68,2.73,F,F,-5.46,,,-5.36
3.72,2.73,F,F,-5.46,,,-5.44
3.76,2.73,FLP,FLP,-5.46,,,-5.52
3.8,2.73,FLP,FLP,-5.46,,,-5.6
3.84,2.73,FLP,FLP,-5.46,,,-5.68
3.88,2.73,FLP,FLP,-5.46,,,-5.76
3.92,2.73,FLP,FLP,-5.46,,,-5.84
3.96,2.73,FLP,FLP,-5.46,,,-5.92
4.0,2.73,FLP,FLP,-5.46,,,-6.0
0.0,2.765,F,F,-5.53,,-1.0,2.0
0.04,2.765,F,F,-5.53,,-1.0005333333333333,1.92
0.08,2.765,F,F,-5.53,,-1.0021333333333333,1.84
0.12,2.765,F,F,-5.53,,-1.0048,1.76
0.16,2.765,F,F,-5.53,,-1.0085333333333333,1.68
0.2,2.765,F,F,-5.53,,-1.0133333333333334,1.6
0.24,2.765,F,F,-5.53,,-1.0192,1.52
0.28,2.765,F,F,-5.53,,-1.0261333333333333,1.44
0.32,2.765,F,F,-5.53,,-1.0341333333333333,1.3599999999999999
0.36,2.765,F,F,-5.53,,-1.0432,1.28
0.4,2.765,F,F,-5.53,,-1.0533333333333332,1.2
0.44,2.765,F,F,-5.53,,-1.0645333333333333,1.12
0.48,2.765,F,F,-5.53,,-1.0768,1.04
0.52,2.765,F,F,-5.53,,-1.0901333333333334,0.96
0.56,2.765,F,F,-5.53,,-1.1045333333333334,0.8799999999999999
0.6,2.765,F,F,-5.53,,-1.12,0.8
0.64,2.765,F,F,-5.53,,-1.1365333333333334,0.72
0.68,2.765,F,F,-5.53,,-1.1541333333333335,0.6399999999999999
0.72,2.765,F,F,-5.53,,-1.1728,0.56
0.76,2.765,F,F,-5.53,,-1.1925333333333334,0.48
0.8,2.765,F,F,-5.53,,-1.2133333333333334,0.3999999999999999
0.84,2.765,F,F,-5.53,,-1.2351999999999999,0.32000000000000006
0.88,2.765,F,F,-5.53,,-1.2581333333333333,0.24
0.92,2.765,F,F,-5.53,,-1.2821333333333333,0.15999999999999992
0.96,2.765,F,F,-5.53,,-1.3072,0.08000000000000007
1.0,2.765,F,F,-5.53,,-1.3333333333333333,0.0
1.04,2.765,F,F,-5.53,,-1.3605333333333334,-0.08000000000000007
1.08,2.765,F,F,-5.53,,-1.3888,-0.16000000000000014
1.12,2.765,F,F,-5.53,,-1.4181333333333335,-0.2400000000000002
1.16,2.765,F,F,-5.53,,-1.4485333333333332,-0.31999999999999984
1.2,2.765,F,F,-5.53,,-1.48,-0.3999999999999999
1.24,2.765,F,F,-5.53,,-1.5125333333333333,-0.48
1.28,2.765,F,F,-5.53,,-1.5461333333333334,-0.56
1.32,2.765,F,F,-5.53,,-1.5808,-0.6400000000000001
1.36,2.765,F,F,-5.53,,-1.6165333333333334,-0.7200000000000002
1.4,2.765,F,F,-5.53,,-1.6533333333333333,-0.7999999999999998
1.44,2.765,F,F,-5.53,,-1.6911999999999998,-0.8799999999999999
1.48,2.765,F,F,-5.53,,-1.7301333333333333,-0.96
1.52,2.765,F,F,-5.53,,-1.7701333333333333,-1.04
1.56,2.765,F,F,-5.53,,-1.8112,-1.12
1.6,2.765,F,F,-5.53,,-1.8533333333333335,-1.2000000000000002
1.64,2.765,F,F,-5.53,,-1.8965333333333332,-1.2799999999999998
1.68,2.765,F,F,-5.53,,-1.9407999999999999,-1.3599999999999999
1.72,2.765,F,F,-5.53,,-1.986133333333333,-1.44
1.76,2.765,F,F,-5.53,,-2.0325333333333333,-1.52
1.8,2.765,F,F,-5.53,,-2.08,-1.6
1.84,2.765,F,F,-5.53,,-2.1285333333333334,-1.6800000000000002
1.88,2.765,F,F,-5.53,,-2.1781333333333333,-1.7599999999999998
1.92,2.765,F,F,-5.53,,-2.2287999999999997,-1.8399999999999999
1.96,2.765,F,F,-5.53,,-2.2805333333333335,-1.92
2.0,2.765,F,F,-5.53,,-2.333333333333333,-2.0
2.04,2.765,F,F,-5.53,,-2.3872,-2.08
2.08,2.765,F,F,-5.53,,-2.4421333333333335,-2.16
2.12,2.765,F,F,-5.53,,-2.4981333333333335,-2.24
2.16,2.765,F,F,-5.53,,-2.5552,-2.3200000000000003
2.2,2.765,F,F,-5.53,,-2.6133333333333333,-2.4000000000000004
2.24,2.765,F,F,-5.53,,-2.672533333333334,-2.4800000000000004
2.28,2.765,F,F,-5.53,,-2.7328,-2.5599999999999996
2.32,2.765,F,F,-5.53,,-2.794133333333333,-2.6399999999999997
2.36,2.765,F,F,-5.53,,-2.856533333333333,-2.7199999999999998
2.4,2.765,F,F,-5.53,,-2.92,-2.8
2.44,2.765,F,F,-5.53,,-2.9845333333333333,-2.88
2.48,2.765,F,F,-5.53,,-3.0501333333333336,-2.96
2.52,2.765,F,F,-5.53,,-3.1168,-3.04
2.56,2.765,F,F,-5.53,,-3.1845333333333334,-3.12
2.6,2.765,F,F,-5.53,,-3.2533333333333334,-3.2
2.64,2.765,F,F,-5.53,,-3.3232000000000004,-3.2800000000000002
2.68,2.765,F,F,-5.53,,-3.394133333333334,-3.3600000000000003
2.72,2.765,F,F,-5.53,,-3.466133333333334,-3.4400000000000004
2.76,2.765,F,F,-5.53,,-3.5391999999999997,-3.5199999999999996
2.8,2.765,F,F,-5.53,,-3.613333333333333,-3.5999999999999996
2.84,2.765,F,F,-5.53,,-3.6885333333333334,-3.6799999999999997
2.88,2.765,F,F,-5.53,,-3.7647999999999997,-3.76
2.92,2.765,F,F,-5.53,,-3.842133333333333,-3.84
2.96,2.765,F,F,-5.53,,-3.920533333333333,-3.92
3.0,2.765,F,F,-5.53,,-4.0,-4.0
3.04,2.765,F,F,-5.53,,,-4.08
3.08,2.765,F,F,-5.53,,,-4.16
3.12,2.765,F,F,-5.53,,,-4.24
3.16,2.765,F,F,-5.53,,,-4.32
3.2,2.765,F,F,-5.53,,,-4.4
3.24,2.765,F,F,-5.53,,,-4.48
3.28,2.765,F,F,-5.53,,,-4.56
3.32,2.765,F,F,-5.53,,,-4.64
3.36,2.765,F,F,-5.53,,,-4.72
3.4,2.765,F,F,-5.53,,,-4.8
3.44,2.765,F,F,-5.53,,,-4.88
3.48,2.765,F,F,-5.53,,,-4.96
3.52,2.765,F,F,-5.53,,,-5.04
3.56,2.765,F,F,-5.53,,,-5.12
3.6,2.765,F,F,-5.53,,,-5.2
3.64,2.765,F,F,-5.53,,,-5.28
3.68,2.765,F,F,-5.53,,,-5.36
3.72,2.765,F,F,-5.53,,,-5.44
3.76,2.765,F,F,-5.53,,,-5.52
3.8,2.765,FLP,FLP,-5.53,,,-5.6
3.84,2.765,FLP,FLP,-5.53,,,-5.68
3.88,2.765,FLP,FLP,-5.53,,,-5.76
3.92,2.765,FLP,FLP,-5.53,,,-5.84
3.96,2.765,FLP,FLP,-5.53,,,-5.92
4.0,2.765,FLP,FLP,-5.53,,,-6.0
0.0,2.8,F,F,-5.6,,-1.0,2.0
0.04,2.8,F,F,-5.6,,-1.0005333333333333,1.92
0.08,2.8,F,F,-5.6,,-1.0021333333333333,1.84
0.12,2.8,F,F,-5.6,,-1.0048,1.76
0.16,2.8,F,F,-5.6,,-1.0085333333333333,1.68
0.2,2.8,F,F,-5.6,,-1.0133333333333334,1.6
0.24,2.8,F,F,-5.6,,-1.0192,1.52
0.28,2.8,F,F,-5.6,,-1.0261333333333333,1.44
0.32,2.8,F,F,-5.6,,-1.0341333333333333,1.3599999999999999
0.36,2.8,F,F,-5.6,,-1.0432,1.28
0.4,2.8,F,F,-5.6,,-1.0533333333333332,1.2
0.44,2.8,F,F,-5.6,,-1.0645333333333333,1.12
0.48,2.8,F,F,-5.6,,-1.0768,1.04
0.52,2.8,F,F,-5.6,,-1.0901333333333334,0.96
0.56,2.8,F,F,-5.6,,-1.1045333333333334,0.8799999999999999
0.6,2.8,F,F,-5.6,,-1.12,0.8
0.64,2.8,F,F,-5.6,,-1.1365333333333334,0.72
0.68,2.8,F,F,-5.6,,-1.1541333333333335,0.6399999999999999
0.72,2.8,F,F,-5.6,,-1.1728,0.56
0.76,2.8,F,F,-5.6,,-1.1925333333333334,0.48
0.8,2.8,F,F,-5.6,,-1.2133333333333334,0.3999999999999999
0.84,2.8,F,F,-5.6,,-1.2351999999999999,0.32000000000000006
0.88,2.8,F,F,-5.6,,-1.2581333333333333,0.24
0.92,2.8,F,F,-5.6,,-1.2821333333333333,0.15999999999999992
0.96,2.8,F,F,-5.6,,-1.3072,0.08000000000000007
1.0,2.8,F,F,-5.6,,-1.3333333333333333,0.0
1.04,2.8,F,F,-5.6,,-1.3605333333333334,-0.08000000000000007
1.08,2.8,F,F,-5.6,,-1.3888,-0.16000000000000014
1.12,2.8,F,F,-5.6,,-1.4181333333333335,-0.2400000000000002
1.16,2.8,F,F,-5.6,,-1.4485333333333332,-0.31999999999999984
1.2,2.8,F,F,-5.6,,-1.48,-0.3999999999999999
1.24,2.8,F,F,-5.6,,-1.5125333333333333,-0.48
1.28,2.8,F,F,-5.6,,-1.5461333333333334,-0.56
1.32,2.8,F,F,-5.6,,-1.5808,-0.6400000000000001
1.36,2.8,F,F,-5.6,,-1.6165333333333334,-0.7200000000000002
1.4,2.8,F,F,-5.6,,-1.6533333333333333,-0.7999999999999998
1.44,2.8,F,F,-5.6,,-1.6911999999999998,-0.8799999999999999
1.48,2.8,F,F,-5.6,,-1.7301333333333333,-0.96
1.52,2.8,F,F,-5.6,,-1.7701333333333333,-1.04
1.56,2.8,F,F,-5.6,,-1.8112,-1.12
1.6,2.8,F,F,-5.6,,-1.8533333333333335,-1.2000000000000002
1.64,2.8,F,F,-5.6,,-1.8965333333333332,-1.2799999999999998
1.68,2.8,F,F,-5.6,,-1.9407999999999999,-1.3599999999999999
1.72,2.8,F,F,-5.6,,-1.986133333333333,-1.44
1.76,2.8,F,F,-5.6,,-2.0325333333333333,-1.52
1.8,2.8,F,F,-5.6,,-2.08,-1.6
1.84,2.8,F,F,-5.6,,-2.1285333333333334,-1.6800000000000002
1.88,2.8,F,F,-5.6,,-2.1781333333333333,-1.7599999999999998
1.92,2.8,F,F,-5.6,,-2.2287999999999997,-1.8399999999999999
1.96,2.8,F,F,-5.6,,-2.2805333333333335,-1.92
2.0,2.8,F,F,-5.6,,-2.333333333333333,-2.0
2.04,2.8,F,F,-5.6,,-2.3872,-2.08
2.08,2.8,F,F,-5.6,,-2.4421333333333335,-2.16
2.12,2.8,F,F,-5.6,,-2.4981333333333335,-2.24
2.16,2.8,F,F,-5.6,,-2.5552,-2.3200000000000003
2.2,2.8,F,F,-5.6,,-2.6133333333333333,-2.4000000000000004
2.24,2.8,F,F,-5.6,,-2.672533333333334,-2.4800000000000004
2.28,2.8,F,F,-5.6,,-2.7328,-2.5599999999999996
2.32,2.8,F,F,-5.6,,-2.794133333333333,-2.6399999999999997
2.36,2.8,F,F,-5.6,,-2.856533333333333,-2.7199999999999998
2.4,2.8,F,F,-5.6,,-2.92,-2.8
2.44,2.8,F,F,-5.6,,-2.9845333333333333,-2.88
2.48,2.8,F,F,-5.6,,-3.0501333333333336,-2.96
2.52,2.8,F,F,-5.6,,-3.1168,-3.04
2.56,2.8,F,F,-5.6,,-3.1845333333333334,-3.12
2.6,2.8,F,F,-5.6,,-3.2533333333333334,-3.2
2.64,2.8,F,F,-5.6,,-3.3232000000000004,-3.2800000000000002
2.68,2.8,F,F,-5.6,,-3.394133333333334,-3.3600000000000003
2.72,2.8,F,F,-5.6,,-3.466133333333334,-3.4400000000000004
2.76,2.8,F,F,-5.6,,-3.5391999999999997,-3.5199999999999996
2.8,2.8,F,F,-5.6,,-3.613333333333333,-3.5999999999999996
2.84,2.8,F,F,-5.6,,-3.6885333333333334,-3.6799999999999997
2.88,2.8,F,F,-5.6,,-3.7647999999999997,-3.76
2.92,2.8,F,F,-5.6,,-3.842133333333333,-3.84
2.96,2.8,F,F,-5.6,,-3.920533333333333,-3.92
3.0,2.8,F,F,-5.6,,-4.0,-4.0
3.04,2.8,F,F,-5.6,,,-4.08
3.08,2.8,F,F,-5.6,,,-4.16
3.12,2.8,F,F,-5.6,,,-4.24
3.16,2.8,F,F,-5.6,,,-4.32
3.2,2.8,F,F,-5.6,,,-4.4
3.24,2.8,F,F,-5.6,,,-4.48
3.28,2.8,F,F,-5.6,,,-4.56
3.32,2.8,F,F,-5.6,,,-4.64
3.36,2.8,F,F,-5.6,,,-4.72
3.4,2.8,F,F,-5.6,,,-4.8
3.44,2.8,F,F,-5.6,,,-4.88
3.48,2.8,F,F,-5.6,,,-4.96
3.52,2.8,F,F,-5.6,,,-5.04
3.56,2.8,F,F,-5.6,,,-5.12
3.6,2.8,F,F,-5.6,,,-5.2
3.64,2.8,F,F,-5.6,,,-5.28
3.68,2.8,F,F,-5.6,,,-5.36
3.72,2.8,F,F,-5.6,,,-5.44
3.76,2.8,F,F,-5.6,,,-5.52
3.8,2.8,degenerate,F|FLP,-5.6,,,-5.6
3.84,2.8,FLP,FLP,-5.6,,,-5.68
3.88,2.8,FLP,FLP,-5.6,,,-5.76
3.92,2.8,FLP,FLP,-5.6,,,-5.84
3.96,2.8,FLP,FLP,-5.6,,,-5.92
4.0,2.8,FLP,FLP,-5.6,,,-6.0
0.0,2.835,F,F,-5.67,,-1.0,2.0
0.04,2.835,F,F,-5.67,,-1.0005333333333333,1.92
0.08,2.835,F,F,-5.67,,-1.0021333333333333,1.84
0.12,2.835,F,F,-5.67,,-1.0048,1.76
0.16,2.835,F,F,-5.67,,-1.0085333333333333,1.68
0.2,2.835,F,F,-5.67,,-1.0133333333333334,1.6
0.24,2.835,F,F,-5.67,,-1.0192,1.52
0.28,2.835,F,F,-5.67,,-1.0261333333333333,1.44
0.32,2.835,F,F,-5.67,,-1.0341333333333333,1.3599999999999999
0.36,2.835,F,F,-5.67,,-1.0432,1.28
0.4,2.835,F,F,-5.67,,-1.0533333333333332,1.2
0.44,2.835,F,F,-5.67,,-1.0645333333333333,1.12
0.48,2.835,F,F,-5.67,,-1.0768,1.04
0.52,2.835,F,F,-5.67,,-1.0901333333333334,0.96
0.56,2.835,F,F,-5.67,,-1.1045333333333334,0.8799999999999999
0.6,2.835,F,F,-5.67,,-1.12,0.8
0.64,2.835,F,F,-5.67,,-1.1365333333333334,0.72
0.68,2.835,F,F,-5.67,,-1.1541333333333335,0.6399999999999999
0.72,2.835,F,F,-5.67,,-1.1728,0.56
0.76,2.835,F,F,-5.67,,-1.1925333333333334,0.48
0.8,2.835,F,F,-5.67,,-1.2133333333333334,0.3999999999999999
0.84,2.835,F,F,-5.67,,-1.2351999999999999,0.32000000000000006
0.88,2.835,F,F,-5.67,,-1.2581333333333333,0.24
0.92,2.835,F,F,-5.67,,-1.2821333333333333,0.15999999999999992
0.96,2.835,F,F,-5.67,,-1.3072,0.08000000000000007
1.0,2.835,F,F,-5.67,,-1.3333333333333333,0.0
1.04,2.835,F,F,-5.67,,-1.3605333333333334,-0.08000000000000007
1.08,2.835,F,F,-5.67,,-1.3888,-0.16000000000000014
1.12,2.835,F,F,-5.67,,-1.4181333333333335,-0.2400000000000002
1.16,2.835,F,F,-5.67,,-1.4485333333333332,-0.31999999999999984
1.2,2.835,F,F,-5.67,,-1.48,-0.3999999999999999
1.24,2.835,F,F,-5.67,,-1.5125333333333333,-0.48
1.28,2.835,F,F,-5.67,,-1.5461333333333334,-0.56
1.32,2.835,F,F,-5.67,,-1.5808,-0.6400000000000001
1.36,2.835,F,F,-5.67,,-1.6165333333333334,-0.7200000000000002
1.4,2.835,F,F,-5.67,,-1.6533333333333333,-0.7999999999999998
1.44,2.835,F,F,-5.67,,-1.6911999999999998,-0.8799999999999999
1.48,2.835,F,F,-5.67,,-1.7301333333333333,-0.96
1.52,2.835,F,F,-5.67,,-1.7701333333333333,-1.04
1.56,2.835,F,F,-5.67,,-1.8112,-1.12
1.6,2.835,F,F,-5.67,,-1.8533333333333335,-1.2000000000000002
1.64,2.835,F,F,-5.67,,-1.8965333333333332,-1.2799999999999998
1.68,2.835,F,F,-5.67,,-1.9407999999999999,-1.3599999999999999
1.72,2.835,F,F,-5.67,,-1.986133333333333,-1.44
1.76,2.835,F,F,-5.67,,-2.0325333333333333,-1.52
1.8,2.835,F,F,-5.67,,-2.08,-1.6
1.84,2.835,F,F,-5.67,,-2.1285333333333334,-1.6800000000000002
1.88,2.835,F,F,-5.67,,-2.1781333333333333,-1.7599999999999998
1.92,2.835,F,F,-5.67,,-2.2287999999999997,-1.8399999999999999
1.96,2.835,F,F,-5.67,,-2.2805333333333335,-1.92
2.0,2.835,F,F,-5.67,,-2.333333333333333,-2.0
2.04,2.835,F,F,-5.67,,-2.3872,-2.08
2.08,2.835,F,F,-5.67,,-2.4421333333333335,-2.16
2.12,2.835,F,F,-5.67,,-2.4981333333333335,-2.24
2.16,2.835,F,F,-5.67,,-2.5552,-2.3200000000000003
2.2,2.835,F,F,-5.67,,-2.6133333333333333,-2.4000000000000004
2.24,2.835,F,F,-5.67,,-2.672533333333334,-2.4800000000000004
2.28,2.835,F,F,-5.67,,-2.7328,-2.5599999999999996
2.32,2.835,F,F,-5.67,,-2.794133333333333,-2.6399999999999997
2.36,2.835,F,F,-5.67,,-2.856533333333333,-2.7199999999999998
2.4,2.835,F,F,-5.67,,-2.92,-2.8
2.44,2.835,F,F,-5.67,,-2.9845333333333333,-2.88
2.48,2.835,F,F,-5.67,,-3.0501333333333336,-2.96
2.52,2.835,F,F,-5.67,,-3.1168,-3.04
2.56,2.835,F,F,-5.67,,-3.1845333333333334,-3.12
2.6,2.835,F,F,-5.67,,-3.2533333333333334,-3.2
2.64,2.835,F,F,-5.67,,-3.3232000000000004,-3.2800000000000002
2.68,2.835,F,F,-5.67,,-3.394133333333334,-3.3600000000000003
2.72,2.835,F,F,-5.67,,-3.466133333333334,-3.4400000000000004
2.76,2.835,F,F,-5.67,,-3.5391999999999997,-3.5199999999999996
2.8,2.835,F,F,-5.67,,-3.613333333333333,-3.5999999999999996
2.84,2.835,F,F,-5.67,,-3.6885333333333334,-3.6799999999999997
2.88,2.835,F,F,-5.67,,-3.7647999999999997,-3.76
2.92,2.835,F,F,-5.67,,-3.842133333333333,-3.84
2.96,2.835,F,F,-5.67,,-3.920533333333333,-3.92
3.0,2.835,F,F,-5.67,,-4.0,-4.0
3.04,2.835,F,F,-5.67,,,-4.08
3.08,2.835,F,F,-5.67,,,-4.16
3.12,2.835,F,F,-5.67,,,-4.24
3.16,2.835,F,F,-5.67,,,-4.32
3.2,2.835,F,F,-5.67,,,-4.4
3.24,2.835,F,F,-5.67,,,-4.48
3.28,2.835,F,F,-5.67,,,-4.56
3.32,2.835,F,F,-5.67,,,-4.64
3.36,2.835,F,F,-5.67,,,-4.72
3.4,2.835,F,F,-5.67,,,-4.8
3.44,2.835,F,F,-5.67,,,-4.88
3.48,2.835,F,F,-5.67,,,-4.96
3.52,2.835,F,F,-5.67,,,-5.04
3.56,2.835,F,F,-5.67,,,-5.12
3.6,2.835,F,F,-5.67,,,-5.2
3.64,2.835,F,F,-5.67,,,-5.28
3.68,2.835,F,F,-5.67,,,-5.36
3.72,2.835,F,F,-5.67,,,-5.44
3.76,2.835,F,F,-5.67,,,-5.52
3.8,2.835,F,F,-5.67,,,-5.6
3.84,2.835,FLP,FLP,-5.67,,,-5.68
3.88,2.835,FLP,FLP,-5.67,,,-5.76
3.92,2.835,FLP,FLP,-5.67,,,-5.84
3.96,2.835,FLP,FLP,-5.67,,,-5.92
4.0,2.835,FLP,FLP,-5.67,,,-6.0
0.0,2.87,F,F,-5.74,,-1.0,2.0
0.04,2.87,F,F,-5.74,,-1.0005333333333333,1.92
0.08,2.87,F,F,-5.74,,-1.0021333333333333,1.84
0.12,2.87,F,F,-5.74,,-1.0048,1.76
0.16,2.87,F,F,-5.74,,-1.0085333333333333,1.68
0.2,2.87,F,F,-5.74,,-1.0133333333333334,1.6
0.24,2.87,F,F,-5.74,,-1.0192,1.52
0.28,2.87,F,F,-5.74,,-1.0261333333333333,1.44
0.32,2.87,F,F,-5.74,,-1.0341333333333333,1.3599999999999999
0.36,2.87,F,F,-5.74,,-1.0432,1.28
0.4,2.87,F,F,-5.74,,-1.0533333333333332,1.2
0.44,2.87,F,F,-5.74,,-1.0645333333333333,1.12
0.48,2.87,F,F,-5.74,,-1.0768,1.04
0.52,2.87,F,F,-5.74,,-1.0901333333333334,0.96
0.56,2.87,F,F,-5.74,,-1.1045333333333334,0.8799999999999999
0.6,2.87,F,F,-5.74,,-1.12,0.8
0.64,2.87,F,F,-5.74,,-1.1365333333333334,0.72
0.68,2.87,F,F,-5.74,,-1.1541333333333335,0.6399999999999999
0.72,2.87,F,F,-5.74,,-1.1728,0.56
0.76,2.87,F,F,-5.74,,-1.1925333333333334,0.48
0.8,2.87,F,F,-5.74,,-1.2133333333333334,0.3999999999999999
0.84,2.87,F,F,-5.74,,-1.2351999999999999,0.32000000000000006
0.88,2.87,F,F,-5.74,,-1.2581333333333333,0.24
0.92,2.87,F,F,-5.74,,-1.2821333333333333,0.15999999999999992
0.96,2.87,F,F,-5.74,,-1.3072,0.08000000000000007
1.0,2.87,F,F,-5.74,,-1.3333333333333333,0.0
1.04,2.87,F,F,-5.74,,-1.3605333333333334,-0.08000000000000007
1.08,2.87,F,F,-5.74,,-1.3888,-0.16000000000000014
1.12,2.87,F,F,-5.74,,-1.4181333333333335,-0.2400000000000002
1.16,2.87,F,F,-5.74,,-1.4485333333333332,-0.31999999999999984
1.2,2.87,F,F,-5.74,,-1.48,-0.3999999999999999
1.24,2.87,F,F,-5.74,,-1.5125333333333333,-0.48
1.28,2.87,F,F,-5.74,,-1.5461333333333334,-0.56
1.32,2.87,F,F,-5.74,,-1.5808,-0.6400000000000001
1.36,2.87,F,F,-5.74,,-1.6165333333333334,-0.7200000000000002
1.4,2.87,F,F,-5.74,,-1.6533333333333333,-0.7999999999999998
1.44,2.87,F,F,-5.74,,-1.6911999999999998,-0.8799999999999999
1.48,2.87,F,F,-5.74,,-1.7301333333333333,-0.96
1.52,2.87,F,F,-5.74,,-1.7701333333333333,-1.04
1.56,2.87,F,F,-5.74,,-1.8112,-1.12
1.6,2.87,F,F,-5.74,,-1.8533333333333335,-1.2000000000000002
1.64,2.87,F,F,-5.74,,-1.8965333333333332,-1.2799999999999998
1.68,2.87,F,F,-5.74,,-1.9407999999999999,-1.3599999999999999
1.72,2.87,F,F,-5.74,,-1.986133333333333,-1.44
1.76,2.87,F,F,-5.74,,-2.0325333333333333,-1.52
1.8,2.87,F,F,-5.74,,-2.08,-1.6
1.84,2.87,F,F,-5.74,,-2.1285333333333334,-1.6800000000000002
1.88,2.87,F,F,-5.74,,-2.1781333333333333,-1.7599999999999998
1.92,2.87,F,F,-5.74,,-2.2287999999999997,-1.8399999999999999
1.96,2.87,F,F,-5.74,,-2.2805333333333335,-1.92
2.0,2.87,F,F,-5.74,,-2.333333333333333,-2.0
2.04,2.87,F,F,-5.74,,-2.3872,-2.08
2.08,2.87,F,F,-5.74,,-2.4421333333333335,-2.16
2.12,2.87,F,F,-5.74,,-2.4981333333333335,-2.24
2.16,2.87,F,F,-5.74,,-2.5552,-2.3200000000000003
2.2,2.87,F,F,-5.74,,-2.6133333333333333,-2.4000000000000004
2.24,2.87,F,F,-5.74,,-2.672533333333334,-2.4800000000000004
2.28,2.87,F,F,-5.74,,-2.7328,-2.5599999999999996
2.32,2.87,F,F,-5.74,,-2.794133333333333,-2.6399999999999997
2.36,2.87,F,F,-5.74,,-2.856533333333333,-2.7199999999999998
2.4,2.87,F,F,-5.74,,-2.92,-2.8
2.44,2.87,F,F,-5.74,,-2.9845333333333333,-2.88
2.48,2.87,F,F,-5.74,,-3.0501333333333336,-2.96
2.52,2.87,F,F,-5.74,,-3.1168,-3.04
2.56,2.87,F,F,-5.74,,-3.1845333333333334,-3.12
2.6,2.87,F,F,-5.74,,-3.2533333333333334,-3.2
2.64,2.87,F,F,-5.74,,-3.3232000000000004,-3.2800000000000002
2.68,2.87,F,F,-5.74,,-3.394133333333334,-3.3600000000000003
2.72,2.87,F,F,-5.74,,-3.466133333333334,-3.4400000000000004
2.76,2.87,F,F,-5.74,,-3.5391999999999997,-3.5199999999999996
2.8,2.87,F,F,-5.74,,-3.613333333333333,-3.5999999999999996
2.84,2.87,F,F,-5.74,,-3.6885333333333334,-3.6799999999999997
2.88,2.87,F,F,-5.74,,-3.7647999999999997,-3.76
2.92,2.87,F,F,-5.74,,-3.842133333333333,-3.84
2.96,2.87,F,F,-5.74,,-3.920533333333333,-3.92
3.0,2.87,F,F,-5.74,,-4.0,-4.0
3.04,2.87,F,F,-5.74,,,-4.08
3.08,2.87,F,F,-5.74,,,-4.16
3.12,2.87,F,F,-5.74,,,-4.24
3.16,2.87,F,F,-5.74,,,-4.32
3.2,2.87,F,F,-5.74,,,-4.4
3.24,2.87,F,F,-5.74,,,-4.48
3.28,2.87,F,F,-5.74,,,-4.56
3.32,2.87,F,F,-5.74,,,-4.64
3.36,2.87,F,F,-5.74,,,-4.72
3.4,2.87,F,F,-5.74,,,-4.8
3.44,2.87,F,F,-5.74,,,-4.88
3.48,2.87,F,F,-5.74,,,-4.96
3.52,2.87,F,F,-5.74,,,-5.04
3.56,2.87,F,F,-5.74,,,-5.12
3.6,2.87,F,F,-5.74,,,-5.2
3.64,2.87,F,F,-5.74,,,-5.28
3.68,2.87,F,F,-5.74,,,-5.36
3.72,2.87,F,F,-5.74,,,-5.44
3.76,2.87,F,F,-5.74,,,-5.52
3.8,2.87,F,F,-5.74,,,-5.6
3.84,2.87,F,F,-5.74,,,-5.68
3.88,2.87,FLP,FLP,-5.74,,,-5.76
3.92,2.87,FLP,FLP,-5.74,,,-5.84
3.96,2.87,FLP,FLP,-5.74,,,-5.92
4.0,2.87,FLP,FLP,-5.74,,,-6.0
0.0,2.905,F,F,-5.81,,-1.0,2.0
0.04,2.905,F,F,-5.81,,-1.0005333333333333,1.92
0.08,2.905,F,F,-5.81,,-1.0021333333333333,1.84
0.12,2.905,F,F,-5.81,,-1.0048,1.76
0.16,2.905,F,F,-5.81,,-1.0085333333333333,1.68
0.2,2.905,F,F,-5.81,,-1.0133333333333334,1.6
0.24,2.905,F,F,-5.81,,-1.0192,1.52
0.28,2.905,F,F,-5.81,,-1.0261333333333333,1.44
0.32,2.905,F,F,-5.81,,-1.0341333333333333,1.3599999999999999
0.36,2.905,F,F,-5.81,,-1.0432,1.28
0.4,2.905,F,F,-5.81,,-1.0533333333333332,1.2
0.44,2.905,F,F,-5.81,,-1.0645333333333333,1.12
0.48,2.905,F,F,-5.81,,-1.0768,1.04
0.52,2.905,F,F,-5.81,,-1.0901333333333334,0.96
0.56,2.905,F,F,-5.81,,-1.1045333333333334,0.8799999999999999
0.6,2.905,F,F,-5.81,,-1.12,0.8
0.64,2.905,F,F,-5.81,,-1.1365333333333334,0.72
0.68,2.905,F,F,-5.81,,-1.1541333333333335,0.6399999999999999
0.72,2.905,F,F,-5.81,,-1.1728,0.56
0.76,2.905,F,F,-5.81,,-1.1925333333333334,0.48
0.8,2.905,F,F,-5.81,,-1.2133333333333334,0.3999999999999999
0.84,2.905,F,F,-5.81,,-1.2351999999999999,0.32000000000000006
0.88,2.905,F,F,-5.81,,-1.2581333333333333,0.24
0.92,2.905,F,F,-5.81,,-1.2821333333333333,0.15999999999999992
0.96,2.905,F,F,-5.81,,-1.3072,0.08000000000000007
1.0,2.905,F,F,-5.81,,-1.3333333333333333,0.0
1.04,2.905,F,F,-5.81,,-1.3605333333333334,-0.08000000000000007
1.08,2.905,F,F,-5.81,,-1.3888,-0.16000000000000014
1.12,2.905,F,F,-5.81,,-1.4181333333333335,-0.2400000000000002
1.16,2.905,F,F,-5.81,,-1.4485333333333332,-0.31999999999999984
1.2,2.905,F,F,-5.81,,-1.48,-0.3999999999999999
1.24,2.905,F,F,-5.81,,-1.5125333333333333,-0.48
1.28,2.905,F,F,-5.81,,-1.5461333333333334,-0.56
1.32,2.905,F,F,-5.81,,-1.5808,-0.6400000000000001
1.36,2.905,F,F,-5.81,,-1.6165333333333334,-0.7200000000000002
1.4,2.905,F,F,-5.81,,-1.6533333333333333,-0.7999999999999998
1.44,2.905,F,F,-5.81,,-1.6911999999999998,-0.8799999999999999
1.48,2.905,F,F,-5.81,,-1.7301333333333333,-0.96
1.52,2.905,F,F,-5.81,,-1.7701333333333333,-1.04
1.56,2.905,F,F,-5.81,,-1.8112,-1.12
1.6,2.905,F,F,-5.81,,-1.8533333333333335,-1.2000000000000002
1.64,2.905,F,F,-5.81,,-1.8965333333333332,-1.2799999999999998
1.68,2.905,F,F,-5.81,,-1.9407999999999999,-1.3599999999999999
1.72,2.905,F,F,-5.81,,-1.986133333333333,-1.44
1.76,2.905,F,F,-5.81,,-2.0325333333333333,-1.52
1.8,2.905,F,F,-5.81,,-2.08,-1.6
1.84,2.905,F,F,-5.81,,-2.1285333333333334,-1.6800000000000002
1.88,2.905,F,F,-5.81,,-2.1781333333333333,-1.7599999999999998
1.92,2.905,F,F,-5.81,,-2.2287999999999997,-1.8399999999999999
1.96,2.905,F,F,-5.81,,-2.2805333333333335,-1.92
2.0,2.905,F,F,-5.81,,-2.333333333333333,-2.0
2.04,2.905,F,F,-5.81,,-2.3872,-2.08
2.08,2.905,F,F,-5.81,,-2.4421333333333335,-2.16
2.12,2.905,F,F,-5.81,,-2.4981333333333335,-2.24
2.16,2.905,F,F,-5.81,,-2.5552,-2.3200000000000003
2.2,2.905,F,F,-5.81,,-2.6133333333333333,-2.4000000000000004
2.24,2.905,F,F,-5.81,,-2.672533333333334,-2.4800000000000004
2.28,2.905,F,F,-5.81,,-2.7328,-2.5599999999999996
2.32,2.905,F,F,-5.81,,-2.794133333333333,-2.6399999999999997
2.36,2.905,F,F,-5.81,,-2.856533333333333,-2.7199999999999998
2.4,2.905,F,F,-5.81,,-2.92,-2.8
2.44,2.905,F,F,-5.81,,-2.9845333333333333,-2.88
2.48,2.905,F,F,-5.81,,-3.0501333333333336,-2.96
2.52,2.905,F,F,-5.81,,-3.1168,-3.04
2.56,2.905,F,F,-5.81,,-3.1845333333333334,-3.12
2.6,2.905,F,F,-5.81,,-3.2533333333333334,-3.2
2.64,2.905,F,F,-5.81,,-3.3232000000000004,-3.2800000000000002
2.68,2.905,F,F,-5.81,,-3.394133333333334,-3.3600000000000003
2.72,2.905,F,F,-5.81,,-3.466133333333334,-3.4400000000000004
2.76,2.905,F,F,-5.81,,-3.5391999999999997,-3.5199999999999996
2.8,2.905,F,F,-5.81,,-3.613333333333333,-3.5999999999999996
2.84,2.905,F,F,-5.81,,-3.6885333333333334,-3.6799999999999997
2.88,2.905,F,F,-5.81,,-3.7647999999999997,-3.76
2.92,2.905,F,F,-5.81,,-3.842133333333333,-3.84
2.96,2.905,F,F,-5.81,,-3.920533333333333,-3.92
3.0,2.905,F,F,-5.81,,-4.0,-4.0
3.04,2.905,F,F,-5.81,,,-4.08
3.08,2.905,F,F,-5.81,,,-4.16
3.12,2.905,F,F,-5.81,,,-4.24
3.16,2.905,F,F,-5.81,,,-4.32
3.2,2.905,F,F,-5.81,,,-4.4
3.24,2.905,F,F,-5.81,,,-4.48
3.28,2.905,F,F,-5.81,,,-4.56
3.32,2.905,F,F,-5.81,,,-4.64
3.36,2.905,F,F,-5.81,,,-4.72
3.4,2.905,F,F,-5.81,,,-4.8
3.44,2.905,F,F,-5.81,,,-4.88
3.48,2.905,F,F,-5.81,,,-4.96
3.52,2.905,F,F,-5.81,,,-5.04
3.56,2.905,F,F,-5.81,,,-5.12
3.6,2.905,F,F,-5.81,,,-5.2
3.64,2.905,F,F,-5.81,,,-5.28
3.68,2.905,F,F,-5.81,,,-5.36
3.72,2.905,F,F,-5.81,,,-5.44
3.76,2.905,F,F,-5.81,,,-5.52
3.8,2.905,F,F,-5.81,,,-5.6
3.84,2.905,F,F,-5.81,,,-5.68
3.88,2.905,F,F,-5.81,,,-5.76
3.92,2.905,FLP,FLP,-5.81,,,-5.84
3.96,2.905,FLP,FLP,-5.81,,,-5.92
4.0,2.905,FLP,FLP,-5.81,,,-6.0
0.0,2.94,F,F,-5.88,,-1.0,2.0
0.04,2.94,F,F,-5.88,,-1.0005333333333333,1.92
0.08,2.94,F,F,-5.88,,-1.0021333333333333,1.84
0.12,2.94,F,F,-5.88,,-1.0048,1.76
0.16,2.94,F,F,-5.88,,-1.0085333333333333,1.68
0.2,2.94,F,F,-5.88,,-1.0133333333333334,1.6
0.24,2.94,F,F,-5.88,,-1.0192,1.52
0.28,2.94,F,F,-5.88,,-1.0261333333333333,1.44
0.32,2.94,F,F,-5.88,,-1.0341333333333333,1.3599999999999999
0.36,2.94,F,F,-5.88,,-1.0432,1.28
0.4,2.94,F,F,-5.88,,-1.0533333333333332,1.2
0.44,2.94,F,F,-5.88,,-1.0645333333333333,1.12
0.48,2.94,F,F,-5.88,,-1.0768,1.04
0.52,2.94,F,F,-5.88,,-1.0901333333333334,0.96
0.56,2.94,F,F,-5.88,,-1.1045333333333334,0.8799999999999999
0.6,2.94,F,F,-5.88,,-1.12,0.8
0.64,2.94,F,F,-5.88,,-1.1365333333333334,0.72
0.68,2.94,F,F,-5.88,,-1.1541333333333335,0.6399999999999999
0.72,2.94,F,F,-5.88,,-1.1728,0.56
0.76,2.94,F,F,-5.88,,-1.1925333333333334,0.48
0.8,2.94,F,F,-5.88,,-1.2133333333333334,0.3999999999999999
0.84,2.94,F,F,-5.88,,-1.2351999999999999,0.32000000000000006
0.88,2.94,F,F,-5.88,,-1.2581333333333333,0.24
0.92,2.94,F,F,-5.88,,-1.2821333333333333,0.15999999999999992
0.96,2.94,F,F,-5.88,,-1.3072,0.08000000000000007
1.0,2.94,F,F,-5.88,,-1.3333333333333333,0.0
1.04,2.94,F,F,-5.88,,-1.3605333333333334,-0.08000000000000007
1.08,2.94,F,F,-5.88,,-1.3888,-0.16000000000000014
1.12,2.94,F,F,-5.88,,-1.4181333333333335,-0.2400000000000002
1.16,2.94,F,F,-5.88,,-1.4485333333333332,-0.31999999999999984
1.2,2.94,F,F,-5.88,,-1.48,-0.3999999999999999
1.24,2.94,F,F,-5.88,,-1.5125333333333333,-0.48
1.28,2.94,F,F,-5.88,,-1.5461333333333334,-0.56
1.32,2.94,F,F,-5.88,,-1.5808,-0.6400000000000001
1.36,2.94,F,F,-5.88,,-1.6165333333333334,-0.7200000000000002
1.4,2.94,F,F,-5.88,,-1.6533333333333333,-0.7999999999999998
1.44,2.94,F,F,-5.88,,-1.6911999999999998,-0.8799999999999999
1.48,2.94,F,F,-5.88,,-1.7301333333333333,-0.96
1.52,2.94,F,F,-5.88,,-1.7701333333333333,-1.04
1.56,2.94,F,F,-5.88,,-1.8112,-1.12
1.6,2.94,F,F,-5.88,,-1.8533333333333335,-1.2000000000000002
1.64,2.94,F,F,-5.88,,-1.8965333333333332,-1.2799999999999998
1.68,2.94,F,F,-5.88,,-1.9407999999999999,-1.3599999999999999
1.72,2.94,F,F,-5.88,,-1.986133333333333,-1.44
1.76,2.94,F,F,-5.88,,-2.0325333333333333,-1.52
1.8,2.94,F,F,-5.88,,-2.08,-1.6
1.84,2.94,F,F,-5.88,,-2.1285333333333334,-1.6800000000000002
1.88,2.94,F,F,-5.88,,-2.1781333333333333,-1.7599999999999998
1.92,2.94,F,F,-5.88,,-2.2287999999999997,-1.8399999999999999
1.96,2.94,F,F,-5.88,,-2.2805333333333335,-1.92
2.0,2.94,F,F,-5.88,,-2.333333333333333,-2.0
2.04,2.94,F,F,-5.88,,-2.3872,-2.08
2.08,2.94,F,F,-5.88,,-2.4421333333333335,-2.16
2.12,2.94,F,F,-5.88,,-2.4981333333333335,-2.24
2.16,2.94,F,F,-5.88,,-2.5552,-2.3200000000000003
2.2,2.94,F,F,-5.88,,-2.6133333333333333,-2.4000000000000004
2.24,2.94,F,F,-5.88,,-2.672533333333334,-2.4800000000000004
2.28,2.94,F,F,-5.88,,-2.7328,-2.5599999999999996
2.32,2.94,F,F,-5.88,,-2.794133333333333,-2.6399999999999997
2.36,2.94,F,F,-5.88,,-2.856533333333333,-2.7199999999999998
2.4,2.94,F,F,-5.88,,-2.92,-2.8
2.44,2.94,F,F,-5.88,,-2.9845333333333333,-2.88
2.48,2.94,F,F,-5.88,,-3.0501333333333336,-2.96
2.52,2.94,F,F,-5.88,,-3.1168,-3.04
2.56,2.94,F,F,-5.88,,-3.1845333333333334,-3.12
2.6,2.94,F,F,-5.88,,-3.2533333333333334,-3.2
2.64,2.94,F,F,-5.88,,-3.3232000000000004,-3.2800000000000002
2.68,2.94,F,F,-5.88,,-3.394133333333334,-3.3600000000000003
2.72,2.94,F,F,-5.88,,-3.466133333333334,-3.4400000000000004
2.76,2.94,F,F,-5.88,,-3.5391999999999997,-3.5199999999999996
2.8,2.94,F,F,-5.88,,-3.613333333333333,-3.5999999999999996
2.84,2.94,F,F,-5.88,,-3.6885333333333334,-3.6799999999999997
2.88,2.94,F,F,-5.88,,-3.7647999999999997,-3.76
2.92,2.94,F,F,-5.88,,-3.842133333333333,-3.84
2.96,2.94,F,F,-5.88,,-3.920533333333333,-3.92
3.0,2.94,F,F,-5.88,,-4.0,-4.0
3.04,2.94,F,F,-5.88,,,-4.08
3.08,2.94,F,F,-5.88,,,-4.16
3.12,2.94,F,F,-5.88,,,-4.24
3.16,2.94,F,F,-5.88,,,-4.32
3.2,2.94,F,F,-5.88,,,-4.4
3.24,2.94,F,F,-5.88,,,-4.48
3.28,2.94,F,F,-5.88,,,-4.56
3.32,2.94,F,F,-5.88,,,-4.64
3.36,2.94,F,F,-5.88,,,-4.72
3.4,2.94,F,F,-5.88,,,-4.8
3.44,2.94,F,F,-5.88,,,-4.88
3.48,2.94,F,F,-5.88,,,-4.96
3.52,2.94,F,F,-5.88,,,-5.04
3.56,2.94,F,F,-5.88,,,-5.12
3.6,2.94,F,F,-5.88,,,-5.2
3.64,2.94,F,F,-5.88,,,-5.28
3.68,2.94,F,F,-5.88,,,-5.36
3.72,2.94,F,F,-5.88,,,-5.44
3.76,2.94,F,F,-5.88,,,-5.52
3.8,2.94,F,F,-5.88,,,-5.6
3.84,2.94,F,F,-5.88,,,-5.68
3.88,2.94,F,F,-5.88,,,-5.76
3.92,2.94,F,F,-5.88,,,-5.84
3.96,2.94,FLP,FLP,-5.88,,,-5.92
4.0,2.94,FLP,FLP,-5.88,,,-6.0
0.0,2.975,F,F,-5.95,,-1.0,2.0
0.04,2.975,F,F,-5.95,,-1.0005333333333333,1.92
0.08,2.975,F,F,-5.95,,-1.0021333333333333,1.84
0.12,2.975,F,F,-5.95,,-1.0048,1.76
0.16,2.975,F,F,-5.95,,-1.0085333333333333,1.68
0.2,2.975,F,F,-5.95,,-1.0133333333333334,1.6
0.24,2.975,F,F,-5.95,,-1.0192,1.52
0.28,2.975,F,F,-5.95,,-1.0261333333333333,1.44
0.32,2.975,F,F,-5.95,,-1.0341333333333333,1.3599999999999999
0.36,2.975,F,F,-5.95,,-1.0432,1.28
0.4,2.975,F,F,-5.95,,-1.0533333333333332,1.2
0.44,2.975,F,F,-5.95,,-1.0645333333333333,1.12
0.48,2.975,F,F,-5.95,,-1.0768,1.04
0.52,2.975,F,F,-5.95,,-1.0901333333333334,0.96
0.56,2.975,F,F,-5.95,,-1.1045333333333334,0.8799999999999999
0.6,2.975,F,F,-5.95,,-1.12,0.8
0.64,2.975,F,F,-5.95,,-1.1365333333333334,0.72
0.68,2.975,F,F,-5.95,,-1.1541333333333335,0.6399999999999999
0.72,2.975,F,F,-5.95,,-1.1728,0.56
0.76,2.975,F,F,-5.95,,-1.1925333333333334,0.48
0.8,2.975,F,F,-5.95,,-1.2133333333333334,0.3999999999999999
0.84,2.975,F,F,-5.95,,-1.2351999999999999,0.32000000000000006
0.88,2.975,F,F,-5.95,,-1.2581333333333333,0.24
0.92,2.975,F,F,-5.95,,-1.2821333333333333,0.15999999999999992
0.96,2.975,F,F,-5.95,,-1.3072,0.08000000000000007
1.0,2.975,F,F,-5.95,,-1.3333333333333333,0.0
1.04,2.975,F,F,-5.95,,-1.3605333333333334,-0.08000000000000007
1.08,2.975,F,F,-5.95,,-1.3888,-0.16000000000000014
1.12,2.975,F,F,-5.95,,-1.4181333333333335,-0.2400000000000002
1.16,2.975,F,F,-5.95,,-1.4485333333333332,-0.31999999999999984
1.2,2.975,F,F,-5.95,,-1.48,-0.3999999999999999
1.24,2.975,F,F,-5.95,,-1.5125333333333333,-0.48
1.28,2.975,F,F,-5.95,,-1.5461333333333334,-0.56
1.32,2.975,F,F,-5.95,,-1.5808,-0.6400000000000001
1.36,2.975,F,F,-5.95,,-1.6165333333333334,-0.7200000000000002
1.4,2.975,F,F,-5.95,,-1.6533333333333333,-0.7999999999999998
1.44,2.975,F,F,-5.95,,-1.6911999999999998,-0.8799999999999999
1.48,2.975,F,F,-5.95,,-1.7301333333333333,-0.96
1.52,2.975,F,F,-5.95,,-1.7701333333333333,-1.04
1.56,2.975,F,F,-5.95,,-1.8112,-1.12
1.6,2.975,F,F,-5.95,,-1.8533333333333335,-1.2000000000000002
1.64,2.975,F,F,-5.95,,-1.8965333333333332,-1.2799999999999998
1.68,2.975,F,F,-5.95,,-1.9407999999999999,-1.3599999999999999
1.72,2.975,F,F,-5.95,,-1.986133333333333,-1.44
1.76,2.975,F,F,-5.95,,-2.0325333333333333,-1.52
1.8,2.975,F,F,-5.95,,-2.08,-1.6
1.84,2.975,F,F,-5.95,,-2.1285333333333334,-1.6800000000000002
1.88,2.975,F,F,-5.95,,-2.1781333333333333,-1.7599999999999998
1.92,2.975,F,F,-5.95,,-2.2287999999999997,-1.8399999999999999
1.96,2.975,F,F,-5.95,,-2.2805333333333335,-1.92
2.0,2.975,F,F,-5.95,,-2.333333333333333,-2.0
2.04,2.975,F,F,-5.95,,-2.3872,-2.08
2.08,2.975,F,F,-5.95,,-2.4421333333333335,-2.16
2.12,2.975,F,F,-5.95,,-2.4981333333333335,-2.24
2.16,2.975,F,F,-5.95,,-2.5552,-2.3200000000000003
2.2,2.975,F,F,-5.95,,-2.6133333333333333,-2.4000000000000004
2.24,2.975,F,F,-5.95,,-2.672533333333334,-2.4800000000000004
2.28,2.975,F,F,-5.95,,-2.7328,-2.5599999999999996
2.32,2.975,F,F,-5.95,,-2.794133333333333,-2.6399999999999997
2.36,2.975,F,F,-5.95,,-2.856533333333333,-2.7199999999999998
2.4,2.975,F,F,-5.95,,-2.92,-2.8
2.44,2.975,F,F,-5.95,,-2.9845333333333333,-2.88
2.48,2.975,F,F,-5.95,,-3.0501333333333336,-2.96
2.52,2.975,F,F,-5.95,,-3.1168,-3.04
2.56,2.975,F,F,-5.95,,-3.1845333333333334,-3.12
2.6,2.975,F,F,-5.95,,-3.2533333333333334,-3.2
2.64,2.975,F,F,-5.95,,-3.3232000000000004,-3.2800000000000002
2.68,2.975,F,F,-5.95,,-3.394133333333334,-3.3600000000000003
2.72,2.975,F,F,-5.95,,-3.466133333333334,-3.4400000000000004
2.76,2.975,F,F,-5.95,,-3.5391999999999997,-3.5199999999999996
2.8,2.975,F,F,-5.95,,-3.613333333333333,-3.5999999999999996
2.84,2.975,F,F,-5.95,,-3.6885333333333334,-3.6799999999999997
2.88,2.975,F,F,-5.95,,-3.7647999999999997,-3.76
2.92,2.975,F,F,-5.95,,-3.842133333333333,-3.84
2.96,2.975,F,F,-5.95,,-3.920533333333333,-3.92
3.0,2.975,F,F,-5.95,,-4.0,-4.0
3.04,2.975,F,F,-5.95,,,-4.08
3.08,2.975,F,F,-5.95,,,-4.16
3.12,2.975,F,F,-5.95,,,-4.24
3.16,2.975,F,F,-5.95,,,-4.32
3.2,2.975,F,F,-5.95,,,-4.4
3.24,2.975,F,F,-5.95,,,-4.48
3.28,2.975,F,F,-5.95,,,-4.56
3.32,2.975,F,F,-5.95,,,-4.64
3.36,2.975,F,F,-5.95,,,-4.72
3.4,2.975,F,F,-5.95,,,-4.8
3.44,2.975,F,F,-5.95,,,-4.88
3.48,2.975,F,F,-5.95,,,-4.96
3.52,2.975,F,F,-5.95,,,-5.04
3.56,2.975,F,F,-5.95,,,-5.12
3.6,2.975,F,F,-5.95,,,-5.2
3.64,2.975,F,F,-5.95,,,-5.28
3.68,2.975,F,F,-5.95,,,-5.36
3.72,2.975,F,F,-5.95,,,-5.44
3.76,2.975,F,F,-5.95,,,-5.52
3.8,2.975,F,F,-5.95,,,-5.6
3.84,2.975,F,F,-5.95,,,-5.68
3.88,2.975,F,F,-5.95,,,-5.76
3.92,2.975,F,F,-5.95,,,-5.84
3.96,2.975,F,F,-5.95,,,-5.92
4.0,2.975,FLP,FLP,-5.95,,,-6.0
0.0,3.01,F,F,-6.02,,-1.0,2.0
0.04,3.01,F,F,-6.02,,-1.0005333333333333,1.92
0.08,3.01,F,F,-6.02,,-1.0021333333333333,1.84
0.12,3.01,F,F,-6.02,,-1.0048,1.76
0.16,3.01,F,F,-6.02,,-1.0085333333333333,1.68
0.2,3.01,F,F,-6.02,,-1.0133333333333334,1.6
0.24,3.01,F,F,-6.02,,-1.0192,1.52
0.28,3.01,F,F,-6.02,,-1.0261333333333333,1.44
0.32,3.01,F,F,-6.02,,-1.0341333333333333,1.3599999999999999
0.36,3.01,F,F,-6.02,,-1.0432,1.28
0.4,3.01,F,F,-6.02,,-1.0533333333333332,1.2
0.44,3.01,F,F,-6.02,,-1.0645333333333333,1.12
0.48,3.01,F,F,-6.02,,-1.0768,1.04
0.52,3.01,F,F,-6.02,,-1.0901333333333334,0.96
0.56,3.01,F,F,-6.02,,-1.1045333333333334,0.8799999999999999
0.6,3.01,F,F,-6.02,,-1.12,0.8
0.64,3.01,F,F,-6.02,,-1.1365333333333334,0.72
0.68,3.01,F,F,-6.02,,-1.1541333333333335,0.6399999999999999
0.72,3.01,F,F,-6.02,,-1.1728,0.56
0.76,3.01,F,F,-6.02,,-1.1925333333333334,0.48
0.8,3.01,F,F,-6.02,,-1.2133333333333334,0.3999999999999999
0.84,3.01,F,F,-6.02,,-1.2351999999999999,0.32000000000000006
0.88,3.01,F,F,-6.02,,-1.2581333333333333,0.24
0.92,3.01,F,F,-6.02,,-1.2821333333333333,0.15999999999999992
0.96,3.01,F,F,-6.02,,-1.3072,0.08000000000000007
1.0,3.01,F,F,-6.02,,-1.3333333333333333,0.0
1.04,3.01,F,F,-6.02,,-1.3605333333333334,-0.08000000000000007
1.08,3.01,F,F,-6.02,,-1.3888,-0.16000000000000014
1.12,3.01,F,F,-6.02,,-1.4181333333333335,-0.2400000000000002
1.16,3.01,F,F,-6.02,,-1.4485333333333332,-0.31999999999999984
1.2,3.01,F,F,-6.02,,-1.48,-0.3999999999999999
1.24,3.01,F,F,-6.02,,-1.5125333333333333,-0.48
1.28,3.01,F,F,-6.02,,-1.5461333333333334,-0.56
1.32,3.01,F,F,-6.02,,-1.5808,-0.6400000000000001
1.36,3.01,F,F,-6.02,,-1.6165333333333334,-0.7200000000000002
1.4,3.01,F,F,-6.02,,-1.6533333333333333,-0.7999999999999998
1.44,3.01,F,F,-6.02,,-1.6911999999999998,-0.8799999999999999
1.48,3.01,F,F,-6.02,,-1.7301333333333333,-0.96
1.52,3.01,F,F,-6.02,,-1.7701333333333333,-1.04
1.56,3.01,F,F,-6.02,,-1.8112,-1.12
1.6,3.01,F,F,-6.02,,-1.8533333333333335,-1.2000000000000002
1.64,3.01,F,F,-6.02,,-1.8965333333333332,-1.2799999999999998
1.68,3.01,F,F,-6.02,,-1.9407999999999999,-1.3599999999999999
1.72,3.01,F,F,-6.02,,-1.986133333333333,-1.44
1.76,3.01,F,F,-6.02,,-2.0325333333333333,-1.52
1.8,3.01,F,F,-6.02,,-2.08,-1.6
1.84,3.01,F,F,-6.02,,-2.1285333333333334,-1.6800000000000002
1.88,3.01,F,F,-6.02,,-2.1781333333333333,-1.7599999999999998
1.92,3.01,F,F,-6.02,,-2.2287999999999997,-1.8399999999999999
1.96,3.01,F,F,-6.02,,-2.2805333333333335,-1.92
2.0,3.01,F,F,-6.02,,-2.333333333333333,-2.0
2.04,3.01,F,F,-6.02,,-2.3872,-2.08
2.08,3.01,F,F,-6.02,,-2.4421333333333335,-2.16
2.12,3.01,F,F,-6.02,,-2.4981333333333335,-2.24
2.16,3.01,F,F,-6.02,,-2.5552,-2.3200000000000003
2.2,3.01,F,F,-6.02,,-2.6133333333333333,-2.4000000000000004
2.24,3.01,F,F,-6.02,,-2.672533333333334,-2.4800000000000004
2.28,3.01,F,F,-6.02,,-2.7328,-2.5599999999999996
2.32,3.01,F,F,-6.02,,-2.794133333333333,-2.6399999999999997
2.36,3.01,F,F,-6.02,,-2.856533333333333,-2.7199999999999998
2.4,3.01,F,F,-6.02,,-2.92,-2.8
2.44,3.01,F,F,-6.02,,-2.9845333333333333,-2.88
2.48,3.01,F,F,-6.02,,-3.0501333333333336,-2.96
2.52,3.01,F,F,-6.02,,-3.1168,-3.04
2.56,3.01,F,F,-6.02,,-3.1845333333333334,-3.12
2.6,3.01,F,F,-6.02,,-3.2533333333333334,-3.2
2.64,3.01,F,F,-6.02,,-3.3232000000000004,-3.2800000000000002
2.68,3.01,F,F,-6.02,,-3.394133333333334,-3.3600000000000003
2.72,3.01,F,F,-6.02,,-3.466133333333334,-3.4400000000000004
2.76,3.01,F,F,-6.02,,-3.5391999999999997,-3.5199999999999996
2.8,3.01,F,F,-6.02,,-3.613333333333333,-3.5999999999999996
2.84,3.01,F,F,-6.02,,-3.6885333333333334,-3.6799999999999997
2.88,3.01,F,F,-6.02,,-3.7647999999999997,-3.76
2.92,3.01,F,F,-6.02,,-3.842133333333333,-3.84
2.96,3.01,F,F,-6.02,,-3.920533333333333,-3.92
3.0,3.01,F,F,-6.02,,-4.0,-4.0
3.04,3.01,F,F,-6.02,,,-4.08
3.08,3.01,F,F,-6.02,,,-4.16
3.12,3.01,F,F,-6.02,,,-4.24
3.16,3.01,F,F,-6.02,,,-4.32
3.2,3.01,F,F,-6.02,,,-4.4
3.24,3.01,F,F,-6.02,,,-4.48
3.28,3.01,F,F,-6.02,,,-4.56
3.32,3.01,F,F,-6.02,,,-4.64
3.36,3.01,F,F,-6.02,,,-4.72
3.4,3.01,F,F,-6.02,,,-4.8
3.44,3.01,F,F,-6.02,,,-4.88
3.48,3.01,F,F,-6.02,,,-4.96
3.52,3.01,F,F,-6.02,,,-5.04
3.56,3.01,F,F,-6.02,,,-5.12
3.6,3.01,F,F,-6.02,,,-5.2
3.64,3.01,F,F,-6.02,,,-5.28
3.68,3.01,F,F,-6.02,,,-5.36
3.72,3.01,F,F,-6.02,,,-5.44
3.76,3.01,F,F,-6.02,,,-5.52
3.8,3.01,F,F,-6.02,,,-5.6
3.84,3.01,F,F,-6.02,,,-5.68
3.88,3.01,F,F,-6.02,,,-5.76
3.92,3.01,F,F,-6.02,,,-5.84
3.96,3.01,F,F,-6.02,,,-5.92
4.0,3.01,F,F,-6.02,,,-6.0
0.0,3.045,F,F,-6.09,,-1.0,2.0
0.04,3.045,F,F,-6.09,,-1.0005333333333333,1.92
0.08,3.045,F,F,-6.09,,-1.0021333333333333,1.84
0.12,3.045,F,F,-6.09,,-1.0048,1.76
0.16,3.045,F,F,-6.09,,-1.0085333333333333,1.68
0.2,3.045,F,F,-6.09,,-1.0133333333333334,1.6
0.24,3.045,F,F,-6.09,,-1.0192,1.52
0.28,3.045,F,F,-6.09,,-1.0261333333333333,1.44
0.32,3.045,F,F,-6.09,,-1.0341333333333333,1.3599999999999999
0.36,3.045,F,F,-6.09,,-1.0432,1.28
0.4,3.045,F,F,-6.09,,-1.0533333333333332,1.2
0.44,3.045,F,F,-6.09,,-1.0645333333333333,1.12
0.48,3.045,F,F,-6.09,,-1.0768,1.04
0.52,3.045,F,F,-6.09,,-1.0901333333333334,0.96
0.56,3.045,F,F,-6.09,,-1.1045333333333334,0.8799999999999999
0.6,3.045,F,F,-6.09,,-1.12,0.8
0.64,3.045,F,F,-6.09,,-1.1365333333333334,0.72
0.68,3.045,F,F,-6.09,,-1.1541333333333335,0.6399999999999999
0.72,3.045,F,F,-6.09,,-1.1728,0.56
0.76,3.045,F,F,-6.09,,-1.1925333333333334,0.48
0.8,3.045,F,F,-6.09,,-1.2133333333333334,0.3999999999999999
0.84,3.045,F,F,-6.09,,-1.2351999999999999,0.32000000000000006
0.88,3.045,F,F,-6.09,,-1.2581333333333333,0.24
0.92,3.045,F,F,-6.09,,-1.2821333333333333,0.15999999999999992
0.96,3.045,F,F,-6.09,,-1.3072,0.08000000000000007
1.0,3.045,F,F,-6.09,,-1.3333333333333333,0.0
1.04,3.045,F,F,-6.09,,-1.3605333333333334,-0.08000000000000007
1.08,3.045,F,F,-6.09,,-1.3888,-0.16000000000000014
1.12,3.045,F,F,-6.09,,-1.4181333333333335,-0.2400000000000002
1.16,3.045,F,F,-6.09,,-1.4485333333333332,-0.31999999999999984
1.2,3.045,F,F,-6.09,,-1.48,-0.3999999999999999
1.24,3.045,F,F,-6.09,,-1.5125333333333333,-0.48
1.28,3.045,F,F,-6.09,,-1.5461333333333334,-0.56
1.32,3.045,F,F,-6.09,,-1.5808,-0.6400000000000001
1.36,3.045,F,F,-6.09,,-1.6165333333333334,-0.7200000000000002
1.4,3.045,F,F,-6.09,,-1.6533333333333333,-0.7999999999999998
1.44,3.045,F,F,-6.09,,-1.6911999999999998,-0.8799999999999999
1.48,3.045,F,F,-6.09,,-1.7301333333333333,-0.96
1.52,3.045,F,F,-6.09,,-1.7701333333333333,-1.04
1.56,3.045,F,F,-6.09,,-1.8112,-1.12
1.6,3.045,F,F,-6.09,,-1.8533333333333335,-1.2000000000000002
1.64,3.045,F,F,-6.09,,-1.8965333333333332,-1.2799999999999998
1.68,3.045,F,F,-6.09,,-1.9407999999999999,-1.3599999999999999
1.72,3.045,F,F,-6.09,,-1.986133333333333,-1.44
1.76,3.045,F,F,-6.09,,-2.0325333333333333,-1.52
1.8,3.045,F,F,-6.09,,-2.08,-1.6
1.84,3.045,F,F,-6.09,,-2.1285333333333334,-1.6800000000000002
1.88,3.045,F,F,-6.09,,-2.1781333333333333,-1.7599999999999998
1.92,3.045,F,F,-6.09,,-2.2287999999999997,-1.8399999999999999
1.96,3.045,F,F,-6.09,,-2.2805333333333335,-1.92
2.0,3.045,F,F,-6.09,,-2.333333333333333,-2.0
2.04,3.045,F,F,-6.09,,-2.3872,-2.08
2.08,3.045,F,F,-6.09,,-2.4421333333333335,-2.16
2.12,3.045,F,F,-6.09,,-2.4981333333333335,-2.24
2.16,3.045,F,F,-6.09,,-2.5552,-2.3200000000000003
2.2,3.045,F,F,-6.09,,-2.6133333333333333,-2.4000000000000004
2.24,3.045,F,F,-6.09,,-2.672533333333334,-2.4800000000000004
2.28,3.045,F,F,-6.09,,-2.7328,-2.5599999999999996
2.32,3.045,F,F,-6.09,,-2.794133333333333,-2.6399999999999997
2.36,3.045,F,F,-6.09,,-2.856533333333333,-2.7199999999999998
2.4,3.045,F,F,-6.09,,-2.92,-2.8
2.44,3.045,F,F,-6.09,,-2.9845333333333333,-2.88
2.48,3.045,F,F,-6.09,,-3.0501333333333336,-2.96
2.52,3.045,F,F,-6.09,,-3.1168,-3.04
2.56,3.045,F,F,-6.09,,-3.1845333333333334,-3.12
2.6,3.045,F,F,-6.09,,-3.2533333333333334,-3.2
2.64,3.045,F,F,-6.09,,-3.3232000000000004,-3.2800000000000002
2.68,3.045,F,F,-6.09,,-3.394133333333334,-3.3600000000000003
2.72,3.045,F,F,-6.09,,-3.466133333333334,-3.4400000000000004
2.76,3.045,F,F,-6.09,,-3.5391999999999997,-3.5199999999999996
2.8,3.045,F,F,-6.09,,-3.613333333333333,-3.5999999999999996
2.84,3.045,F,F,-6.09,,-3.6885333333333334,-3.6799999999999997
2.88,3.045,F,F,-6.09,,-3.7647999999999997,-3.76
2.92,3.045,F,F,-6.09,,-3.842133333333333,-3.84
2.96,3.045,F,F,-6.09,,-3.920533333333333,-3.92
3.0,3.045,F,F,-6.09,,-4.0,-4.0
3.04,3.045,F,F,-6.09,,,-4.08
3.08,3.045,F,F,-6.09,,,-4.16
3.12,3.045,F,F,-6.09,,,-4.24
3.16,3.045,F,F,-6.09,,,-4.32
3.2,3.045,F,F,-6.09,,,-4.4
3.24,3.045,F,F,-6.09,,,-4.48
3.28,3.045,F,F,-6.09,,,-4.56
3.32,3.045,F,F,-6.09,,,-4.64
3.36,3.045,F,F,-6.09,,,-4.72
3.4,3.045,F,F,-6.09,,,-4.8
3.44,3.045,F,F,-6.09,,,-4.88
3.48,3.045,F,F,-6.09,,,-4.96
3.52,3.045,F,F,-6.09,,,-5.04
3.56,3.045,F,F,-6.09,,,-5.12
3.6,3.045,F,F,-6.09,,,-5.2
3.64,3.045,F,F,-6.09,,,-5.28
3.68,3.045,F,F,-6.09,,,-5.36
3.72,3.045,F,F,-6.09,,,-5.44
3.76,3.045,F,F,-6.09,,,-5.52
3.8,3.045,F,F,-6.09,,,-5.6
3.84,3.045,F,F,-6.09,,,-5.68
3.88,3.045,F,F,-6.09,,,-5.76
3.92,3.045,F,F,-6.09,,,-5.84
3.96,3.045,F,F,-6.09,,,-5.92
4.0,3.045,F,F,-6.09,,,-6.0
0.0,3.08,F,F,-6.16,,-1.0,2.0
0.04,3.08,F,F,-6.16,,-1.0005333333333333,1.92
0.08,3.08,F,F,-6.16,,-1.0021333333333333,1.84
0.12,3.08,F,F,-6.16,,-1.0048,1.76
0.16,3.08,F,F,-6.16,,-1.0085333333333333,1.68
0.2,3.08,F,F,-6.16,,-1.0133333333333334,1.6
0.24,3.08,F,F,-6.16,,-1.0192,1.52
0.28,3.08,F,F,-6.16,,-1.0261333333333333,1.44
0.32,3.08,F,F,-6.16,,-1.0341333333333333,1.3599999999999999
0.36,3.08,F,F,-6.16,,-1.0432,1.28
0.4,3.08,F,F,-6.16,,-1.0533333333333332,1.2
0.44,3.08,F,F,-6.16,,-1.0645333333333333,1.12
0.48,3.08,F,F,-6.16,,-1.0768,1.04
0.52,3.08,F,F,-6.16,,-1.0901333333333334,0.96
0.56,3.08,F,F,-6.16,,-1.1045333333333334,0.8799999999999999
0.6,3.08,F,F,-6.16,,-1.12,0.8
0.64,3.08,F,F,-6.16,,-1.1365333333333334,0.72
0.68,3.08,F,F,-6.16,,-1.1541333333333335,0.6399999999999999
0.72,3.08,F,F,-6.16,,-1.1728,0.56
0.76,3.08,F,F,-6.16,,-1.1925333333333334,0.48
0.8,3.08,F,F,-6.16,,-1.2133333333333334,0.3999999999999999
0.84,3.08,F,F,-6.16,,-1.2351999999999999,0.32000000000000006
0.88,3.08,F,F,-6.16,,-1.2581333333333333,0.24
0.92,3.08,F,F,-6.16,,-1.2821333333333333,0.15999999999999992
0.96,3.08,F,F,-6.16,,-1.3072,0.08000000000000007
1.0,3.08,F,F,-6.16,,-1.3333333333333333,0.0
1.04,3.08,F,F,-6.16,,-1.3605333333333334,-0.08000000000000007
1.08,3.08,F,F,-6.16,,-1.3888,-0.16000000000000014
1.12,3.08,F,F,-6.16,,-1.4181333333333335,-0.2400000000000002
1.16,3.08,F,F,-6.16,,-1.4485333333333332,-0.31999999999999984
1.2,3.08,F,F,-6.16,,-1.48,-0.3999999999999999
1.24,3.08,F,F,-6.16,,-1.5125333333333333,-0.48
1.28,3.08,F,F,-6.16,,-1.5461333333333334,-0.56
1.32,3.08,F,F,-6.16,,-1.5808,-0.6400000000000001
1.36,3.08,F,F,-6.16,,-1.6165333333333334,-0.7200000000000002
1.4,3.08,F,F,-6.16,,-1.6533333333333333,-0.7999999999999998
1.44,3.08,F,F,-6.16,,-1.6911999999999998,-0.8799999999999999
1.48,3.08,F,F,-6.16,,-1.7301333333333333,-0.96
1.52,3.08,F,F,-6.16,,-1.7701333333333333,-1.04
1.56,3.08,F,F,-6.16,,-1.8112,-1.12
1.6,3.08,F,F,-6.16,,-1.8533333333333335,-1.2000000000000002
1.64,3.08,F,F,-6.16,,-1.8965333333333332,-1.2799999999999998
1.68,3.08,F,F,-6.16,,-1.9407999999999999,-1.3599999999999999
1.72,3.08,F,F,-6.16,,-1.986133333333333,-1.44
1.76,3.08,F,F,-6.16,,-2.0325333333333333,-1.52
1.8,3.08,F,F,-6.16,,-2.08,-1.6
1.84,3.08,F,F,-6.16,,-2.1285333333333334,-1.6800000000000002
1.88,3.08,F,F,-6.16,,-2.1781333333333333,-1.7599999999999998
1.92,3.08,F,F,-6.16,,-2.2287999999999997,-1.8399999999999999
1.96,3.08,F,F,-6.16,,-2.2805333333333335,-1.92
2.0,3.08,F,F,-6.16,,-2.333333333333333,-2.0
2.04,3.08,F,F,-6.16,,-2.3872,-2.08
2.08,3.08,F,F,-6.16,,-2.4421333333333335,-2.16
2.12,3.08,F,F,-6.16,,-2.4981333333333335,-2.24
2.16,3.08,F,F,-6.16,,-2.5552,-2.3200000000000003
2.2,3.08,F,F,-6.16,,-2.6133333333333333,-2.4000000000000004
2.24,3.08,F,F,-6.16,,-2.672533333333334,-2.4800000000000004
2.28,3.08,F,F,-6.16,,-2.7328,-2.5599999999999996
2.32,3.08,F,F,-6.16,,-2.794133333333333,-2.6399999999999997
2.36,3.08,F,F,-6.16,,-2.856533333333333,-2.7199999999999998
2.4,3.08,F,F,-6.16,,-2.92,-2.8
2.44,3.08,F,F,-6.16,,-2.9845333333333333,-2.88
2.48,3.08,F,F,-6.16,,-3.0501333333333336,-2.96
2.52,3.08,F,F,-6.16,,-3.1168,-3.04
2.56,3.08,F,F,-6.16,,-3.1845333333333334,-3.12
2.6,3.08,F,F,-6.16,,-3.2533333333333334,-3.2
2.64,3.08,F,F,-6.16,,-3.3232000000000004,-3.2800000000000002
2.68,3.08,F,F,-6.16,,-3.394133333333334,-3.3600000000000003
2.72,3.08,F,F,-6.16,,-3.466133333333334,-3.4400000000000004
2.76,3.08,F,F,-6.16,,-3.5391999999999997,-3.5199999999999996
2.8,3.08,F,F,-6.16,,-3.613333333333333,-3.5999999999999996
2.84,3.08,F,F,-6.16,,-3.6885333333333334,-3.6799999999999997
2.88,3.08,F,F,-6.16,,-3.7647999999999997,-3.76
2.92,3.08,F,F,-6.16,,-3.842133333333333,-3.84
2.96,3.08,F,F,-6.16,,-3.920533333333333,-3.92
3.0,3.08,F,F,-6.16,,-4.0,-4.0
3.04,3.08,F,F,-6.16,,,-4.08
3.08,3.08,F,F,-6.16,,,-4.16
3.12,3.08,F,F,-6.16,,,-4.24
3.16,3.08,F,F,-6.16,,,-4.32
3.2,3.08,F,F,-6.16,,,-4.4
3.24,3.08,F,F,-6.16,,,-4.48
3.28,3.08,F,F,-6.16,,,-4.56
3.32,3.08,F,F,-6.16,,,-4.64
3.36,3.08,F,F,-6.16,,,-4.72
3.4,3.08,F,F,-6.16,,,-4.8
3.44,3.08,F,F,-6.16,,,-4.88
3.48,3.08,F,F,-6.16,,,-4.96
3.52,3.08,F,F,-6.16,,,-5.04
3.56,3.08,F,F,-6.16,,,-5.12
3.6,3.08,F,F,-6.16,,,-5.2
3.64,3.08,F,F,-6.16,,,-5.28
3.68,3.08,F,F,-6.16,,,-5.36
3.72,3.08,F,F,-6.16,,,-5.44
3.76,3.08,F,F,-6.16,,,-5.52
3.8,3.08,F,F,-6.16,,,-5.6
3.84,3.08,F,F,-6.16,,,-5.68
3.88,3.08,F,F,-6.16,,,-5.76
3.92,3.08,F,F,-6.16,,,-5.84
3.96,3.08,F,F,-6.16,,,-5.92
4.0,3.08,F,F,-6.16,,,-6.0
0.0,3.115,F,F,-6.23,,-1.0,2.0
0.04,3.115,F,F,-6.23,,-1.0005333333333333,1.92
0.08,3.115,F,F,-6.23,,-1.0021333333333333,1.84
0.12,3.115,F,F,-6.23,,-1.0048,1.76
0.16,3.115,F,F,-6.23,,-1.0085333333333333,1.68
0.2,3.115,F,F,-6.23,,-1.0133333333333334,1.6
0.24,3.115,F,F,-6.23,,-1.0192,1.52
0.28,3.115,F,F,-6.23,,-1.0261333333333333,1.44
0.32,3.115,F,F,-6.23,,-1.0341333333333333,1.3599999999999999
0.36,3.115,F,F,-6.23,,-1.0432,1.28
0.4,3.115,F,F,-6.23,,-1.0533333333333332,1.2
0.44,3.115,F,F,-6.23,,-1.0645333333333333,1.12
0.48,3.115,F,F,-6.23,,-1.0768,1.04
0.52,3.115,F,F,-6.23,,-1.0901333333333334,0.96
0.56,3.115,F,F,-6.23,,-1.1045333333333334,0.8799999999999999
0.6,3.115,F,F,-6.23,,-1.12,0.8
0.64,3.115,F,F,-6.23,,-1.1365333333333334,0.72
0.68,3.115,F,F,-6.23,,-1.1541333333333335,0.6399999999999999
0.72,3.115,F,F,-6.23,,-1.1728,0.56
0.76,3.115,F,F,-6.23,,-1.1925333333333334,0.48
0.8,3.115,F,F,-6.23,,-1.2133333333333334,0.3999999999999999
0.84,3.115,F,F,-6.23,,-1.2351999999999999,0.32000000000000006
0.88,3.115,F,F,-6.23,,-1.2581333333333333,0.24
0.92,3.115,F,F,-6.23,,-1.2821333333333333,0.15999999999999992
0.96,3.115,F,F,-6.23,,-1.3072,0.08000000000000007
1.0,3.115,F,F,-6.23,,-1.3333333333333333,0.0
1.04,3.115,F,F,-6.23,,-1.3605333333333334,-0.08000000000000007
1.08,3.115,F,F,-6.23,,-1.3888,-0.16000000000000014
1.12,3.115,F,F,-6.23,,-1.4181333333333335,-0.2400000000000002
1.16,3.115,F,F,-6.23,,-1.4485333333333332,-0.31999999999999984
1.2,3.115,F,F,-6.23,,-1.48,-0.3999999999999999
1.24,3.115,F,F,-6.23,,-1.5125333333333333,-0.48
1.28,3.115,F,F,-6.23,,-1.5461333333333334,-0.56
1.32,3.115,F,F,-6.23,,-1.5808,-0.6400000000000001
1.36,3.115,F,F,-6.23,,-1.6165333333333334,-0.7200000000000002
1.4,3.115,F,F,-6.23,,-1.6533333333333333,-0.7999999999999998
1.44,3.115,F,F,-6.23,,-1.6911999999999998,-0.8799999999999999
1.48,3.115,F,F,-6.23,,-1.7301333333333333,-0.96
1.52,3.115,F,F,-6.23,,-1.7701333333333333,-1.04
1.56,3.115,F,F,-6.23,,-1.8112,-1.12
1.6,3.115,F,F,-6.23,,-1.8533333333333335,-1.2000000000000002
1.64,3.115,F,F,-6.23,,-1.8965333333333332,-1.2799999999999998
1.68,3.115,F,F,-6.23,,-1.9407999999999999,-1.3599999999999999
1.72,3.115,F,F,-6.23,,-1.986133333333333,-1.44
1.76,3.115,F,F,-6.23,,-2.0325333333333333,-1.52
1.8,3.115,F,F,-6.23,,-2.08,-1.6
1.84,3.115,F,F,-6.23,,-2.1285333333333334,-1.6800000000000002
1.88,3.115,F,F,-6.23,,-2.1781333333333333,-1.7599999999999998
1.92,3.115,F,F,-6.23,,-2.2287999999999997,-1.8399999999999999
1.96,3.115,F,F,-6.23,,-2.2805333333333335,-1.92
2.0,3.115,F,F,-6.23,,-2.333333333333333,-2.0
2.04,3.115,F,F,-6.23,,-2.3872,-2.08
2.08,3.115,F,F,-6.23,,-2.4421333333333335,-2.16
2.12,3.115,F,F,-6.23,,-2.4981333333333335,-2.24
2.16,3.115,F,F,-6.23,,-2.5552,-2.3200000000000003
2.2,3.115,F,F,-6.23,,-2.6133333333333333,-2.4000000000000004
2.24,3.115,F,F,-6.23,,-2.672533333333334,-2.4800000000000004
2.28,3.115,F,F,-6.23,,-2.7328,-2.5599999999999996
2.32,3.115,F,F,-6.23,,-2.794133333333333,-2.6399999999999997
2.36,3.115,F,F,-6.23,,-2.856533333333333,-2.7199999999999998
2.4,3.115,F,F,-6.23,,-2.92,-2.8
2.44,3.115,F,F,-6.23,,-2.9845333333333333,-2.88
2.48,3.115,F,F,-6.23,,-3.0501333333333336,-2.96
2.52,3.115,F,F,-6.23,,-3.1168,-3.04
2.56,3.115,F,F,-6.23,,-3.1845333333333334,-3.12
2.6,3.115,F,F,-6.23,,-3.2533333333333334,-3.2
2.64,3.115,F,F,-6.23,,-3.3232000000000004,-3.2800000000000002
2.68,3.115,F,F,-6.23,,-3.394133333333334,-3.3600000000000003
2.72,3.115,F,F,-6.23,,-3.466133333333334,-3.4400000000000004
2.76,3.115,F,F,-6.23,,-3.5391999999999997,-3.5199999999999996
2.8,3.115,F,F,-6.23,,-3.613333333333333,-3.5999999999999996
2.84,3.115,F,F,-6.23,,-3.6885333333333334,-3.6799999999999997
2.88,3.115,F,F,-6.23,,-3.7647999999999997,-3.76
2.92,3.115,F,F,-6.23,,-3.842133333333333,-3.84
2.96,3.115,F,F,-6.23,,-3.920533333333333,-3.92
3.0,3.115,F,F,-6.23,,-4.0,-4.0
3.04,3.115,F,F,-6.23,,,-4.08
3.08,3.115,F,F,-6.23,,,-4.16
3.12,3.115,F,F,-6.23,,,-4.24
3.16,3.115,F,F,-6.23,,,-4.32
3.2,3.115,F,F,-6.23,,,-4.4
3.24,3.115,F,F,-6.23,,,-4.48
3.28,3.115,F,F,-6.23,,,-4.56
3.32,3.115,F,F,-6.23,,,-4.64
3.36,3.115,F,F,-6.23,,,-4.72
3.4,3.115,F,F,-6.23,,,-4.8
3.44,3.115,F,F,-6.23,,,-4.88
3.48,3.115,F,F,-6.23,,,-4.96
3.52,3.115,F,F,-6.23,,,-5.04
3.56,3.115,F,F,-6.23,,,-5.12
3.6,3.115,F,F,-6.23,,,-5.2
3.64,3.115,F,F,-6.23,,,-5.28
3.68,3.115,F,F,-6.23,,,-5.36
3.72,3.115,F,F,-6.23,,,-5.44
3.76,3.115,F,F,-6.23,,,-5.52
3.8,3.115,F,F,-6.23,,,-5.6
3.84,3.115,F,F,-6.23,,,-5.68
3.88,3.115,F,F,-6.23,,,-5.76
3.92,3.115,F,F,-6.23,,,-5.84
3.96,3.115,F,F,-6.23,,,-5.92
4.0,3.115,F,F,-6.23,,,-6.0
0.0,3.15,F,F,-6.3,,-1.0,2.0
0.04,3.15,F,F,-6.3,,-1.0005333333333333,1.92
0.08,3.15,F,F,-6.3,,-1.0021333333333333,1.84
0.12,3.15,F,F,-6.3,,-1.0048,1.76
0.16,3.15,F,F,-6.3,,-1.0085333333333333,1.68
0.2,3.15,F,F,-6.3,,-1.0133333333333334,1.6
0.24,3.15,F,F,-6.3,,-1.0192,1.52
0.28,3.15,F,F,-6.3,,-1.0261333333333333,1.44
0.32,3.15,F,F,-6.3,,-1.0341333333333333,1.3599999999999999
0.36,3.15,F,F,-6.3,,-1.0432,1.28
0.4,3.15,F,F,-6.3,,-1.0533333333333332,1.2
0.44,3.15,F,F,-6.3,,-1.0645333333333333,1.12
0.48,3.15,F,F,-6.3,,-1.0768,1.04
0.52,3.15,F,F,-6.3,,-1.0901333333333334,0.96
0.56,3.15,F,F,-6.3,,-1.1045333333333334,0.8799999999999999
0.6,3.15,F,F,-6.3,,-1.12,0.8
0.64,3.15,F,F,-6.3,,-1.1365333333333334,0.72
0.68,3.15,F,F,-6.3,,-1.1541333333333335,0.6399999999999999
0.72,3.15,F,F,-6.3,,-1.1728,0.56
0.76,3.15,F,F,-6.3,,-1.1925333333333334,0.48
0.8,3.15,F,F,-6.3,,-1.2133333333333334,0.3999999999999999
0.84,3.15,F,F,-6.3,,-1.2351999999999999,0.32000000000000006
0.88,3.15,F,F,-6.3,,-1.2581333333333333,0.24
0.92,3.15,F,F,-6.3,,-1.2821333333333333,0.15999999999999992
0.96,3.15,F,F,-6.3,,-1.3072,0.08000000000000007
1.0,3.15,F,F,-6.3,,-1.3333333333333333,0.0
1.04,3.15,F,F,-6.3,,-1.3605333333333334,-0.08000000000000007
1.08,3.15,F,F,-6.3,,-1.3888,-0.16000000000000014
1.12,3.15,F,F,-6.3,,-1.4181333333333335,-0.2400000000000002
1.16,3.15,F,F,-6.3,,-1.4485333333333332,-0.31999999999999984
1.2,3.15,F,F,-6.3,,-1.48,-0.3999999999999999
1.24,3.15,F,F,-6.3,,-1.5125333333333333,-0.48
1.28,3.15,F,F,-6.3,,-1.5461333333333334,-0.56
1.32,3.15,F,F,-6.3,,-1.5808,-0.6400000000000001
1.36,3.15,F,F,-6.3,,-1.6165333333333334,-0.7200000000000002
1.4,3.15,F,F,-6.3,,-1.6533333333333333,-0.7999999999999998
1.44,3.15,F,F,-6.3,,-1.6911999999999998,-0.8799999999999999
1.48,3.15,F,F,-6.3,,-1.7301333333333333,-0.96
1.52,3.15,F,F,-6.3,,-1.7701333333333333,-1.04
1.56,3.15,F,F,-6.3,,-1.8112,-1.12
1.6,3.15,F,F,-6.3,,-1.8533333333333335,-1.2000000000000002
1.64,3.15,F,F,-6.3,,-1.8965333333333332,-1.2799999999999998
1.68,3.15,F,F,-6.3,,-1.9407999999999999,-1.3599999999999999
1.72,3.15,F,F,-6.3,,-1.986133333333333,-1.44
1.76,3.15,F,F,-6.3,,-2.0325333333333333,-1.52
1.8,3.15,F,F,-6.3,,-2.08,-1.6
1.84,3.15,F,F,-6.3,,-2.1285333333333334,-1.6800000000000002
1.88,3.15,F,F,-6.3,,-2.1781333333333333,-1.7599999999999998
1.92,3.15,F,F,-6.3,,-2.2287999999999997,-1.8399999999999999
1.96,3.15,F,F,-6.3,,-2.2805333333333335,-1.92
2.0,3.15,F,F,-6.3,,-2.333333333333333,-2.0
2.04,3.15,F,F,-6.3,,-2.3872,-2.08
2.08,3.15,F,F,-6.3,,-2.4421333333333335,-2.16
2.12,3.15,F,F,-6.3,,-2.4981333333333335,-2.24
2.16,3.15,F,F,-6.3,,-2.5552,-2.3200000000000003
2.2,3.15,F,F,-6.3,,-2.6133333333333333,-2.4000000000000004
2.24,3.15,F,F,-6.3,,-2.672533333333334,-2.4800000000000004
2.28,3.15,F,F,-6.3,,-2.7328,-2.5599999999999996
2.32,3.15,F,F,-6.3,,-2.794133333333333,-2.6399999999999997
2.36,3.15,F,F,-6.3,,-2.856533333333333,-2.7199999999999998
2.4,3.15,F,F,-6.3,,-2.92,-2.8
2.44,3.15,F,F,-6.3,,-2.9845333333333333,-2.88
2.48,3.15,F,F,-6.3,,-3.0501333333333336,-2.96
2.52,3.15,F,F,-6.3,,-3.1168,-3.04
2.56,3.15,F,F,-6.3,,-3.1845333333333334,-3.12
2.6,3.15,F,F,-6.3,,-3.2533333333333334,-3.2
2.64,3.15,F,F,-6.3,,-3.3232000000000004,-3.2800000000000002
2.68,3.15,F,F,-6.3,,-3.394133333333334,-3.3600000000000003
2.72,3.15,F,F,-6.3,,-3.466133333333334,-3.4400000000000004
2.76,3.15,F,F,-6.3,,-3.5391999999999997,-3.5199999999999996
2.8,3.15,F,F,-6.3,,-3.613333333333333,-3.5999999999999996
2.84,3.15,F,F,-6.3,,-3.6885333333333334,-3.6799999999999997
2.88,3.15,F,F,-6.3,,-3.7647999999999997,-3.76
2.92,3.15,F,F,-6.3,,-3.842133333333333,-3.84
2.96,3.15,F,F,-6.3,,-3.920533333333333,-3.92
3.0,3.15,F,F,-6.3,,-4.0,-4.0
3.04,3.15,F,F,-6.3,,,-4.08
3.08,3.15,F,F,-6.3,,,-4.16
3.12,3.15,F,F,-6.3,,,-4.24
3.16,3.15,F,F,-6.3,,,-4.32
3.2,3.15,F,F,-6.3,,,-4.4
3.24,3.15,F,F,-6.3,,,-4.48
3.28,3.15,F,F,-6.3,,,-4.56
3.32,3.15,F,F,-6.3,,,-4.64
3.36,3.15,F,F,-6.3,,,-4.72
3.4,3.15,F,F,-6.3,,,-4.8
3.44,3.15,F,F,-6.3,,,-4.88
3.48,3.15,F,F,-6.3,,,-4.96
3.52,3.15,F,F,-6.3,,,-5.04
3.56,3.15,F,F,-6.3,,,-5.12
3.6,3.15,F,F,-6.3,,,-5.2
3.64,3.15,F,F,-6.3,,,-5.28
3.68,3.15,F,F,-6.3,,,-5.36
3.72,3.15,F,F,-6.3,,,-5.44
3.76,3.15,F,F,-6.3,,,-5.52
3.8,3.15,F,F,-6.3,,,-5.6
3.84,3.15,F,F,-6.3,,,-5.68
3.88,3.15,F,F,-6.3,,,-5.76
3.92,3.15,F,F,-6.3,,,-5.84
3.96,3.15,F,F,-6.3,,,-5.92
4.0,3.15,F,F,-6.3,,,-6.0
0.0,3.185,F,F,-6.37,,-1.0,2.0
0.04,3.185,F,F,-6.37,,-1.0005333333333333,1.92
0.08,3.185,F,F,-6.37,,-1.0021333333333333,1.84
0.12,3.185,F,F,-6.37,,-1.0048,1.76
0.16,3.185,F,F,-6.37,,-1.0085333333333333,1.68
0.2,3.185,F,F,-6.37,,-1.0133333333333334,1.6
0.24,3.185,F,F,-6.37,,-1.0192,1.52
0.28,3.185,F,F,-6.37,,-1.0261333333333333,1.44
0.32,3.185,F,F,-6.37,,-1.0341333333333333,1.3599999999999999
0.36,3.185,F,F,-6.37,,-1.0432,1.28
0.4,3.185,F,F,-6.37,,-1.0533333333333332,1.2
0.44,3.185,F,F,-6.37,,-1.0645333333333333,1.12
0.48,3.185,F,F,-6.37,,-1.0768,1.04
0.52,3.185,F,F,-6.37,,-1.0901333333333334,0.96
0.56,3.185,F,F,-6.37,,-1.1045333333333334,0.8799999999999999
0.6,3.185,F,F,-6.37,,-1.12,0.8
0.64,3.185,F,F,-6.37,,-1.1365333333333334,0.72
0.68,3.185,F,F,-6.37,,-1.1541333333333335,0.6399999999999999
0.72,3.185,F,F,-6.37,,-1.1728,0.56
0.76,3.185,F,F,-6.37,,-1.1925333333333334,0.48
0.8,3.185,F,F,-6.37,,-1.2133333333333334,0.3999999999999999
0.84,3.185,F,F,-6.37,,-1.2351999999999999,0.32000000000000006
0.88,3.185,F,F,-6.37,,-1.2581333333333333,0.24
0.92,3.185,F,F,-6.37,,-1.2821333333333333,0.15999999999999992
0.96,3.185,F,F,-6.37,,-1.3072,0.08000000000000007
1.0,3.185,F,F,-6.37,,-1.3333333333333333,0.0
1.04,3.185,F,F,-6.37,,-1.3605333333333334,-0.08000000000000007
1.08,3.185,F,F,-6.37,,-1.3888,-0.16000000000000014
1.12,3.185,F,F,-6.37,,-1.4181333333333335,-0.2400000000000002
1.16,3.185,F,F,-6.37,,-1.4485333333333332,-0.31999999999999984
1.2,3.185,F,F,-6.37,,-1.48,-0.3999999999999999
1.24,3.185,F,F,-6.37,,-1.5125333333333333,-0.48
1.28,3.185,F,F,-6.37,,-1.5461333333333334,-0.56
1.32,3.185,F,F,-6.37,,-1.5808,-0.6400000000000001
1.36,3.185,F,F,-6.37,,-1.6165333333333334,-0.7200000000000002
1.4,3.185,F,F,-6.37,,-1.6533333333333333,-0.7999999999999998
1.44,3.185,F,F,-6.37,,-1.6911999999999998,-0.8799999999999999
1.48,3.185,F,F,-6.37,,-1.7301333333333333,-0.96
1.52,3.185,F,F,-6.37,,-1.7701333333333333,-1.04
1.56,3.185,F,F,-6.37,,-1.8112,-1.12
1.6,3.185,F,F,-6.37,,-1.8533333333333335,-1.2000000000000002
1.64,3.185,F,F,-6.37,,-1.8965333333333332,-1.2799999999999998
1.68,3.185,F,F,-6.37,,-1.9407999999999999,-1.3599999999999999
1.72,3.185,F,F,-6.37,,-1.986133333333333,-1.44
1.76,3.185,F,F,-6.37,,-2.0325333333333333,-1.52
1.8,3.185,F,F,-6.37,,-2.08,-1.6
1.84,3.185,F,F,-6.37,,-2.1285333333333334,-1.6800000000000002
1.88,3.185,F,F,-6.37,,-2.1781333333333333,-1.7599999999999998
1.92,3.185,F,F,-6.37,,-2.2287999999999997,-1.8399999999999999
1.96,3.185,F,F,-6.37,,-2.2805333333333335,-1.92
2.0,3.185,F,F,-6.37,,-2.333333333333333,-2.0
2.04,3.185,F,F,-6.37,,-2.3872,-2.08
2.08,3.185,F,F,-6.37,,-2.4421333333333335,-2.16
2.12,3.185,F,F,-6.37,,-2.4981333333333335,-2.24
2.16,3.185,F,F,-6.37,,-2.5552,-2.3200000000000003
2.2,3.185,F,F,-6.37,,-2.6133333333333333,-2.4000000000000004
2.24,3.185,F,F,-6.37,,-2.672533333333334,-2.4800000000000004
2.28,3.185,F,F,-6.37,,-2.7328,-2.5599999999999996
2.32,3.185,F,F,-6.37,,-2.794133333333333,-2.6399999999999997
2.36,3.185,F,F,-6.37,,-2.856533333333333,-2.7199999999999998
2.4,3.185,F,F,-6.37,,-2.92,-2.8
2.44,3.185,F,F,-6.37,,-2.9845333333333333,-2.88
2.48,3.185,F,F,-6.37,,-3.0501333333333336,-2.96
2.52,3.185,F,F,-6.37,,-3.1168,-3.04
2.56,3.185,F,F,-6.37,,-3.1845333333333334,-3.12
2.6,3.185,F,F,-6.37,,-3.2533333333333334,-3.2
2.64,3.185,F,F,-6.37,,-3.3232000000000004,-3.2800000000000002
2.68,3.185,F,F,-6.37,,-3.394133333333334,-3.3600000000000003
2.72,3.185,F,F,-6.37,,-3.466133333333334,-3.4400000000000004
2.76,3.185,F,F,-6.37,,-3.5391999999999997,-3.5199999999999996
2.8,3.185,F,F,-6.37,,-3.613333333333333,-3.5999999999999996
2.84,3.185,F,F,-6.37,,-3.6885333333333334,-3.6799999999999997
2.88,3.185,F,F,-6.37,,-3.7647999999999997,-3.76
2.92,3.185,F,F,-6.37,,-3.842133333333333,-3.84
2.96,3.185,F,F,-6.37,,-3.920533333333333,-3.92
3.0,3.185,F,F,-6.37,,-4.0,-4.0
3.04,3.185,F,F,-6.37,,,-4.08
3.08,3.185,F,F,-6.37,,,-4.16
3.12,3.185,F,F,-6.37,,,-4.24
3.16,3.185,F,F,-6.37,,,-4.32
3.2,3.185,F,F,-6.37,,,-4.4
3.24,3.185,F,F,-6.37,,,-4.48
3.28,3.185,F,F,-6.37,,,-4.56
3.32,3.185,F,F,-6.37,,,-4.64
3.36,3.185,F,F,-6.37,,,-4.72
3.4,3.185,F,F,-6.37,,,-4.8
3.44,3.185,F,F,-6.37,,,-4.88
3.48,3.185,F,F,-6.37,,,-4.96
3.52,3.185,F,F,-6.37,,,-5.04
3.56,3.185,F,F,-6.37,,,-5.12
3.6,3.185,F,F,-6.37,,,-5.2
3.64,3.185,F,F,-6.37,,,-5.28
3.68,3.185,F,F,-6.37,,,-5.36
3.72,3.185,F,F,-6.37,,,-5.44
3.76,3.185,F,F,-6.37,,,-5.52
3.8,3.185,F,F,-6.37,,,-5.6
3.84,3.185,F,F,-6.37,,,-5.68
3.88,3.185,F,F,-6.37,,,-5.76
3.92,3.185,F,F,-6.37,,,-5.84
3.96,3.185,F,F,-6.37,,,-5.92
4.0,3.185,F,F,-6.37,,,-6.0
0.0,3.22,F,F,-6.44,,-1.0,2.0
0.04,3.22,F,F,-6.44,,-1.0005333333333333,1.92
0.08,3.22,F,F,-6.44,,-1.0021333333333333,1.84
0.12,3.22,F,F,-6.44,,-1.0048,1.76
0.16,3.22,F,F,-6.44,,-1.0085333333333333,1.68
0.2,3.22,F,F,-6.44,,-1.0133333333333334,1.6
0.24,3.22,F,F,-6.44,,-1.0192,1.52
0.28,3.22,F,F,-6.44,,-1.0261333333333333,1.44
0.32,3.22,F,F,-6.44,,-1.0341333333333333,1.3599999999999999
0.36,3.22,F,F,-6.44,,-1.0432,1.28
0.4,3.22,F,F,-6.44,,-1.0533333333333332,1.2
0.44,3.22,F,F,-6.44,,-1.0645333333333333,1.12
0.48,3.22,F,F,-6.44,,-1.0768,1.04
0.52,3.22,F,F,-6.44,,-1.0901333333333334,0.96
0.56,3.22,F,F,-6.44,,-1.1045333333333334,0.8799999999999999
0.6,3.22,F,F,-6.44,,-1.12,0.8
0.64,3.22,F,F,-6.44,,-1.1365333333333334,0.72
0.68,3.22,F,F,-6.44,,-1.1541333333333335,0.6399999999999999
0.72,3.22,F,F,-6.44,,-1.1728,0.56
0.76,3.22,F,F,-6.44,,-1.1925333333333334,0.48
0.8,3.22,F,F,-6.44,,-1.2133333333333334,0.3999999999999999
0.84,3.22,F,F,-6.44,,-1.2351999999999999,0.32000000000000006
0.88,3.22,F,F,-6.44,,-1.2581333333333333,0.24
0.92,3.22,F,F,-6.44,,-1.2821333333333333,0.15999999999999992
0.96,3.22,F,F,-6.44,,-1.3072,0.08000000000000007
1.0,3.22,F,F,-6.44,,-1.3333333333333333,0.0
1.04,3.22,F,F,-6.44,,-1.3605333333333334,-0.08000000000000007
1.08,3.22,F,F,-6.44,,-1.3888,-0.16000000000000014
1.12,3.22,F,F,-6.44,,-1.4181333333333335,-0.2400000000000002
1.16,3.22,F,F,-6.44,,-1.4485333333333332,-0.31999999999999984
1.2,3.22,F,F,-6.44,,-1.48,-0.3999999999999999
1.24,3.22,F,F,-6.44,,-1.5125333333333333,-0.48
1.28,3.22,F,F,-6.44,,-1.5461333333333334,-0.56
1.32,3.22,F,F,-6.44,,-1.5808,-0.6400000000000001
1.36,3.22,F,F,-6.44,,-1.6165333333333334,-0.7200000000000002
1.4,3.22,F,F,-6.44,,-1.6533333333333333,-0.7999999999999998
1.44,3.22,F,F,-6.44,,-1.6911999999999998,-0.8799999999999999
1.48,3.22,F,F,-6.44,,-1.7301333333333333,-0.96
1.52,3.22,F,F,-6.44,,-1.7701333333333333,-1.04
1.56,3.22,F,F,-6.44,,-1.8112,-1.12
1.6,3.22,F,F,-6.44,,-1.8533333333333335,-1.2000000000000002
1.64,3.22,F,F,-6.44,,-1.8965333333333332,-1.2799999999999998
1.68,3.22,F,F,-6.44,,-1.9407999999999999,-1.3599999999999999
1.72,3.22,F,F,-6.44,,-1.986133333333333,-1.44
1.76,3.22,F,F,-6.44,,-2.0325333333333333,-1.52
1.8,3.22,F,F,-6.44,,-2.08,-1.6
1.84,3.22,F,F,-6.44,,-2.1285333333333334,-1.6800000000000002
1.88,3.22,F,F,-6.44,,-2.1781333333333333,-1.7599999999999998
1.92,3.22,F,F,-6.44,,-2.2287999999999997,-1.8399999999999999
1.96,3.22,F,F,-6.44,,-2.2805333333333335,-1.92
2.0,3.22,F,F,-6.44,,-2.333333333333333,-2.0
2.04,3.22,F,F,-6.44,,-2.3872,-2.08
2.08,3.22,F,F,-6.44,,-2.4421333333333335,-2.16
2.12,3.22,F,F,-6.44,,-2.4981333333333335,-2.24
2.16,3.22,F,F,-6.44,,-2.5552,-2.3200000000000003
2.2,3.22,F,F,-6.44,,-2.6133333333333333,-2.4000000000000004
2.24,3.22,F,F,-6.44,,-2.672533333333334,-2.4800000000000004
2.28,3.22,F,F,-6.44,,-2.7328,-2.5599999999999996
2.32,3.22,F,F,-6.44,,-2.794133333333333,-2.6399999999999997
2.36,3.22,F,F,-6.44,,-2.856533333333333,-2.7199999999999998
2.4,3.22,F,F,-6.44,,-2.92,-2.8
2.44,3.22,F,F,-6.44,,-2.9845333333333333,-2.88
2.48,3.22,F,F,-6.44,,-3.0501333333333336,-2.96
2.52,3.22,F,F,-6.44,,-3.1168,-3.04
2.56,3.22,F,F,-6.44,,-3.1845333333333334,-3.12
2.6,3.22,F,F,-6.44,,-3.2533333333333334,-3.2
2.64,3.22,F,F,-6.44,,-3.3232000000000004,-3.2800000000000002
2.68,3.22,F,F,-6.44,,-3.394133333333334,-3.3600000000000003
2.72,3.22,F,F,-6.44,,-3.466133333333334,-3.4400000000000004
2.76,3.22,F,F,-6.44,,-3.5391999999999997,-3.5199999999999996
2.8,3.22,F,F,-6.44,,-3.613333333333333,-3.5999999999999996
2.84,3.22,F,F,-6.44,,-3.6885333333333334,-3.6799999999999997
2.88,3.22,F,F,-6.44,,-3.7647999999999997,-3.76
2.92,3.22,F,F,-6.44,,-3.842133333333333,-3.84
2.96,3.22,F,F,-6.44,,-3.920533333333333,-3.92
3.0,3.22,F,F,-6.44,,-4.0,-4.0
3.04,3.22,F,F,-6.44,,,-4.08
3.08,3.22,F,F,-6.44,,,-4.16
3.12,3.22,F,F,-6.44,,,-4.24
3.16,3.22,F,F,-6.44,,,-4.32
3.2,3.22,F,F,-6.44,,,-4.4
3.24,3.22,F,F,-6.44,,,-4.48
3.28,3.22,F,F,-6.44,,,-4.56
3.32,3.22,F,F,-6.44,,,-4.64
3.36,3.22,F,F,-6.44,,,-4.72
3.4,3.22,F,F,-6.44,,,-4.8
3.44,3.22,F,F,-6.44,,,-4.88
3.48,3.22,F,F,-6.44,,,-4.96
3.52,3.22,F,F,-6.44,,,-5.04
3.56,3.22,F,F,-6.44,,,-5.12
3.6,3.22,F,F,-6.44,,,-5.2
3.64,3.22,F,F,-6.44,,,-5.28
3.68,3.22,F,F,-6.44,,,-5.36
3.72,3.22,F,F,-6.44,,,-5.44
3.76,3.22,F,F,-6.44,,,-5.52
3.8,3.22,F,F,-6.44,,,-5.6
3.84,3.22,F,F,-6.44,,,-5.68
3.88,3.22,F,F,-6.44,,,-5.76
3.92,3.22,F,F,-6.44,,,-5.84
3.96,3.22,F,F,-6.44,,,-5.92
4.0,3.22,F,F,-6.44,,,-6.0
0.0,3.255,F,F,-6.51,,-1.0,2.0
0.04,3.255,F,F,-6.51,,-1.0005333333333333,1.92
0.08,3.255,F,F,-6.51,,-1.0021333333333333,1.84
0.12,3.255,F,F,-6.51,,-1.0048,1.76
0.16,3.255,F,F,-6.51,,-1.0085333333333333,1.68
0.2,3.255,F,F,-6.51,,-1.0133333333333334,1.6
0.24,3.255,F,F,-6.51,,-1.0192,1.52
0.28,3.255,F,F,-6.51,,-1.0261333333333333,1.44
0.32,3.255,F,F,-6.51,,-1.0341333333333333,1.3599999999999999
0.36,3.255,F,F,-6.51,,-1.0432,1.28
0.4,3.255,F,F,-6.51,,-1.0533333333333332,1.2
0.44,3.255,F,F,-6.51,,-1.0645333333333333,1.12
0.48,3.255,F,F,-6.51,,-1.0768,1.04
0.52,3.255,F,F,-6.51,,-1.0901333333333334,0.96
0.56,3.255,F,F,-6.51,,-1.1045333333333334,0.8799999999999999
0.6,3.255,F,F,-6.51,,-1.12,0.8
0.64,3.255,F,F,-6.51,,-1.1365333333333334,0.72
0.68,3.255,F,F,-6.51,,-1.1541333333333335,0.6399999999999999
0.72,3.255,F,F,-6.51,,-1.1728,0.56
0.76,3.255,F,F,-6.51,,-1.1925333333333334,0.48
0.8,3.255,F,F,-6.51,,-1.2133333333333334,0.3999999999999999
0.84,3.255,F,F,-6.51,,-1.2351999999999999,0.32000000000000006
0.88,3.255,F,F,-6.51,,-1.2581333333333333,0.24
0.92,3.255,F,F,-6.51,,-1.2821333333333333,0.15999999999999992
0.96,3.255,F,F,-6.51,,-1.3072,0.08000000000000007
1.0,3.255,F,F,-6.51,,-1.3333333333333333,0.0
1.04,3.255,F,F,-6.51,,-1.3605333333333334,-0.08000000000000007
1.08,3.255,F,F,-6.51,,-1.3888,-0.16000000000000014
1.12,3.255,F,F,-6.51,,-1.4181333333333335,-0.2400000000000002
1.16,3.255,F,F,-6.51,,-1.4485333333333332,-0.31999999999999984
1.2,3.255,F,F,-6.51,,-1.48,-0.3999999999999999
1.24,3.255,F,F,-6.51,,-1.5125333333333333,-0.48
1.28,3.255,F,F,-6.51,,-1.5461333333333334,-0.56
1.32,3.255,F,F,-6.51,,-1.5808,-0.6400000000000001
1.36,3.255,F,F,-6.51,,-1.6165333333333334,-0.7200000000000002
1.4,3.255,F,F,-6.51,,-1.6533333333333333,-0.7999999999999998
1.44,3.255,F,F,-6.51,,-1.6911999999999998,-0.8799999999999999
1.48,3.255,F,F,-6.51,,-1.7301333333333333,-0.96
1.52,3.255,F,F,-6.51,,-1.7701333333333333,-1.04
1.56,3.255,F,F,-6.51,,-1.8112,-1.12
1.6,3.255,F,F,-6.51,,-1.8533333333333335,-1.2000000000000002
1.64,3.255,F,F,-6.51,,-1.8965333333333332,-1.2799999999999998
1.68,3.255,F,F,-6.51,,-1.9407999999999999,-1.3599999999999999
1.72,3.255,F,F,-6.51,,-1.986133333333333,-1.44
1.76,3.255,F,F,-6.51,,-2.0325333333333333,-1.52
1.8,3.255,F,F,-6.51,,-2.08,-1.6
1.84,3.255,F,F,-6.51,,-2.1285333333333334,-1.6800000000000002
1.88,3.255,F,F,-6.51,,-2.1781333333333333,-1.7599999999999998
1.92,3.255,F,F,-6.51,,-2.2287999999999997,-1.8399999999999999
1.96,3.255,F,F,-6.51,,-2.2805333333333335,-1.92
2.0,3.255,F,F,-6.51,,-2.333333333333333,-2.0
2.04,3.255,F,F,-6.51,,-2.3872,-2.08
2.08,3.255,F,F,-6.51,,-2.4421333333333335,-2.16
2.12,3.255,F,F,-6.51,,-2.4981333333333335,-2.24
2.16,3.255,F,F,-6.51,,-2.5552,-2.3200000000000003
2.2,3.255,F,F,-6.51,,-2.6133333333333333,-2.4000000000000004
2.24,3.255,F,F,-6.51,,-2.672533333333334,-2.4800000000000004
2.28,3.255,F,F,-6.51,,-2.7328,-2.5599999999999996
2.32,3.255,F,F,-6.51,,-2.794133333333333,-2.6399999999999997
2.36,3.255,F,F,-6.51,,-2.856533333333333,-2.7199999999999998
2.4,3.255,F,F,-6.51,,-2.92,-2.8
2.44,3.255,F,F,-6.51,,-2.9845333333333333,-2.88
2.48,3.255,F,F,-6.51,,-3.0501333333333336,-2.96
2.52,3.255,F,F,-6.51,,-3.1168,-3.04
2.56,3.255,F,F,-6.51,,-3.1845333333333334,-3.12
2.6,3.255,F,F,-6.51,,-3.2533333333333334,-3.2
2.64,3.255,F,F,-6.51,,-3.3232000000000004,-3.2800000000000002
2.68,3.255,F,F,-6.51,,-3.394133333333334,-3.3600000000000003
2.72,3.255,F,F,-6.51,,-3.466133333333334,-3.4400000000000004
2.76,3.255,F,F,-6.51,,-3.5391999999999997,-3.5199999999999996
2.8,3.255,F,F,-6.51,,-3.613333333333333,-3.5999999999999996
2.84,3.255,F,F,-6.51,,-3.6885333333333334,-3.6799999999999997
2.88,3.255,F,F,-6.51,,-3.7647999999999997,-3.76
2.92,3.255,F,F,-6.51,,-3.842133333333333,-3.84
2.96,3.255,F,F,-6.51,,-3.920533333333333,-3.92
3.0,3.255,F,F,-6.51,,-4.0,-4.0
3.04,3.255,F,F,-6.51,,,-4.08
3.08,3.255,F,F,-6.51,,,-4.16
3.12,3.255,F,F,-6.51,,,-4.24
3.16,3.255,F,F,-6.51,,,-4.32
3.2,3.255,F,F,-6.51,,,-4.4
3.24,3.255,F,F,-6.51,,,-4.48
3.28,3.255,F,F,-6.51,,,-4.56
3.32,3.255,F,F,-6.51,,,-4.64
3.36,3.255,F,F,-6.51,,,-4.72
3.4,3.255,F,F,-6.51,,,-4.8
3.44,3.255,F,F,-6.51,,,-4.88
3.48,3.255,F,F,-6.51,,,-4.96
3.52,3.255,F,F,-6.51,,,-5.04
3.56,3.255,F,F,-6.51,,,-5.12
3.6,3.255,F,F,-6.51,,,-5.2
3.64,3.255,F,F,-6.51,,,-5.28
3.68,3.255,F,F,-6.51,,,-5.36
3.72,3.255,F,F,-6.51,,,-5.44
3.76,3.255,F,F,-6.51,,,-5.52
3.8,3.255,F,F,-6.51,,,-5.6
3.84,3.255,F,F,-6.51,,,-5.68
3.88,3.255,F,F,-6.51,,,-5.76
3.92,3.255,F,F,-6.51,,,-5.84
3.96,3.255,F,F,-6.51,,,-5.92
4.0,3.255,F,F,-6.51,,,-6.0
0.0,3.29,F,F,-6.58,,-1.0,2.0
0.04,3.29,F,F,-6.58,,-1.0005333333333333,1.92
0.08,3.29,F,F,-6.58,,-1.0021333333333333,1.84
0.12,3.29,F,F,-6.58,,-1.0048,1.76
0.16,3.29,F,F,-6.58,,-1.0085333333333333,1.68
0.2,3.29,F,F,-6.58,,-1.0133333333333334,1.6
0.24,3.29,F,F,-6.58,,-1.0192,1.52
0.28,3.29,F,F,-6.58,,-1.0261333333333333,1.44
0.32,3.29,F,F,-6.58,,-1.0341333333333333,1.3599999999999999
0.36,3.29,F,F,-6.58,,-1.0432,1.28
0.4,3.29,F,F,-6.58,,-1.0533333333333332,1.2
0.44,3.29,F,F,-6.58,,-1.0645333333333333,1.12
0.48,3.29,F,F,-6.58,,-1.0768,1.04
0.52,3.29,F,F,-6.58,,-1.0901333333333334,0.96
0.56,3.29,F,F,-6.58,,-1.1045333333333334,0.8799999999999999
0.6,3.29,F,F,-6.58,,-1.12,0.8
0.64,3.29,F,F,-6.58,,-1.1365333333333334,0.72
0.68,3.29,F,F,-6.58,,-1.1541333333333335,0.6399999999999999
0.72,3.29,F,F,-6.58,,-1.1728,0.56
0.76,3.29,F,F,-6.58,,-1.1925333333333334,0.48
0.8,3.29,F,F,-6.58,,-1.2133333333333334,0.3999999999999999
0.84,3.29,F,F,-6.58,,-1.2351999999999999,0.32000000000000006
0.88,3.29,F,F,-6.58,,-1.2581333333333333,0.24
0.92,3.29,F,F,-6.58,,-1.2821333333333333,0.15999999999999992
0.96,3.29,F,F,-6.58,,-1.3072,0.08000000000000007
1.0,3.29,F,F,-6.58,,-1.3333333333333333,0.0
1.04,3.29,F,F,-6.58,,-1.3605333333333334,-0.08000000000000007
1.08,3.29,F,F,-6.58,,-1.3888,-0.16000000000000014
1.12,3.29,F,F,-6.58,,-1.4181333333333335,-0.2400000000000002
1.16,3.29,F,F,-6.58,,-1.4485333333333332,-0.31999999999999984
1.2,3.29,F,F,-6.58,,-1.48,-0.3999999999999999
1.24,3.29,F,F,-6.58,,-1.5125333333333333,-0.48
1.28,3.29,F,F,-6.58,,-1.5461333333333334,-0.56
1.32,3.29,F,F,-6.58,,-1.5808,-0.6400000000000001
1.36,3.29,F,F,-6.58,,-1.6165333333333334,-0.7200000000000002
1.4,3.29,F,F,-6.58,,-1.6533333333333333,-0.7999999999999998
1.44,3.29,F,F,-6.58,,-1.6911999999999998,-0.8799999999999999
1.48,3.29,F,F,-6.58,,-1.7301333333333333,-0.96
1.52,3.29,F,F,-6.58,,-1.7701333333333333,-1.04
1.56,3.29,F,F,-6.58,,-1.8112,-1.12
1.6,3.29,F,F,-6.58,,-1.8533333333333335,-1.2000000000000002
1.64,3.29,F,F,-6.58,,-1.8965333333333332,-1.2799999999999998
1.68,3.29,F,F,-6.58,,-1.9407999999999999,-1.3599999999999999
1.72,3.29,F,F,-6.58,,-1.986133333333333,-1.44
1.76,3.29,F,F,-6.58,,-2.0325333333333333,-1.52
1.8,3.29,F,F,-6.58,,-2.08,-1.6
1.84,3.29,F,F,-6.58,,-2.1285333333333334,-1.6800000000000002
1.88,3.29,F,F,-6.58,,-2.1781333333333333,-1.7599999999999998
1.92,3.29,F,F,-6.58,,-2.2287999999999997,-1.8399999999999999
1.96,3.29,F,F,-6.58,,-2.2805333333333335,-1.92
2.0,3.29,F,F,-6.58,,-2.333333333333333,-2.0
2.04,3.29,F,F,-6.58,,-2.3872,-2.08
2.08,3.29,F,F,-6.58,,-2.4421333333333335,-2.16
2.12,3.29,F,F,-6.58,,-2.4981333333333335,-2.24
2.16,3.29,F,F,-6.58,,-2.5552,-2.3200000000000003
2.2,3.29,F,F,-6.58,,-2.6133333333333333,-2.4000000000000004
2.24,3.29,F,F,-6.58,,-2.672533333333334,-2.4800000000000004
2.28,3.29,F,F,-6.58,,-2.7328,-2.5599999999999996
2.32,3.29,F,F,-6.58,,-2.794133333333333,-2.6399999999999997
2.36,3.29,F,F,-6.58,,-2.856533333333333,-2.7199999999999998
2.4,3.29,F,F,-6.58,,-2.92,-2.8
2.44,3.29,F,F,-6.58,,-2.9845333333333333,-2.88
2.48,3.29,F,F,-6.58,,-3.0501333333333336,-2.96
2.52,3.29,F,F,-6.58,,-3.1168,-3.04
2.56,3.29,F,F,-6.58,,-3.1845333333333334,-3.12
2.6,3.29,F,F,-6.58,,-3.2533333333333334,-3.2
2.64,3.29,F,F,-6.58,,-3.3232000000000004,-3.2800000000000002
2.68,3.29,F,F,-6.58,,-3.394133333333334,-3.3600000000000003
2.72,3.29,F,F,-6.58,,-3.466133333333334,-3.4400000000000004
2.76,3.29,F,F,-6.58,,-3.5391999999999997,-3.5199999999999996
2.8,3.29,F,F,-6.58,,-3.613333333333333,-3.5999999999999996
2.84,3.29,F,F,-6.58,,-3.6885333333333334,-3.6799999999999997
2.88,3.29,F,F,-6.58,,-3.7647999999999997,-3.76
2.92,3.29,F,F,-6.58,,-3.842133333333333,-3.84
2.96,3.29,F,F,-6.58,,-3.920533333333333,-3.92
3.0,3.29,F,F,-6.58,,-4.0,-4.0
3.04,3.29,F,F,-6.58,,,-4.08
3.08,3.29,F,F,-6.58,,,-4.16
3.12,3.29,F,F,-6.58,,,-4.24
3.16,3.29,F,F,-6.58,,,-4.32
3.2,3.29,F,F,-6.58,,,-4.4
3.24,3.29,F,F,-6.58,,,-4.48
3.28,3.29,F,F,-6.58,,,-4.56
3.32,3.29,F,F,-6.58,,,-4.64
3.36,3.29,F,F,-6.58,,,-4.72
3.4,3.29,F,F,-6.58,,,-4.8
3.44,3.29,F,F,-6.58,,,-4.88
3.48,3.29,F,F,-6.58,,,-4.96
3.52,3.29,F,F,-6.58,,,-5.04
3.56,3.29,F,F,-6.58,,,-5.12
3.6,3.29,F,F,-6.58,,,-5.2
3.64,3.29,F,F,-6.58,,,-5.28
3.68,3.29,F,F,-6.58,,,-5.36
3.72,3.29,F,F,-6.58,,,-5.44
3.76,3.29,F,F,-6.58,,,-5.52
3.8,3.29,F,F,-6.58,,,-5.6
3.84,3.29,F,F,-6.58,,,-5.68
3.88,3.29,F,F,-6.58,,,-5.76
3.92,3.29,F,F,-6.58,,,-5.84
3.96,3.29,F,F,-6.58,,,-5.92
4.0,3.29,F,F,-6.58,,,-6.0
0.0,3.325,F,F,-6.65,,-1.0,2.0
0.04,3.325,F,F,-6.65,,-1.0005333333333333,1.92
0.08,3.325,F,F,-6.65,,-1.0021333333333333,1.84
0.12,3.325,F,F,-6.65,,-1.0048,1.76
0.16,3.325,F,F,-6.65,,-1.0085333333333333,1.68
0.2,3.325,F,F,-6.65,,-1.0133333333333334,1.6
0.24,3.325,F,F,-6.65,,-1.0192,1.52
0.28,3.325,F,F,-6.65,,-1.0261333333333333,1.44
0.32,3.325,F,F,-6.65,,-1.0341333333333333,1.3599999999999999
0.36,3.325,F,F,-6.65,,-1.0432,1.28
0.4,3.325,F,F,-6.65,,-1.0533333333333332,1.2
0.44,3.325,F,F,-6.65,,-1.0645333333333333,1.12
0.48,3.325,F,F,-6.65,,-1.0768,1.04
0.52,3.325,F,F,-6.65,,-1.0901333333333334,0.96
0.56,3.325,F,F,-6.65,,-1.1045333333333334,0.8799999999999999
0.6,3.325,F,F,-6.65,,-1.12,0.8
0.64,3.325,F,F,-6.65,,-1.1365333333333334,0.72
0.68,3.325,F,F,-6.65,,-1.1541333333333335,0.6399999999999999
0.72,3.325,F,F,-6.65,,-1.1728,0.56
0.76,3.325,F,F,-6.65,,-1.1925333333333334,0.48
0.8,3.325,F,F,-6.65,,-1.2133333333333334,0.3999999999999999
0.84,3.325,F,F,-6.65,,-1.2351999999999999,0.32000000000000006
0.88,3.325,F,F,-6.65,,-1.2581333333333333,0.24
0.92,3.325,F,F,-6.65,,-1.2821333333333333,0.15999999999999992
0.96,3.325,F,F,-6.65,,-1.3072,0.08000000000000007
1.0,3.325,F,F,-6.65,,-1.3333333333333333,0.0
1.04,3.325,F,F,-6.65,,-1.3605333333333334,-0.08000000000000007
1.08,3.325,F,F,-6.65,,-1.3888,-0.16000000000000014
1.12,3.325,F,F,-6.65,,-1.4181333333333335,-0.2400000000000002
1.16,3.325,F,F,-6.65,,-1.4485333333333332,-0.31999999999999984
1.2,3.325,F,F,-6.65,,-1.48,-0.3999999999999999
1.24,3.325,F,F,-6.65,,-1.5125333333333333,-0.48
1.28,3.325,F,F,-6.65,,-1.5461333333333334,-0.56
1.32,3.325,F,F,-6.65,,-1.5808,-0.6400000000000001
1.36,3.325,F,F,-6.65,,-1.6165333333333334,-0.7200000000000002
1.4,3.325,F,F,-6.65,,-1.6533333333333333,-0.7999999999999998
1.44,3.325,F,F,-6.65,,-1.6911999999999998,-0.8799999999999999
1.48,3.325,F,F,-6.65,,-1.7301333333333333,-0.96
1.52,3.325,F,F,-6.65,,-1.7701333333333333,-1.04
1.56,3.325,F,F,-6.65,,-1.8112,-1.12
1.6,3.325,F,F,-6.65,,-1.8533333333333335,-1.2000000000000002
1.64,3.325,F,F,-6.65,,-1.8965333333333332,-1.2799999999999998
1.68,3.325,F,F,-6.65,,-1.9407999999999999,-1.3599999999999999
1.72,3.325,F,F,-6.65,,-1.986133333333333,-1.44
1.76,3.325,F,F,-6.65,,-2.0325333333333333,-1.52
1.8,3.325,F,F,-6.65,,-2.08,-1.6
1.84,3.325,F,F,-6.65,,-2.1285333333333334,-1.6800000000000002
1.88,3.325,F,F,-6.65,,-2.1781333333333333,-1.7599999999999998
1.92,3.325,F,F,-6.65,,-2.2287999999999997,-1.8399999999999999
1.96,3.325,F,F,-6.65,,-2.2805333333333335,-1.92
2.0,3.325,F,F,-6.65,,-2.333333333333333,-2.0
2.04,3.325,F,F,-6.65,,-2.3872,-2.08
2.08,3.325,F,F,-6.65,,-2.4421333333333335,-2.16
2.12,3.325,F,F,-6.65,,-2.4981333333333335,-2.24
2.16,3.325,F,F,-6.65,,-2.5552,-2.3200000000000003
2.2,3.325,F,F,-6.65,,-2.6133333333333333,-2.4000000000000004
2.24,3.325,F,F,-6.65,,-2.672533333333334,-2.4800000000000004
2.28,3.325,F,F,-6.65,,-2.7328,-2.5599999999999996
2.32,3.325,F,F,-6.65,,-2.794133333333333,-2.6399999999999997
2.36,3.325,F,F,-6.65,,-2.856533333333333,-2.7199999999999998
2.4,3.325,F,F,-6.65,,-2.92,-2.8
2.44,3.325,F,F,-6.65,,-2.9845333333333333,-2.88
2.48,3.325,F,F,-6.65,,-3.0501333333333336,-2.96
2.52,3.325,F,F,-6.65,,-3.1168,-3.04
2.56,3.325,F,F,-6.65,,-3.1845333333333334,-3.12
2.6,3.325,F,F,-6.65,,-3.2533333333333334,-3.2
2.64,3.325,F,F,-6.65,,-3.3232000000000004,-3.2800000000000002
2.68,3.325,F,F,-6.65,,-3.394133333333334,-3.3600000000000003
2.72,3.325,F,F,-6.65,,-3.466133333333334,-3.4400000000000004
2.76,3.325,F,F,-6.65,,-3.5391999999999997,-3.5199999999999996
2.8,3.325,F,F,-6.65,,-3.613333333333333,-3.5999999999999996
2.84,3.325,F,F,-6.65,,-3.6885333333333334,-3.6799999999999997
2.88,3.325,F,F,-6.65,,-3.7647999999999997,-3.76
2.92,3.325,F,F,-6.65,,-3.842133333333333,-3.84
2.96,3.325,F,F,-6.65,,-3.920533333333333,-3.92
3.0,3.325,F,F,-6.65,,-4.0,-4.0
3.04,3.325,F,F,-6.65,,,-4.08
3.08,3.325,F,F,-6.65,,,-4.16
3.12,3.325,F,F,-6.65,,,-4.24
3.16,3.325,F,F,-6.65,,,-4.32
3.2,3.325,F,F,-6.65,,,-4.4
3.24,3.325,F,F,-6.65,,,-4.48
3.28,3.325,F,F,-6.65,,,-4.56
3.32,3.325,F,F,-6.65,,,-4.64
3.36,3.325,F,F,-6.65,,,-4.72
3.4,3.325,F,F,-6.65,,,-4.8
3.44,3.325,F,F,-6.65,,,-4.88
3.48,3.325,F,F,-6.65,,,-4.96
3.52,3.325,F,F,-6.65,,,-5.04
3.56,3.325,F,F,-6.65,,,-5.12
3.6,3.325,F,F,-6.65,,,-5.2
3.64,3.325,F,F,-6.65,,,-5.28
3.68,3.325,F,F,-6.65,,,-5.36
3.72,3.325,F,F,-6.65,,,-5.44
3.76,3.325,F,F,-6.65,,,-5.52
3.8,3.325,F,F,-6.65,,,-5.6
3.84,3.325,F,F,-6.65,,,-5.68
3.88,3.325,F,F,-6.65,,,-5.76
3.92,3.325,F,F,-6.65,,,-5.84
3.96,3.325,F,F,-6.65,,,-5.92
4.0,3.325,F,F,-6.65,,,-6.0
0.0,3.36,F,F,-6.72,,-1.0,2.0
0.04,3.36,F,F,-6.72,,-1.0005333333333333,1.92
0.08,3.36,F,F,-6.72,,-1.0021333333333333,1.84
0.12,3.36,F,F,-6.72,,-1.0048,1.76
0.16,3.36,F,F,-6.72,,-1.0085333333333333,1.68
0.2,3.36,F,F,-6.72,,-1.0133333333333334,1.6
0.24,3.36,F,F,-6.72,,-1.0192,1.52
0.28,3.36,F,F,-6.72,,-1.0261333333333333,1.44
0.32,3.36,F,F,-6.72,,-1.0341333333333333,1.3599999999999999
0.36,3.36,F,F,-6.72,,-1.0432,1.28
0.4,3.36,F,F,-6.72,,-1.0533333333333332,1.2
0.44,3.36,F,F,-6.72,,-1.0645333333333333,1.12
0.48,3.36,F,F,-6.72,,-1.0768,1.04
0.52,3.36,F,F,-6.72,,-1.0901333333333334,0.96
0.56,3.36,F,F,-6.72,,-1.1045333333333334,0.8799999999999999
0.6,3.36,F,F,-6.72,,-1.12,0.8
0.64,3.36,F,F,-6.72,,-1.1365333333333334,0.72
0.68,3.36,F,F,-6.72,,-1.1541333333333335,0.6399999999999999
0.72,3.36,F,F,-6.72,,-1.1728,0.56
0.76,3.36,F,F,-6.72,,-1.1925333333333334,0.48
0.8,3.36,F,F,-6.72,,-1.2133333333333334,0.3999999999999999
0.84,3.36,F,F,-6.72,,-1.2351999999999999,0.32000000000000006
0.88,3.36,F,F,-6.72,,-1.2581333333333333,0.24
0.92,3.36,F,F,-6.72,,-1.2821333333333333,0.15999999999999992
0.96,3.36,F,F,-6.72,,-1.3072,0.08000000000000007
1.0,3.36,F,F,-6.72,,-1.3333333333333333,0.0
1.04,3.36,F,F,-6.72,,-1.3605333333333334,-0.08000000000000007
1.08,3.36,F,F,-6.72,,-1.3888,-0.16000000000000014
1.12,3.36,F,F,-6.72,,-1.4181333333333335,-0.2400000000000002
1.16,3.36,F,F,-6.72,,-1.4485333333333332,-0.31999999999999984
1.2,3.36,F,F,-6.72,,-1.48,-0.3999999999999999
1.24,3.36,F,F,-6.72,,-1.5125333333333333,-0.48
1.28,3.36,F,F,-6.72,,-1.5461333333333334,-0.56
1.32,3.36,F,F,-6.72,,-1.5808,-0.6400000000000001
1.36,3.36,F,F,-6.72,,-1.6165333333333334,-0.7200000000000002
1.4,3.36,F,F,-6.72,,-1.6533333333333333,-0.7999999999999998
1.44,3.36,F,F,-6.72,,-1.6911999999999998,-0.8799999999999999
1.48,3.36,F,F,-6.72,,-1.7301333333333333,-0.96
1.52,3.36,F,F,-6.72,,-1.7701333333333333,-1.04
1.56,3.36,F,F,-6.72,,-1.8112,-1.12
1.6,3.36,F,F,-6.72,,-1.8533333333333335,-1.2000000000000002
1.64,3.36,F,F,-6.72,,-1.8965333333333332,-1.2799999999999998
1.68,3.36,F,F,-6.72,,-1.9407999999999999,-1.3599999999999999
1.72,3.36,F,F,-6.72,,-1.986133333333333,-1.44
1.76,3.36,F,F,-6.72,,-2.0325333333333333,-1.52
1.8,3.36,F,F,-6.72,,-2.08,-1.6
1.84,3.36,F,F,-6.72,,-2.1285333333333334,-1.6800000000000002
1.88,3.36,F,F,-6.72,,-2.1781333333333333,-1.7599999999999998
1.92,3.36,F,F,-6.72,,-2.2287999999999997,-1.8399999999999999
1.96,3.36,F,F,-6.72,,-2.2805333333333335,-1.92
2.0,3.36,F,F,-6.72,,-2.333333333333333,-2.0
2.04,3.36,F,F,-6.72,,-2.3872,-2.08
2.08,3.36,F,F,-6.72,,-2.4421333333333335,-2.16
2.12,3.36,F,F,-6.72,,-2.4981333333333335,-2.24
2.16,3.36,F,F,-6.72,,-2.5552,-2.3200000000000003
2.2,3.36,F,F,-6.72,,-2.6133333333333333,-2.4000000000000004
2.24,3.36,F,F,-6.72,,-2.672533333333334,-2.4800000000000004
2.28,3.36,F,F,-6.72,,-2.7328,-2.5599999999999996
2.32,3.36,F,F,-6.72,,-2.794133333333333,-2.6399999999999997
2.36,3.36,F,F,-6.72,,-2.856533333333333,-2.7199999999999998
2.4,3.36,F,F,-6.72,,-2.92,-2.8
2.44,3.36,F,F,-6.72,,-2.9845333333333333,-2.88
2.48,3.36,F,F,-6.72,,-3.0501333333333336,-2.96
2.52,3.36,F,F,-6.72,,-3.1168,-3.04
2.56,3.36,F,F,-6.72,,-3.1845333333333334,-3.12
2.6,3.36,F,F,-6.72,,-3.2533333333333334,-3.2
2.64,3.36,F,F,-6.72,,-3.3232000000000004,-3.2800000000000002
2.68,3.36,F,F,-6.72,,-3.394133333333334,-3.3600000000000003
2.72,3.36,F,F,-6.72,,-3.466133333333334,-3.4400000000000004
2.76,3.36,F,F,-6.72,,-3.5391999999999997,-3.5199999999999996
2.8,3.36,F,F,-6.72,,-3.613333333333333,-3.5999999999999996
2.84,3.36,F,F,-6.72,,-3.6885333333333334,-3.6799999999999997
2.88,3.36,F,F,-6.72,,-3.7647999999999997,-3.76
2.92,3.36,F,F,-6.72,,-3.842133333333333,-3.84
2.96,3.36,F,F,-6.72,,-3.920533333333333,-3.92
3.0,3.36,F,F,-6.72,,-4.0,-4.0
3.04,3.36,F,F,-6.72,,,-4.08
3.08,3.36,F,F,-6.72,,,-4.16
3.12,3.36,F,F,-6.72,,,-4.24
3.16,3.36,F,F,-6.72,,,-4.32
3.2,3.36,F,F,-6.72,,,-4.4
3.24,3.36,F,F,-6.72,,,-4.48
3.28,3.36,F,F,-6.72,,,-4.56
3.32,3.36,F,F,-6.72,,,-4.64
3.36,3.36,F,F,-6.72,,,-4.72
3.4,3.36,F,F,-6.72,,,-4.8
3.44,3.36,F,F,-6.72,,,-4.88
3.48,3.36,F,F,-6.72,,,-4.96
3.52,3.36,F,F,-6.72,,,-5.04
3.56,3.36,F,F,-6.72,,,-5.12
3.6,3.36,F,F,-6.72,,,-5.2
3.64,3.36,F,F,-6.72,,,-5.28
3.68,3.36,F,F,-6.72,,,-5.36
3.72,3.36,F,F,-6.72,,,-5.44
3.76,3.36,F,F,-6.72,,,-5.52
3.8,3.36,F,F,-6.72,,,-5.6
3.84,3.36,F,F,-6.72,,,-5.68
3.88,3.36,F,F,-6.72,,,-5.76
3.92,3.36,F,F,-6.72,,,-5.84
3.96,3.36,F,F,-6.72,,,-5.92
4.0,3.36,F,F,-6.72,,,-6.0
0.0,3.395,F,F,-6.79,,-1.0,2.0
0.04,3.395,F,F,-6.79,,-1.0005333333333333,1.92
0.08,3.395,F,F,-6.79,,-1.0021333333333333,1.84
0.12,3.395,F,F,-6.79,,-1.0048,1.76
0.16,3.395,F,F,-6.79,,-1.0085333333333333,1.68
0.2,3.395,F,F,-6.79,,-1.0133333333333334,1.6
0.24,3.395,F,F,-6.79,,-1.0192,1.52
0.28,3.395,F,F,-6.79,,-1.0261333333333333,1.44
0.32,3.395,F,F,-6.79,,-1.0341333333333333,1.3599999999999999
0.36,3.395,F,F,-6.79,,-1.0432,1.28
0.4,3.395,F,F,-6.79,,-1.0533333333333332,1.2
0.44,3.395,F,F,-6.79,,-1.0645333333333333,1.12
0.48,3.395,F,F,-6.79,,-1.0768,1.04
0.52,3.395,F,F,-6.79,,-1.0901333333333334,0.96
0.56,3.395,F,F,-6.79,,-1.1045333333333334,0.8799999999999999
0.6,3.395,F,F,-6.79,,-1.12,0.8
0.64,3.395,F,F,-6.79,,-1.1365333333333334,0.72
0.68,3.395,F,F,-6.79,,-1.1541333333333335,0.6399999999999999
0.72,3.395,F,F,-6.79,,-1.1728,0.56
0.76,3.395,F,F,-6.79,,-1.1925333333333334,0.48
0.8,3.395,F,F,-6.79,,-1.2133333333333334,0.3999999999999999
0.84,3.395,F,F,-6.79,,-1.2351999999999999,0.32000000000000006
0.88,3.395,F,F,-6.79,,-1.2581333333333333,0.24
0.92,3.395,F,F,-6.79,,-1.2821333333333333,0.15999999999999992
0.96,3.395,F,F,-6.79,,-1.3072,0.08000000000000007
1.0,3.395,F,F,-6.79,,-1.3333333333333333,0.0
1.04,3.395,F,F,-6.79,,-1.3605333333333334,-0.08000000000000007
1.08,3.395,F,F,-6.79,,-1.3888,-0.16000000000000014
1.12,3.395,F,F,-6.79,,-1.4181333333333335,-0.2400000000000002
1.16,3.395,F,F,-6.79,,-1.4485333333333332,-0.31999999999999984
1.2,3.395,F,F,-6.79,,-1.48,-0.3999999999999999
1.24,3.395,F,F,-6.79,,-1.5125333333333333,-0.48
1.28,3.395,F,F,-6.79,,-1.5461333333333334,-0.56
1.32,3.395,F,F,-6.79,,-1.5808,-0.6400000000000001
1.36,3.395,F,F,-6.79,,-1.6165333333333334,-0.7200000000000002
1.4,3.395,F,F,-6.79,,-1.6533333333333333,-0.7999999999999998
1.44,3.395,F,F,-6.79,,-1.6911999999999998,-0.8799999999999999
1.48,3.395,F,F,-6.79,,-1.7301333333333333,-0.96
1.52,3.395,F,F,-6.79,,-1.7701333333333333,-1.04
1.56,3.395,F,F,-6.79,,-1.8112,-1.12
1.6,3.395,F,F,-6.79,,-1.8533333333333335,-1.2000000000000002
1.64,3.395,F,F,-6.79,,-1.8965333333333332,-1.2799999999999998
1.68,3.395,F,F,-6.79,,-1.9407999999999999,-1.3599999999999999
1.72,3.395,F,F,-6.79,,-1.986133333333333,-1.44
1.76,3.395,F,F,-6.79,,-2.0325333333333333,-1.52
1.8,3.395,F,F,-6.79,,-2.08,-1.6
1.84,3.395,F,F,-6.79,,-2.1285333333333334,-1.6800000000000002
1.88,3.395,F,F,-6.79,,-2.1781333333333333,-1.7599999999999998
1.92,3.395,F,F,-6.79,,-2.2287999999999997,-1.8399999999999999
1.96,3.395,F,F,-6.79,,-2.2805333333333335,-1.92
2.0,3.395,F,F,-6.79,,-2.333333333333333,-2.0
2.04,3.395,F,F,-6.79,,-2.3872,-2.08
2.08,3.395,F,F,-6.79,,-2.4421333333333335,-2.16
2.12,3.395,F,F,-6.79,,-2.4981333333333335,-2.24
2.16,3.395,F,F,-6.79,,-2.5552,-2.3200000000000003
2.2,3.395,F,F,-6.79,,-2.6133333333333333,-2.4000000000000004
2.24,3.395,F,F,-6.79,,-2.672533333333334,-2.4800000000000004
2.28,3.395,F,F,-6.79,,-2.7328,-2.5599999999999996
2.32,3.395,F,F,-6.79,,-2.794133333333333,-2.6399999999999997
2.36,3.395,F,F,-6.79,,-2.856533333333333,-2.7199999999999998
2.4,3.395,F,F,-6.79,,-2.92,-2.8
2.44,3.395,F,F,-6.79,,-2.9845333333333333,-2.88
2.48,3.395,F,F,-6.79,,-3.0501333333333336,-2.96
2.52,3.395,F,F,-6.79,,-3.1168,-3.04
2.56,3.395,F,F,-6.79,,-3.1845333333333334,-3.12
2.6,3.395,F,F,-6.79,,-3.2533333333333334,-3.2
2.64,3.395,F,F,-6.79,,-3.3232000000000004,-3.2800000000000002
2.68,3.395,F,F,-6.79,,-3.394133333333334,-3.3600000000000003
2.72,3.395,F,F,-6.79,,-3.466133333333334,-3.4400000000000004
2.76,3.395,F,F,-6.79,,-3.5391999999999997,-3.5199999999999996
2.8,3.395,F,F,-6.79,,-3.613333333333333,-3.5999999999999996
2.84,3.395,F,F,-6.79,,-3.6885333333333334,-3.6799999999999997
2.88,3.395,F,F,-6.79,,-3.7647999999999997,-3.76
2.92,3.395,F,F,-6.79,,-3.842133333333333,-3.84
2.96,3.395,F,F,-6.79,,-3.920533333333333,-3.92
3.0,3.395,F,F,-6.79,,-4.0,-4.0
3.04,3.395,F,F,-6.79,,,-4.08
3.08,3.395,F,F,-6.79,,,-4.16
3.12,3.395,F,F,-6.79,,,-4.24
3.16,3.395,F,F,-6.79,,,-4.32
3.2,3.395,F,F,-6.79,,,-4.4
3.24,3.395,F,F,-6.79,,,-4.48
3.28,3.395,F,F,-6.79,,,-4.56
3.32,3.395,F,F,-6.79,,,-4.64
3.36,3.395,F,F,-6.79,,,-4.72
3.4,3.395,F,F,-6.79,,,-4.8
3.44,3.395,F,F,-6.79,,,-4.88
3.48,3.395,F,F,-6.79,,,-4.96
3.52,3.395,F,F,-6.79,,,-5.04
3.56,3.395,F,F,-6.79,,,-5.12
3.6,3.395,F,F,-6.79,,,-5.2
3.64,3.395,F,F,-6.79,,,-5.28
3.68,3.395,F,F,-6.79,,,-5.36
3.72,3.395,F,F,-6.79,,,-5.44
3.76,3.395,F,F,-6.79,,,-5.52
3.8,3.395,F,F,-6.79,,,-5.6
3.84,3.395,F,F,-6.79,,,-5.68
3.88,3.395,F,F,-6.79,,,-5.76
3.92,3.395,F,F,-6.79,,,-5.84
3.96,3.395,F,F,-6.79,,,-5.92
4.0,3.395,F,F,-6.79,,,-6.0
0.0,3.43,F,F,-6.86,,-1.0,2.0
0.04,3.43,F,F,-6.86,,-1.0005333333333333,1.92
0.08,3.43,F,F,-6.86,,-1.0021333333333333,1.84
0.12,3.43,F,F,-6.86,,-1.0048,1.76
0.16,3.43,F,F,-6.86,,-1.0085333333333333,1.68
0.2,3.43,F,F,-6.86,,-1.0133333333333334,1.6
0.24,3.43,F,F,-6.86,,-1.0192,1.52
0.28,3.43,F,F,-6.86,,-1.0261333333333333,1.44
0.32,3.43,F,F,-6.86,,-1.0341333333333333,1.3599999999999999
0.36,3.43,F,F,-6.86,,-1.0432,1.28
0.4,3.43,F,F,-6.86,,-1.0533333333333332,1.2
0.44,3.43,F,F,-6.86,,-1.0645333333333333,1.12
0.48,3.43,F,F,-6.86,,-1.0768,1.04
0.52,3.43,F,F,-6.86,,-1.0901333333333334,0.96
0.56,3.43,F,F,-6.86,,-1.1045333333333334,0.8799999999999999
0.6,3.43,F,F,-6.86,,-1.12,0.8
0.64,3.43,F,F,-6.86,,-1.1365333333333334,0.72
0.68,3.43,F,F,-6.86,,-1.1541333333333335,0.6399999999999999
0.72,3.43,F,F,-6.86,,-1.1728,0.56
0.76,3.43,F,F,-6.86,,-1.1925333333333334,0.48
0.8,3.43,F,F,-6.86,,-1.2133333333333334,0.3999999999999999
0.84,3.43,F,F,-6.86,,-1.2351999999999999,0.32000000000000006
0.88,3.43,F,F,-6.86,,-1.2581333333333333,0.24
0.92,3.43,F,F,-6.86,,-1.2821333333333333,0.15999999999999992
0.96,3.43,F,F,-6.86,,-1.3072,0.08000000000000007
1.0,3.43,F,F,-6.86,,-1.3333333333333333,0.0
1.04,3.43,F,F,-6.86,,-1.3605333333333334,-0.08000000000000007
1.08,3.43,F,F,-6.86,,-1.3888,-0.16000000000000014
1.12,3.43,F,F,-6.86,,-1.4181333333333335,-0.2400000000000002
1.16,3.43,F,F,-6.86,,-1.4485333333333332,-0.31999999999999984
1.2,3.43,F,F,-6.86,,-1.48,-0.3999999999999999
1.24,3.43,F,F,-6.86,,-1.5125333333333333,-0.48
1.28,3.43,F,F,-6.86,,-1.5461333333333334,-0.56
1.32,3.43,F,F,-6.86,,-1.5808,-0.6400000000000001
1.36,3.43,F,F,-6.86,,-1.6165333333333334,-0.7200000000000002
1.4,3.43,F,F,-6.86,,-1.6533333333333333,-0.7999999999999998
1.44,3.43,F,F,-6.86,,-1.6911999999999998,-0.8799999999999999
1.48,3.43,F,F,-6.86,,-1.7301333333333333,-0.96
1.52,3.43,F,F,-6.86,,-1.7701333333333333,-1.04
1.56,3.43,F,F,-6.86,,-1.8112,-1.12
1.6,3.43,F,F,-6.86,,-1.8533333333333335,-1.2000000000000002
1.64,3.43,F,F,-6.86,,-1.8965333333333332,-1.2799999999999998
1.68,3.43,F,F,-6.86,,-1.9407999999999999,-1.3599999999999999
1.72,3.43,F,F,-6.86,,-1.986133333333333,-1.44
1.76,3.43,F,F,-6.86,,-2.0325333333333333,-1.52
1.8,3.43,F,F,-6.86,,-2.08,-1.6
1.84,3.43,F,F,-6.86,,-2.1285333333333334,-1.6800000000000002
1.88,3.43,F,F,-6.86,,-2.1781333333333333,-1.7599999999999998
1.92,3.43,F,F,-6.86,,-2.2287999999999997,-1.8399999999999999
1.96,3.43,F,F,-6.86,,-2.2805333333333335,-1.92
2.0,3.43,F,F,-6.86,,-2.333333333333333,-2.0
2.04,3.43,F,F,-6.86,,-2.3872,-2.08
2.08,3.43,F,F,-6.86,,-2.4421333333333335,-2.16
2.12,3.43,F,F,-6.86,,-2.4981333333333335,-2.24
2.16,3.43,F,F,-6.86,,-2.5552,-2.3200000000000003
2.2,3.43,F,F,-6.86,,-2.6133333333333333,-2.4000000000000004
2.24,3.43,F,F,-6.86,,-2.672533333333334,-2.4800000000000004
2.28,3.43,F,F,-6.86,,-2.7328,-2.5599999999999996
2.32,3.43,F,F,-6.86,,-2.794133333333333,-2.6399999999999997
2.36,3.43,F,F,-6.86,,-2.856533333333333,-2.7199999999999998
2.4,3.43,F,F,-6.86,,-2.92,-2.8
2.44,3.43,F,F,-6.86,,-2.9845333333333333,-2.88
2.48,3.43,F,F,-6.86,,-3.0501333333333336,-2.96
2.52,3.43,F,F,-6.86,,-3.1168,-3.04
2.56,3.43,F,F,-6.86,,-3.1845333333333334,-3.12
2.6,3.43,F,F,-6.86,,-3.2533333333333334,-3.2
2.64,3.43,F,F,-6.86,,-3.3232000000000004,-3.2800000000000002
2.68,3.43,F,F,-6.86,,-3.394133333333334,-3.3600000000000003
2.72,3.43,F,F,-6.86,,-3.466133333333334,-3.4400000000000004
2.76,3.43,F,F,-6.86,,-3.5391999999999997,-3.5199999999999996
2.8,3.43,F,F,-6.86,,-3.613333333333333,-3.5999999999999996
2.84,3.43,F,F,-6.86,,-3.6885333333333334,-3.6799999999999997
2.88,3.43,F,F,-6.86,,-3.7647999999999997,-3.76
2.92,3.43,F,F,-6.86,,-3.842133333333333,-3.84
2.96,3.43,F,F,-6.86,,-3.920533333333333,-3.92
3.0,3.43,F,F,-6.86,,-4.0,-4.0
3.04,3.43,F,F,-6.86,,,-4.08
3.08,3.43,F,F,-6.86,,,-4.16
3.12,3.43,F,F,-6.86,,,-4.24
3.16,3.43,F,F,-6.86,,,-4.32
3.2,3.43,F,F,-6.86,,,-4.4
3.24,3.43,F,F,-6.86,,,-4.48
3.28,3.43,F,F,-6.86,,,-4.56
3.32,3.43,F,F,-6.86,,,-4.64
3.36,3.43,F,F,-6.86,,,-4.72
3.4,3.43,F,F,-6.86,,,-4.8
3.44,3.43,F,F,-6.86,,,-4.88
3.48,3.43,F,F,-6.86,,,-4.96
3.52,3.43,F,F,-6.86,,,-5.04
3.56,3.43,F,F,-6.86,,,-5.12
3.6,3.43,F,F,-6.86,,,-5.2
3.64,3.43,F,F,-6.86,,,-5.28
3.68,3.43,F,F,-6.86,,,-5.36
3.72,3.43,F,F,-6.86,,,-5.44
3.76,3.43,F,F,-6.86,,,-5.52
3.8,3.43,F,F,-6.86,,,-5.6
3.84,3.43,F,F,-6.86,,,-5.68
3.88,3.43,F,F,-6.86,,,-5.76
3.92,3.43,F,F,-6.86,,,-5.84
3.96,3.43,F,F,-6.86,,,-5.92
4.0,3.43,F,F,-6.86,,,-6.0
0.0,3.465,F,F,-6.93,,-1.0,2.0
0.04,3.465,F,F,-6.93,,-1.0005333333333333,1.92
0.08,3.465,F,F,-6.93,,-1.0021333333333333,1.84
0.12,3.465,F,F,-6.93,,-1.0048,1.76
0.16,3.465,F,F,-6.93,,-1.0085333333333333,1.68
0.2,3.465,F,F,-6.93,,-1.0133333333333334,1.6
0.24,3.465,F,F,-6.93,,-1.0192,1.52
0.28,3.465,F,F,-6.93,,-1.0261333333333333,1.44
0.32,3.465,F,F,-6.93,,-1.0341333333333333,1.3599999999999999
0.36,3.465,F,F,-6.93,,-1.0432,1.28
0.4,3.465,F,F,-6.93,,-1.0533333333333332,1.2
0.44,3.465,F,F,-6.93,,-1.0645333333333333,1.12
0.48,3.465,F,F,-6.93,,-1.0768,1.04
0.52,3.465,F,F,-6.93,,-1.0901333333333334,0.96
0.56,3.465,F,F,-6.93,,-1.1045333333333334,0.8799999999999999
0.6,3.465,F,F,-6.93,,-1.12,0.8
0.64,3.465,F,F,-6.93,,-1.1365333333333334,0.72
0.68,3.465,F,F,-6.93,,-1.1541333333333335,0.6399999999999999
0.72,3.465,F,F,-6.93,,-1.1728,0.56
0.76,3.465,F,F,-6.93,,-1.1925333333333334,0.48
0.8,3.465,F,F,-6.93,,-1.2133333333333334,0.3999999999999999
0.84,3.465,F,F,-6.93,,-1.2351999999999999,0.32000000000000006
0.88,3.465,F,F,-6.93,,-1.2581333333333333,0.24
0.92,3.465,F,F,-6.93,,-1.2821333333333333,0.15999999999999992
0.96,3.465,F,F,-6.93,,-1.3072,0.08000000000000007
1.0,3.465,F,F,-6.93,,-1.3333333333333333,0.0
1.04,3.465,F,F,-6.93,,-1.3605333333333334,-0.08000000000000007
1.08,3.465,F,F,-6.93,,-1.3888,-0.16000000000000014
1.12,3.465,F,F,-6.93,,-1.4181333333333335,-0.2400000000000002
1.16,3.465,F,F,-6.93,,-1.4485333333333332,-0.31999999999999984
1.2,3.465,F,F,-6.93,,-1.48,-0.3999999999999999
1.24,3.465,F,F,-6.93,,-1.5125333333333333,-0.48
1.28,3.465,F,F,-6.93,,-1.5461333333333334,-0.56
1.32,3.465,F,F,-6.93,,-1.5808,-0.6400000000000001
1.36,3.465,F,F,-6.93,,-1.6165333333333334,-0.7200000000000002
1.4,3.465,F,F,-6.93,,-1.6533333333333333,-0.7999999999999998
1.44,3.465,F,F,-6.93,,-1.6911999999999998,-0.8799999999999999
1.48,3.465,F,F,-6.93,,-1.7301333333333333,-0.96
1.52,3.465,F,F,-6.93,,-1.7701333333333333,-1.04
1.56,3.465,F,F,-6.93,,-1.8112,-1.12
1.6,3.465,F,F,-6.93,,-1.8533333333333335,-1.2000000000000002
1.64,3.465,F,F,-6.93,,-1.8965333333333332,-1.2799999999999998
1.68,3.465,F,F,-6.93,,-1.9407999999999999,-1.3599999999999999
1.72,3.465,F,F,-6.93,,-1.986133333333333,-1.44
1.76,3.465,F,F,-6.93,,-2.0325333333333333,-1.52
1.8,3.465,F,F,-6.93,,-2.08,-1.6
1.84,3.465,F,F,-6.93,,-2.1285333333333334,-1.6800000000000002
1.88,3.465,F,F,-6.93,,-2.1781333333333333,-1.7599999999999998
1.92,3.465,F,F,-6.93,,-2.2287999999999997,-1.8399999999999999
1.96,3.465,F,F,-6.93,,-2.2805333333333335,-1.92
2.0,3.465,F,F,-6.93,,-2.333333333333333,-2.0
2.04,3.465,F,F,-6.93,,-2.3872,-2.08
2.08,3.465,F,F,-6.93,,-2.4421333333333335,-2.16
2.12,3.465,F,F,-6.93,,-2.4981333333333335,-2.24
2.16,3.465,F,F,-6.93,,-2.5552,-2.3200000000000003
2.2,3.465,F,F,-6.93,,-2.6133333333333333,-2.4000000000000004
2.24,3.465,F,F,-6.93,,-2.672533333333334,-2.4800000000000004
2.28,3.465,F,F,-6.93,,-2.7328,-2.5599999999999996
2.32,3.465,F,F,-6.93,,-2.794133333333333,-2.6399999999999997
2.36,3.465,F,F,-6.93,,-2.856533333333333,-2.7199999999999998
2.4,3.465,F,F,-6.93,,-2.92,-2.8
2.44,3.465,F,F,-6.93,,-2.9845333333333333,-2.88
2.48,3.465,F,F,-6.93,,-3.0501333333333336,-2.96
2.52,3.465,F,F,-6.93,,-3.1168,-3.04
2.56,3.465,F,F,-6.93,,-3.1845333333333334,-3.12
2.6,3.465,F,F,-6.93,,-3.2533333333333334,-3.2
2.64,3.465,F,F,-6.93,,-3.3232000000000004,-3.2800000000000002
2.68,3.465,F,F,-6.93,,-3.394133333333334,-3.3600000000000003
2.72,3.465,F,F,-6.93,,-3.466133333333334,-3.4400000000000004
2.76,3.465,F,F,-6.93,,-3.5391999999999997,-3.5199999999999996
2.8,3.465,F,F,-6.93,,-3.613333333333333,-3.5999999999999996
2.84,3.465,F,F,-6.93,,-3.6885333333333334,-3.6799999999999997
2.88,3.465,F,F,-6.93,,-3.7647999999999997,-3.76
2.92,3.465,F,F,-6.93,,-3.842133333333333,-3.84
2.96,3.465,F,F,-6.93,,-3.920533333333333,-3.92
3.0,3.465,F,F,-6.93,,-4.0,-4.0
3.04,3.465,F,F,-6.93,,,-4.08
3.08,3.465,F,F,-6.93,,,-4.16
3.12,3.465,F,F,-6.93,,,-4.24
3.16,3.465,F,F,-6.93,,,-4.32
3.2,3.465,F,F,-6.93,,,-4.4
3.24,3.465,F,F,-6.93,,,-4.48
3.28,3.465,F,F,-6.93,,,-4.56
3.32,3.465,F,F,-6.93,,,-4.64
3.36,3.465,F,F,-6.93,,,-4.72
3.4,3.465,F,F,-6.93,,,-4.8
3.44,3.465,F,F,-6.93,,,-4.88
3.48,3.465,F,F,-6.93,,,-4.96
3.52,3.465,F,F,-6.93,,,-5.04
3.56,3.465,F,F,-6.93,,,-5.12
3.6,3.465,F,F,-6.93,,,-5.2
3.64,3.465,F,F,-6.93,,,-5.28
3.68,3.465,F,F,-6.93,,,-5.36
3.72,3.465,F,F,-6.93,,,-5.44
3.76,3.465,F,F,-6.93,,,-5.52
3.8,3.465,F,F,-6.93,,,-5.6
3.84,3.465,F,F,-6.93,,,-5.68
3.88,3.465,F,F,-6.93,,,-5.76
3.92,3.465,F,F,-6.93,,,-5.84
3.96,3.465,F,F,-6.93,,,-5.92
4.0,3.465,F,F,-6.93,,,-6.0
0.0,3.5,F,F,-7.0,,-1.0,2.0
0.04,3.5,F,F,-7.0,,-1.0005333333333333,1.92
0.08,3.5,F,F,-7.0,,-1.0021333333333333,1.84
0.12,3.5,F,F,-7.0,,-1.0048,1.76
0.16,3.5,F,F,-7.0,,-1.0085333333333333,1.68
0.2,3.5,F,F,-7.0,,-1.0133333333333334,1.6
0.24,3.5,F,F,-7.0,,-1.0192,1.52
0.28,3.5,F,F,-7.0,,-1.0261333333333333,1.44
0.32,3.5,F,F,-7.0,,-1.0341333333333333,1.3599999999999999
0.36,3.5,F,F,-7.0,,-1.0432,1.28
0.4,3.5,F,F,-7.0,,-1.0533333333333332,1.2
0.44,3.5,F,F,-7.0,,-1.0645333333333333,1.12
0.48,3.5,F,F,-7.0,,-1.0768,1.04
0.52,3.5,F,F,-7.0,,-1.0901333333333334,0.96
0.56,3.5,F,F,-7.0,,-1.1045333333333334,0.8799999999999999
0.6,3.5,F,F,-7.0,,-1.12,0.8
0.64,3.5,F,F,-7.0,,-1.1365333333333334,0.72
0.68,3.5,F,F,-7.0,,-1.1541333333333335,0.6399999999999999
0.72,3.5,F,F,-7.0,,-1.1728,0.56
0.76,3.5,F,F,-7.0,,-1.1925333333333334,0.48
0.8,3.5,F,F,-7.0,,-1.2133333333333334,0.3999999999999999
0.84,3.5,F,F,-7.0,,-1.2351999999999999,0.32000000000000006
0.88,3.5,F,F,-7.0,,-1.2581333333333333,0.24
0.92,3.5,F,F,-7.0,,-1.2821333333333333,0.15999999999999992
0.96,3.5,F,F,-7.0,,-1.3072,0.08000000000000007
1.0,3.5,F,F,-7.0,,-1.3333333333333333,0.0
1.04,3.5,F,F,-7.0,,-1.3605333333333334,-0.08000000000000007
1.08,3.5,F,F,-7.0,,-1.3888,-0.16000000000000014
1.12,3.5,F,F,-7.0,,-1.4181333333333335,-0.2400000000000002
1.16,3.5,F,F,-7.0,,-1.4485333333333332,-0.31999999999999984
1.2,3.5,F,F,-7.0,,-1.48,-0.3999999999999999
1.24,3.5,F,F,-7.0,,-1.5125333333333333,-0.48
1.28,3.5,F,F,-7.0,,-1.5461333333333334,-0.56
1.32,3.5,F,F,-7.0,,-1.5808,-0.6400000000000001
1.36,3.5,F,F,-7.0,,-1.6165333333333334,-0.7200000000000002
1.4,3.5,F,F,-7.0,,-1.6533333333333333,-0.7999999999999998
1.44,3.5,F,F,-7.0,,-1.6911999999999998,-0.8799999999999999
1.48,3.5,F,F,-7.0,,-1.7301333333333333,-0.96
1.52,3.5,F,F,-7.0,,-1.7701333333333333,-1.04
1.56,3.5,F,F,-7.0,,-1.8112,-1.12
1.6,3.5,F,F,-7.0,,-1.8533333333333335,-1.2000000000000002
1.64,3.5,F,F,-7.0,,-1.8965333333333332,-1.2799999999999998
1.68,3.5,F,F,-7.0,,-1.9407999999999999,-1.3599999999999999
1.72,3.5,F,F,-7.0,,-1.986133333333333,-1.44
1.76,3.5,F,F,-7.0,,-2.0325333333333333,-1.52
1.8,3.5,F,F,-7.0,,-2.08,-1.6
1.84,3.5,F,F,-7.0,,-2.1285333333333334,-1.6800000000000002
1.88,3.5,F,F,-7.0,,-2.1781333333333333,-1.7599999999999998
1.92,3.5,F,F,-7.0,,-2.2287999999999997,-1.8399999999999999
1.96,3.5,F,F,-7.0,,-2.2805333333333335,-1.92
2.0,3.5,F,F,-7.0,,-2.333333333333333,-2.0
2.04,3.5,F,F,-7.0,,-2.3872,-2.08
2.08,3.5,F,F,-7.0,,-2.4421333333333335,-2.16
2.12,3.5,F,F,-7.0,,-2.4981333333333335,-2.24
2.16,3.5,F,F,-7.0,,-2.5552,-2.3200000000000003
2.2,3.5,F,F,-7.0,,-2.6133333333333333,-2.4000000000000004
2.24,3.5,F,F,-7.0,,-2.672533333333334,-2.4800000000000004
2.28,3.5,F,F,-7.0,,-2.7328,-2.5599999999999996
2.32,3.5,F,F,-7.0,,-2.794133333333333,-2.6399999999999997
2.36,3.5,F,F,-7.0,,-2.856533333333333,-2.7199999999999998
2.4,3.5,F,F,-7.0,,-2.92,-2.8
2.44,3.5,F,F,-7.0,,-2.9845333333333333,-2.88
2.48,3.5,F,F,-7.0,,-3.0501333333333336,-2.96
2.52,3.5,F,F,-7.0,,-3.1168,-3.04
2.56,3.5,F,F,-7.0,,-3.1845333333333334,-3.12
2.6,3.5,F,F,-7.0,,-3.2533333333333334,-3.2
2.64,3.5,F,F,-7.0,,-3.3232000000000004,-3.2800000000000002
2.68,3.5,F,F,-7.0,,-3.394133333333334,-3.3600000000000003
2.72,3.5,F,F,-7.0,,-3.466133333333334,-3.4400000000000004
2.76,3.5,F,F,-7.0,,-3.5391999999999997,-3.5199999999999996
2.8,3.5,F,F,-7.0,,-3.613333333333333,-3.5999999999999996
2.84,3.5,F,F,-7.0,,-3.6885333333333334,-3.6799999999999997
2.88,3.5,F,F,-7.0,,-3.7647999999999997,-3.76
2.92,3.5,F,F,-7.0,,-3.842133333333333,-3.84
2.96,3.5,F,F,-7.0,,-3.920533333333333,-3.92
3.0,3.5,F,F,-7.0,,-4.0,-4.0
3.04,3.5,F,F,-7.0,,,-4.08
3.08,3.5,F,F,-7.0,,,-4.16
3.12,3.5,F,F,-7.0,,,-4.24
3.16,3.5,F,F,-7.0,,,-4.32
3.2,3.5,F,F,-7.0,,,-4.4
3.24,3.5,F,F,-7.0,,,-4.48
3.28,3.5,F,F,-7.0,,,-4.56
3.32,3.5,F,F,-7.0,,,-4.64
3.36,3.5,F,F,-7.0,,,-4.72
3.4,3.5,F,F,-7.0,,,-4.8
3.44,3.5,F,F,-7.0,,,-4.88
3.48,3.5,F,F,-7.0,,,-4.96
3.52,3.5,F,F,-7.0,,,-5.04
3.56,3.5,F,F,-7.0,,,-5.12
3.6,3.5,F,F,-7.0,,,-5.2
3.64,3.5,F,F,-7.0,,,-5.28
3.68,3.5,F,F,-7.0,,,-5.36
3.72,3.5,F,F,-7.0,,,-5.44
3.76,3.5,F,F,-7.0,,,-5.52
3.8,3.5,F,F,-7.0,,,-5.6
3.84,3.5,F,F,-7.0,,,-5.68
3.88,3.5,F,F,-7.0,,,-5.76
3.92,3.5,F,F,-7.0,,,-5.84
3.96,3.5,F,F,-7.0,,,-5.92
4.0,3.5,F,F,-7.0,,,-6.0
